#
# There is insufficient memory for the Java Runtime Environment to continue.
# Native memory allocation (malloc) failed to allocate 32744 bytes. Error detail: Chunk::new
# Possible reasons:
#   The system is out of physical RAM or swap space
#   This process is running with CompressedOops enabled, and the Java Heap may be blocking the growth of the native heap
# Possible solutions:
#   Reduce memory load on the system
#   Increase physical memory or swap space
#   Check if swap backing store is full
#   Decrease Java heap size (-Xmx/-Xms)
#   Decrease number of Java threads
#   Decrease Java thread stack sizes (-Xss)
#   Set larger code cache with -XX:ReservedCodeCacheSize=
#   JVM is running with Unscaled Compressed Oops mode in which the Java heap is
#     placed in the first 4GB address space. The Java Heap base address is the
#     maximum limit for the native heap growth. Please use -XX:HeapBaseMinAddress
#     to set the Java Heap base and to place the Java Heap above 4GB virtual address.
# This output file may be truncated or incomplete.
#
#  Out of Memory Error (arena.cpp:168), pid=17828, tid=17212
#
# JRE version: OpenJDK Runtime Environment Temurin-21.0.12.1+1 (21.0.12.1+1) (build 21.0.12.1+1-LTS)
# Java VM: OpenJDK 64-Bit Server VM Temurin-21.0.12.1+1 (21.0.12.1+1-LTS, mixed mode, sharing, tiered, compressed oops, compressed class ptrs, parallel gc, windows-amd64)
# No core dump will be written. Minidumps are not enabled by default on client versions of Windows
#

---------------  S U M M A R Y ------------

Command Line: --add-modules=ALL-SYSTEM --add-opens=java.base/java.util=ALL-UNNAMED --add-opens=java.base/java.lang=ALL-UNNAMED --add-opens=java.base/sun.nio.fs=ALL-UNNAMED -Declipse.application=org.eclipse.jdt.ls.core.id1 -Dosgi.bundles.defaultStartLevel=4 -Declipse.product=org.eclipse.jdt.ls.core.product -Djava.import.generatesMetadataFilesAtProjectRoot=false -Dm2e.project.cache.size=50 -DDetectVMInstallationsJob.disabled=true -Dfile.encoding=utf8 -XX:+UseParallelGC -XX:GCTimeRatio=4 -XX:AdaptiveSizePolicyWeight=90 -Dsun.zip.disableMemoryMapping=true -Xmx2G -Xms100m -Xlog:disable -javaagent:c:\Users\welcome\.vscode\extensions\redhat.java-1.56.0-win32-x64\lombok\lombok-1.18.39-4050.jar -XX:+HeapDumpOnOutOfMemoryError -XX:HeapDumpPath=c:\Users\welcome\AppData\Roaming\Code\User\workspaceStorage\438089d090c8572c52f170013986077f\redhat.java -Daether.dependencyCollector.impl=bf c:\Users\welcome\.vscode\extensions\redhat.java-1.56.0-win32-x64\server\plugins\org.eclipse.equinox.launcher_1.8.0.v20260804-1928.jar -configuration c:\Users\welcome\AppData\Roaming\Code\User\globalStorage\redhat.java\1.56.0\config_win -data c:\Users\welcome\AppData\Roaming\Code\User\workspaceStorage\438089d090c8572c52f170013986077f\redhat.java\jdt_ws --stdio

Host: Intel(R) Core(TM) i3-7100U CPU @ 2.40GHz, 4 cores, 3G,  Windows 10 , 64 bit Build 19041 (10.0.19041.7725)
Time: Tue Sep 29 10:04:24 2026 India Standard Time elapsed time: 26.416026 seconds (0d 0h 0m 26s)

---------------  T H R E A D  ---------------

Current thread (0x000001d57c8a1800):  JavaThread "Worker-0: Updating Maven Dependencies"        [_thread_in_vm, id=17212, stack(0x000000a1d7000000,0x000000a1d7100000) (1024K)]

Stack: [0x000000a1d7000000,0x000000a1d7100000]
Native frames: (J=compiled Java code, j=interpreted, Vv=VM code, C=native code)
V  [jvm.dll+0x6d83e9]
V  [jvm.dll+0x8b5736]
V  [jvm.dll+0x8b7cee]
V  [jvm.dll+0x8b83d3]
V  [jvm.dll+0x284596]
V  [jvm.dll+0xc685d]
V  [jvm.dll+0xc6da1]
V  [jvm.dll+0x8a523d]
V  [jvm.dll+0x8a8b00]
V  [jvm.dll+0x8a1fc6]
V  [jvm.dll+0x3ccb68]
V  [jvm.dll+0x483c2b]
C  0x000001d507ce4a8a

The last pc belongs to native nmethod (printed below).
Java frames: (J=compiled Java code, j=interpreted, Vv=VM code)
J 4637  java.lang.Class.getDeclaredFields0(Z)[Ljava/lang/reflect/Field; java.base@21.0.12.1 (0 bytes) @ 0x000001d507ce49f3 [0x000001d507ce49a0+0x0000000000000053]
J 4476 c1 java.lang.Class.privateGetDeclaredFields(Z)[Ljava/lang/reflect/Field; java.base@21.0.12.1 (64 bytes) @ 0x000001d50096753c [0x000001d5009673c0+0x000000000000017c]
J 4493 c1 java.lang.Class.getDeclaredFields()[Ljava/lang/reflect/Field; java.base@21.0.12.1 (27 bytes) @ 0x000001d500973094 [0x000001d500972f60+0x0000000000000134]
J 4705 c1 com.google.inject.internal.DeclaredMembers.getDeclaredFields(Ljava/lang/Class;)[Ljava/lang/reflect/Field; (52 bytes) @ 0x000001d50004d7ac [0x000001d50004d760+0x000000000000004c]
J 4591 c1 com.google.inject.spi.InjectionPoint.getInjectionPoints(Lcom/google/inject/TypeLiteral;ZLcom/google/inject/internal/Errors;)Ljava/util/Set; (489 bytes) @ 0x000001d5009b5eac [0x000001d5009b5cc0+0x00000000000001ec]
J 4700 c1 com.google.inject.spi.InjectionPoint.forInstanceMethodsAndFields(Lcom/google/inject/TypeLiteral;)Ljava/util/Set; (40 bytes) @ 0x000001d500006bfc [0x000001d500006b00+0x00000000000000fc]
J 4855 c1 org.eclipse.sisu.wire.DependencyAnalyzer.analyzeImplementation(Lcom/google/inject/TypeLiteral;Z)Ljava/lang/Boolean; (110 bytes) @ 0x000001d500434ddc [0x000001d500434b60+0x000000000000027c]
j  org.eclipse.sisu.wire.DependencyAnalyzer.visit(Lcom/google/inject/spi/UntargettedBinding;)Ljava/lang/Boolean;+11
j  org.eclipse.sisu.wire.DependencyAnalyzer.visit(Lcom/google/inject/spi/UntargettedBinding;)Ljava/lang/Object;+2
j  com.google.inject.internal.UntargettedBindingImpl.acceptTargetVisitor(Lcom/google/inject/spi/BindingTargetVisitor;)Ljava/lang/Object;+2
j  org.eclipse.sisu.wire.ElementAnalyzer.visit(Lcom/google/inject/Binding;)Ljava/lang/Void;+43
J 4836 c1 org.eclipse.sisu.wire.ElementAnalyzer.visit(Lcom/google/inject/Binding;)Ljava/lang/Object; (6 bytes) @ 0x000001d50009a5a4 [0x000001d50009a540+0x0000000000000064]
J 4835 c1 com.google.inject.internal.BindingImpl.acceptVisitor(Lcom/google/inject/spi/ElementVisitor;)Ljava/lang/Object; (8 bytes) @ 0x000001d5006c4b3c [0x000001d5006c4ac0+0x000000000000007c]
j  org.eclipse.sisu.wire.WireModule.configure(Lcom/google/inject/Binder;)V+45
j  com.google.inject.spi.Elements$RecordingBinder.install(Lcom/google/inject/Module;)V+209
j  com.google.inject.spi.Elements.getElements(Lcom/google/inject/Stage;Ljava/lang/Iterable;)Ljava/util/List;+40
j  com.google.inject.internal.InjectorShell$Builder.build(Lcom/google/inject/internal/Initializer;Lcom/google/inject/internal/ProcessedBindingData;Lcom/google/inject/internal/util/ContinuousStopwatch;Lcom/google/inject/internal/Errors;)Ljava/util/List;+163
j  com.google.inject.internal.InternalInjectorCreator.build()Lcom/google/inject/Injector;+48
j  com.google.inject.Guice.createInjector(Lcom/google/inject/Stage;Ljava/lang/Iterable;)Lcom/google/inject/Injector;+15
j  com.google.inject.Guice.createInjector(Ljava/lang/Iterable;)Lcom/google/inject/Injector;+4
j  com.google.inject.Guice.createInjector([Lcom/google/inject/Module;)Lcom/google/inject/Injector;+4
j  org.codehaus.plexus.DefaultPlexusContainer.addPlexusInjector(Ljava/util/List;[Lcom/google/inject/Module;)Lcom/google/inject/Injector;+88
j  org.codehaus.plexus.DefaultPlexusContainer.<init>(Lorg/codehaus/plexus/ContainerConfiguration;[Lcom/google/inject/Module;)V+414
j  org.eclipse.m2e.core.internal.embedder.PlexusContainerManager.newPlexusContainer(Ljava/io/File;Lorg/codehaus/plexus/logging/LoggerManager;Lorg/eclipse/m2e/core/embedder/IMavenConfiguration;)Lorg/eclipse/m2e/core/internal/embedder/IMavenPlexusContainer;+248
j  org.eclipse.m2e.core.internal.embedder.PlexusContainerManager.aquire()Lorg/eclipse/m2e/core/internal/embedder/IMavenPlexusContainer;+28
j  org.eclipse.m2e.core.internal.embedder.MavenImpl.getPlexusContainer()Lorg/codehaus/plexus/PlexusContainer;+4
j  org.eclipse.m2e.core.internal.embedder.MavenImpl.lookup(Ljava/lang/Class;)Ljava/lang/Object;+40
j  org.eclipse.m2e.core.internal.embedder.MavenImpl$MavenSettings.getSettings()Lorg/apache/maven/settings/Settings;+220
j  org.eclipse.m2e.core.internal.embedder.MavenImpl.getSettings(Lorg/eclipse/m2e/core/embedder/MavenSettingsLocations;)Lorg/apache/maven/settings/Settings;+21
j  org.eclipse.m2e.core.internal.embedder.MavenExecutionContext.createExecutionRequest(Lorg/eclipse/m2e/core/embedder/IMavenConfiguration;Lorg/eclipse/m2e/core/embedder/IComponentLookup;Lorg/eclipse/m2e/core/embedder/MavenSettingsLocations;Ljava/io/File;)Lorg/apache/maven/execution/MavenExecutionRequest;+13
j  org.eclipse.m2e.core.internal.embedder.MavenExecutionContext.newExecutionRequest()Lorg/apache/maven/execution/MavenExecutionRequest;+153
j  org.eclipse.m2e.core.internal.embedder.MavenExecutionContext.execute(Lorg/apache/maven/project/MavenProject;Lorg/eclipse/m2e/core/embedder/ICallable;Lorg/eclipse/core/runtime/IProgressMonitor;)Ljava/lang/Object;+131
j  org.eclipse.m2e.core.internal.embedder.MavenExecutionContext.execute(Lorg/eclipse/m2e/core/embedder/ICallable;Lorg/eclipse/core/runtime/IProgressMonitor;)Ljava/lang/Object;+4
j  org.eclipse.m2e.core.internal.project.registry.ProjectRegistryRefreshJob.run(Lorg/eclipse/core/runtime/IProgressMonitor;)Lorg/eclipse/core/runtime/IStatus;+80
j  org.eclipse.core.internal.jobs.Worker.run()V+32
v  ~StubRoutines::call_stub 0x000001d50753100d

Compiled method (n/a) 26472 4637     n 0       java.lang.Class::getDeclaredFields0 (native)
 total in heap  [0x000001d507ce4810,0x000001d507ce4bf8] = 1000
 relocation     [0x000001d507ce4970,0x000001d507ce49a0] = 48
 main code      [0x000001d507ce49a0,0x000001d507ce4bf4] = 596
 stub code      [0x000001d507ce4bf4,0x000001d507ce4bf8] = 4

[Constant Pool (empty)]

[MachCode]
[Entry Point]
  # {method} {0x000001d50f467978} 'getDeclaredFields0' '(Z)[Ljava/lang/reflect/Field;' in 'java/lang/Class'
  # this:     rdx:rdx   = 'java/lang/Class'
  # parm0:    r8        = boolean
  #           [sp+0x70]  (sp of caller)
  0x000001d507ce49a0: 448b 5208 | 49bb 0000 | 000f d501 | 0000 4d03 | d349 3bc2 | 0f84 0600 

  0x000001d507ce49b8: ;   {runtime_call ic_miss_stub}
  0x000001d507ce49b8: 0000 e9c1 | 9a89 ff90 
[Verified Entry Point]
  0x000001d507ce49c0: 8984 2400 | 80ff ff55 | 488b ec48 | 83ec 6090 | 4181 7f20 | 0300 0000 

  0x000001d507ce49d8: ;   {runtime_call StubRoutines (final stubs)}
  0x000001d507ce49d8: 7405 e801 | 4088 ff48 | 8954 2420 | 4883 fa00 | 488d 5424 | 2048 0f44 | 5424 20c5 

  0x000001d507ce49f4: ;   {internal_word}
  0x000001d507ce49f4: f877 49ba | f349 ce07 | d501 0000 | 4d89 97a8 | 0300 0049 | 89a7 a003 

  0x000001d507ce4a0c: ;   {external_word}
  0x000001d507ce4a0c: 0000 49ba | 066d d486 | ff7f 0000 | 4180 3a00 | 0f84 4a00 | 0000 5241 

  0x000001d507ce4a24: ;   {metadata({method} {0x000001d50f467978} 'getDeclaredFields0' '(Z)[Ljava/lang/reflect/Field;' in 'java/lang/Class')}
  0x000001d507ce4a24: 5048 ba70 | 7946 0fd5 | 0100 0049 | 8bcf 4883 | ec20 40f6 | c40f 0f84 | 1900 0000 | 4883 ec08 
  0x000001d507ce4a44: ;   {runtime_call}
  0x000001d507ce4a44: 48b8 e0ea | 7d86 ff7f | 0000 ffd0 | 4883 c408 | e90c 0000 

  0x000001d507ce4a58: ;   {runtime_call}
  0x000001d507ce4a58: 0048 b8e0 | ea7d 86ff | 7f00 00ff | d048 83c4 | 2041 585a | 498d 8fc0 | 0300 0041 | c787 4c04 
  0x000001d507ce4a78: 0000 0400 

  0x000001d507ce4a7c: ;   {runtime_call}
  0x000001d507ce4a7c: 0000 48b8 | afdc 06bd | ff7f 0000 | ffd0 c5f8 | 7741 c787 | 4c04 0000 | 0500 0000 | f083 4424 
  0x000001d507ce4a9c: c000 493b | af50 0400 | 000f 870e | 0000 0041 | 83bf 4804 | 0000 000f | 842b 0000 | 00c5 f877 
  0x000001d507ce4abc: 4889 45f8 | 498b cf4c | 8be4 4883 | ec20 4883 

  0x000001d507ce4acc: ;   {runtime_call}
  0x000001d507ce4acc: e4f0 48b8 | 0058 4986 | ff7f 0000 | ffd0 498b | e44d 33e4 | 488b 45f8 | 41c7 874c | 0400 0008 
  0x000001d507ce4aec: 0000 0041 | 83bf c804 | 0000 020f | 84ca 0000 

  0x000001d507ce4afc: ;   {external_word}
  0x000001d507ce4afc: 0049 ba06 | 6dd4 86ff | 7f00 0041 | 803a 000f | 844c 0000 | 0048 8945 

  0x000001d507ce4b14: ;   {metadata({method} {0x000001d50f467978} 'getDeclaredFields0' '(Z)[Ljava/lang/reflect/Field;' in 'java/lang/Class')}
  0x000001d507ce4b14: f848 ba70 | 7946 0fd5 | 0100 0049 | 8bcf 4883 | ec20 40f6 | c40f 0f84 | 1900 0000 | 4883 ec08 
  0x000001d507ce4b34: ;   {runtime_call}
  0x000001d507ce4b34: 48b8 e0ea | 7d86 ff7f | 0000 ffd0 | 4883 c408 | e90c 0000 

  0x000001d507ce4b48: ;   {runtime_call}
  0x000001d507ce4b48: 0048 b8e0 | ea7d 86ff | 7f00 00ff | d048 83c4 | 2048 8b45 | f849 c787 | a003 0000 | 0000 0000 
  0x000001d507ce4b68: 49c7 87a8 | 0300 0000 | 0000 00c5 | f877 4885 | c00f 8425 | 0000 00a8 | 030f 8508 | 0000 0048 
  0x000001d507ce4b88: 8b00 e915 | 0000 00a8 | 010f 8509 | 0000 0048 | 8b40 fee9 | 0400 0000 | 488b 40ff | 498b 8f30 
  0x000001d507ce4ba8: 0400 00c7 | 8100 0100 | 0000 0000 | 00c9 4983 | 7f08 000f | 8501 0000 

  0x000001d507ce4bc0: ;   {runtime_call StubRoutines (initial stubs)}
  0x000001d507ce4bc0: 00c3 e939 | c384 ffc5 | f877 4889 | 45f8 4c8b | e448 83ec | 2048 83e4 

  0x000001d507ce4bd8: ;   {runtime_call}
  0x000001d507ce4bd8: f048 b830 | 227e 86ff | 7f00 00ff | d049 8be4 | 4d33 e448 | 8b45 f8e9 | 09ff ffff 
[Stub Code]
  0x000001d507ce4bf4: f4f4 f4f4 
[/MachCode]


Compiled method (c1) 26488 4476       3       java.lang.Class::privateGetDeclaredFields (64 bytes)
 total in heap  [0x000001d500967190,0x000001d500967cc0] = 2864
 relocation     [0x000001d5009672f0,0x000001d5009673b0] = 192
 main code      [0x000001d5009673c0,0x000001d500967a78] = 1720
 stub code      [0x000001d500967a78,0x000001d500967af0] = 120
 metadata       [0x000001d500967af0,0x000001d500967b00] = 16
 scopes data    [0x000001d500967b00,0x000001d500967b98] = 152
 scopes pcs     [0x000001d500967b98,0x000001d500967c88] = 240
 dependencies   [0x000001d500967c88,0x000001d500967c90] = 8
 nul chk table  [0x000001d500967c90,0x000001d500967cc0] = 48

[Constant Pool (empty)]

[MachCode]
[Entry Point]
  # {method} {0x000001d50f467e88} 'privateGetDeclaredFields' '(Z)[Ljava/lang/reflect/Field;' in 'java/lang/Class'
  # this:     rdx:rdx   = 'java/lang/Class'
  # parm0:    r8        = boolean
  #           [sp+0x80]  (sp of caller)
  0x000001d5009673c0: 448b 5208 | 49bb 0000 | 000f d501 | 0000 4d03 | d34c 3bd0 

  0x000001d5009673d4: ;   {runtime_call ic_miss_stub}
  0x000001d5009673d4: 0f85 a670 | c106 660f | 1f44 0000 
[Verified Entry Point]
  0x000001d5009673e0: 8984 2400 | 80ff ff55 | 4883 ec70 | 4181 7f20 | 0300 0000 

  0x000001d5009673f4: ;   {runtime_call StubRoutines (final stubs)}
  0x000001d5009673f4: 7405 e8e5 | 15c0 0644 | 8944 2440 

  0x000001d500967400: ;   {metadata(method data for {method} {0x000001d50f467e88} 'privateGetDeclaredFields' '(Z)[Ljava/lang/reflect/Field;' in 'java/lang/Class')}
  0x000001d500967400: 48be 900f | 9a79 d501 | 0000 8bbe | cc00 0000 | 83c7 0289 | becc 0000 | 0081 e7fe | 0700 0085 
  0x000001d500967420: ff0f 8475 | 0500 0048 

  0x000001d500967428: ;   {metadata(method data for {method} {0x000001d50f467e88} 'privateGetDeclaredFields' '(Z)[Ljava/lang/reflect/Field;' in 'java/lang/Class')}
  0x000001d500967428: 8bf2 48bf | 900f 9a79 | d501 0000 | 4883 8710 | 0100 0001 | 488b f248 | 8bd6 4889 

  0x000001d500967444: ;   {optimized virtual_call}
  0x000001d500967444: 7424 48e8 

  0x000001d500967448: ; ImmutableOopMap {[72]=Oop }
                      ;*invokevirtual reflectionData {reexecute=0 rethrow=0 return_oop=0}
                      ; - java.lang.Class::privateGetDeclaredFields@1
  0x000001d500967448: b42c cdff 

  0x000001d50096744c: ;   {other}
  0x000001d50096744c: 0f1f 8400 | bc02 0000 

  0x000001d500967454: ;   {metadata(method data for {method} {0x000001d50f467e88} 'privateGetDeclaredFields' '(Z)[Ljava/lang/reflect/Field;' in 'java/lang/Class')}
  0x000001d500967454: 4885 c049 | b890 0f9a | 79d5 0100 | 0048 c7c2 | 5801 0000 | 7507 48c7 | c248 0100 | 0049 8b34 
  0x000001d500967474: 1048 8d76 | 0149 8934 | 100f 850f | 0000 0048 | 8944 2450 | 448b 4424 | 40e9 8300 | 0000 448b 
  0x000001d500967494: 4424 4045 

  0x000001d500967498: ;   {metadata(method data for {method} {0x000001d50f467e88} 'privateGetDeclaredFields' '(Z)[Ljava/lang/reflect/Field;' in 'java/lang/Class')}
  0x000001d500967498: 85c0 48ba | 900f 9a79 | d501 0000 | 48c7 c668 | 0100 0074 | 0748 c7c6 | 7801 0000 | 488b 3c32 
  0x000001d5009674b8: 488d 7f01 | 4889 3c32 | 0f84 1800 | 0000 8b50 

  0x000001d5009674c8: ;   {metadata(method data for {method} {0x000001d50f467e88} 'privateGetDeclaredFields' '(Z)[Ljava/lang/reflect/Field;' in 'java/lang/Class')}
  0x000001d5009674c8: 2848 be90 | 0f9a 79d5 | 0100 00ff | 8688 0100 | 00e9 0300 | 0000 8b50 | 1048 85d2 

  0x000001d5009674e4: ;   {metadata(method data for {method} {0x000001d50f467e88} 'privateGetDeclaredFields' '(Z)[Ljava/lang/reflect/Field;' in 'java/lang/Class')}
  0x000001d5009674e4: 48be 900f | 9a79 d501 | 0000 48c7 | c7b0 0100 | 0075 0748 | c7c7 a001 | 0000 488b | 1c3e 488d 
  0x000001d500967504: 5b01 4889 | 1c3e 0f85 | 7604 0000 | 4889 4424 | 5048 8b54 

  0x000001d500967518: ;   {metadata(method data for {method} {0x000001d50f467e88} 'privateGetDeclaredFields' '(Z)[Ljava/lang/reflect/Field;' in 'java/lang/Class')}
  0x000001d500967518: 2448 48be | 900f 9a79 | d501 0000 | 4883 86c0 | 0100 0001 | 498b f04c | 8bc6 488b 

  0x000001d500967534: ;   {optimized virtual_call}
  0x000001d500967534: 5424 48e8 

  0x000001d500967538: ; ImmutableOopMap {[72]=Oop [80]=Oop }
                      ;*invokevirtual getDeclaredFields0 {reexecute=0 rethrow=0 return_oop=0}
                      ; - java.lang.Class::privateGetDeclaredFields@34
  0x000001d500967538: 84d4 3707 

  0x000001d50096753c: ;   {other}
  0x000001d50096753c: 0f1f 8400 | ac03 0001 

  0x000001d500967544: ;   {metadata(method data for {method} {0x000001d50f467e88} 'privateGetDeclaredFields' '(Z)[Ljava/lang/reflect/Field;' in 'java/lang/Class')}
  0x000001d500967544: 49b8 900f | 9a79 d501 | 0000 4983 | 80f8 0100 

  0x000001d500967554: ;   {metadata(method data for {method} {0x000001d50f097f18} 'filterFields' '(Ljava/lang/Class;[Ljava/lang/reflect/Field;)[Ljava/lang/reflect/Field;' in 'jdk/internal/reflect/Reflection')}
  0x000001d500967554: 0001 49b8 | 3812 9a79 | d501 0000 | 418b 90cc | 0000 0083 | c202 4189 | 90cc 0000 | 0081 e2fe 
  0x000001d500967574: ff1f 0085 | d20f 8448 

  0x000001d50096757c: ;   {oop(a 'java/lang/Class'{0x0000000080619f18} = 'jdk/internal/reflect/Reflection')}
  0x000001d50096757c: 0400 0049 | b818 9f61 | 8000 0000 | 0045 8b40 | 704d 85c0 

  0x000001d500967590: ;   {metadata(method data for {method} {0x000001d50f097f18} 'filterFields' '(Ljava/lang/Class;[Ljava/lang/reflect/Field;)[Ljava/lang/reflect/Field;' in 'jdk/internal/reflect/Reflection')}
  0x000001d500967590: 49b8 3812 | 9a79 d501 | 0000 48c7 | c220 0100 | 0074 0748 | c7c2 1001 | 0000 498b | 3410 488d 
  0x000001d5009675b0: 7601 4989 | 3410 0f84 | e802 0000 | 4889 4424 | 5848 8b54 

  0x000001d5009675c4: ;   {oop(a 'java/lang/Class'{0x0000000080619f18} = 'jdk/internal/reflect/Reflection')}
  0x000001d5009675c4: 2448 49b8 | 189f 6180 | 0000 0000 | 418b 7070 

  0x000001d5009675d4: ; implicit exception: dispatches to 0x000001d5009679e8
  0x000001d5009675d4: 483b 064c 

  0x000001d5009675d8: ;   {metadata(method data for {method} {0x000001d50f097f18} 'filterFields' '(Ljava/lang/Class;[Ljava/lang/reflect/Field;)[Ljava/lang/reflect/Field;' in 'jdk/internal/reflect/Reflection')}
  0x000001d5009675d8: 8bc6 48bf | 3812 9a79 | d501 0000 | 458b 4008 | 49ba 0000 | 000f d501 | 0000 4d03 | c24c 3b87 
  0x000001d5009675f8: 4001 0000 | 750d 4883 | 8748 0100 | 0001 e960 | 0000 004c | 3b87 5001 | 0000 750d | 4883 8758 
  0x000001d500967618: 0100 0001 | e94a 0000 | 0048 83bf | 4001 0000 | 0075 174c | 8987 4001 | 0000 48c7 | 8748 0100 
  0x000001d500967638: 0001 0000 | 00e9 2900 | 0000 4883 | bf50 0100 | 0000 7517 | 4c89 8750 | 0100 0048 | c787 5801 
  0x000001d500967658: 0000 0100 | 0000 e908 | 0000 0048 | 8387 3001 | 0000 014c | 8bc2 488b | d60f 1f40 | 0048 b868 
  0x000001d500967678: a908 0fd5 

  0x000001d50096767c: ;   {virtual_call}
  0x000001d50096767c: 0100 00e8 

  0x000001d500967680: ; ImmutableOopMap {[80]=Oop [88]=Oop }
                      ;*invokeinterface get {reexecute=0 rethrow=0 return_oop=0}
                      ; - jdk.internal.reflect.Reflection::filterFields@13
                      ; - java.lang.Class::privateGetDeclaredFields@37
  0x000001d500967680: 5c46 2007 

  0x000001d500967684: ;   {other}
  0x000001d500967684: 0f1f 8400 | f404 0002 | 4885 c075 

  0x000001d500967690: ;   {metadata(method data for {method} {0x000001d50f097f18} 'filterFields' '(Ljava/lang/Class;[Ljava/lang/reflect/Field;)[Ljava/lang/reflect/Field;' in 'jdk/internal/reflect/Reflection')}
  0x000001d500967690: 1648 be38 | 129a 79d5 | 0100 0080 | 8e61 0100 | 0001 e9e7 

  0x000001d5009676a4: ;   {metadata('java/util/Set')}
  0x000001d5009676a4: 0000 0048 | bf80 0e01 | 0fd5 0100 | 008b 7008 | 49ba 0000 | 000f d501 | 0000 4903 | f248 3b7e 
  0x000001d5009676c4: 200f 841a | 0000 0048 | 3bf7 0f84 | 1100 0000 

  0x000001d5009676d4: ;   {runtime_call slow_subtype_check Runtime1 stub}
  0x000001d5009676d4: 5657 e8a5 | 7ccc 065e | 5e85 f60f | 848d 0000 

  0x000001d5009676e4: ;   {metadata(method data for {method} {0x000001d50f097f18} 'filterFields' '(Ljava/lang/Class;[Ljava/lang/reflect/Field;)[Ljava/lang/reflect/Field;' in 'jdk/internal/reflect/Reflection')}
  0x000001d5009676e4: 0048 be38 | 129a 79d5 | 0100 008b | 7808 49ba | 0000 000f | d501 0000 | 4903 fa48 | 3bbe 7801 
  0x000001d500967704: 0000 750d | 4883 8680 | 0100 0001 | e979 0000 | 0048 3bbe | 8801 0000 | 750d 4883 | 8690 0100 
  0x000001d500967724: 0001 e963 | 0000 0048 | 83be 7801 | 0000 0075 | 1748 89be | 7801 0000 | 48c7 8680 | 0100 0001 
  0x000001d500967744: 0000 00e9 | 4200 0000 | 4883 be88 | 0100 0000 | 7517 4889 | be88 0100 | 0048 c786 | 9001 0000 
  0x000001d500967764: 0100 0000 | e921 0000 | 00e9 1c00 

  0x000001d500967770: ;   {metadata(method data for {method} {0x000001d50f097f18} 'filterFields' '(Ljava/lang/Class;[Ljava/lang/reflect/Field;)[Ljava/lang/reflect/Field;' in 'jdk/internal/reflect/Reflection')}
  0x000001d500967770: 0000 48be | 3812 9a79 | d501 0000 | 4883 ae68 | 0100 0001 | e964 0200 | 00e9 0000 | 0000 4c8b 
  0x000001d500967790: ;   {metadata(method data for {method} {0x000001d50f097f18} 'filterFields' '(Ljava/lang/Class;[Ljava/lang/reflect/Field;)[Ljava/lang/reflect/Field;' in 'jdk/internal/reflect/Reflection')}
  0x000001d500967790: c048 ba38 | 129a 79d5 | 0100 0048 | 8382 a001 | 0000 0148 | 8b54 2458 | 0f1f 8000 

  0x000001d5009677ac: ;   {static_call}
  0x000001d5009677ac: 0000 00e8 

  0x000001d5009677b0: ; ImmutableOopMap {[80]=Oop }
                      ;*invokestatic filter {reexecute=0 rethrow=0 return_oop=0}
                      ; - jdk.internal.reflect.Reflection::filterFields@21
                      ; - java.lang.Class::privateGetDeclaredFields@37
  0x000001d5009677b0: 6cfd 0200 

  0x000001d5009677b4: ;   {other}
  0x000001d5009677b4: 0f1f 8400 | 2406 0003 | 4885 c075 

  0x000001d5009677c0: ;   {metadata(method data for {method} {0x000001d50f097f18} 'filterFields' '(Ljava/lang/Class;[Ljava/lang/reflect/Field;)[Ljava/lang/reflect/Field;' in 'jdk/internal/reflect/Reflection')}
  0x000001d5009677c0: 1648 bf38 | 129a 79d5 | 0100 0080 | 8fa9 0100 | 0001 e9cd 

  0x000001d5009677d4: ;   {metadata('java/lang/reflect/Field'[])}
  0x000001d5009677d4: 0000 0048 | bb48 d905 | 10d5 0100 | 008b 7808 | 49ba 0000 | 000f d501 | 0000 4903 | fa48 3b5f 
  0x000001d5009677f4: 480f 858d 

  0x000001d5009677f8: ;   {metadata(method data for {method} {0x000001d50f097f18} 'filterFields' '(Ljava/lang/Class;[Ljava/lang/reflect/Field;)[Ljava/lang/reflect/Field;' in 'jdk/internal/reflect/Reflection')}
  0x000001d5009677f8: 0000 0048 | bf38 129a | 79d5 0100 | 008b 5808 | 49ba 0000 | 000f d501 | 0000 4903 | da48 3b9f 
  0x000001d500967818: c001 0000 | 750d 4883 | 87c8 0100 | 0001 e979 | 0000 0048 | 3b9f d001 | 0000 750d | 4883 87d8 
  0x000001d500967838: 0100 0001 | e963 0000 | 0048 83bf | c001 0000 | 0075 1748 | 899f c001 | 0000 48c7 | 87c8 0100 
  0x000001d500967858: 0001 0000 | 00e9 4200 | 0000 4883 | bfd0 0100 | 0000 7517 | 4889 9fd0 | 0100 0048 | c787 d801 
  0x000001d500967878: 0000 0100 | 0000 e921 | 0000 00e9 | 1c00 0000 

  0x000001d500967888: ;   {metadata(method data for {method} {0x000001d50f097f18} 'filterFields' '(Ljava/lang/Class;[Ljava/lang/reflect/Field;)[Ljava/lang/reflect/Field;' in 'jdk/internal/reflect/Reflection')}
  0x000001d500967888: 48bf 3812 | 9a79 d501 | 0000 4883 | afb0 0100 | 0001 e957 | 0100 00e9 | 0000 0000 | 488b 7424 
  0x000001d5009678a8: 5048 85f6 

  0x000001d5009678ac: ;   {metadata(method data for {method} {0x000001d50f467e88} 'privateGetDeclaredFields' '(Z)[Ljava/lang/reflect/Field;' in 'java/lang/Class')}
  0x000001d5009678ac: 48bf 900f | 9a79 d501 | 0000 48c7 | c308 0200 | 0074 0748 | c7c3 1802 | 0000 488b | 141f 488d 
  0x000001d5009678cc: 5201 4889 | 141f 0f84 | 9b00 0000 | 448b 4424 | 4045 85c0 

  0x000001d5009678e0: ;   {metadata(method data for {method} {0x000001d50f467e88} 'privateGetDeclaredFields' '(Z)[Ljava/lang/reflect/Field;' in 'java/lang/Class')}
  0x000001d5009678e0: 48bf 900f | 9a79 d501 | 0000 48c7 | c328 0200 | 0074 0748 | c7c3 3802 | 0000 488b | 141f 488d 
  0x000001d500967900: 5201 4889 | 141f 0f84 | 4500 0000 | 4c8b d044 | 8956 28f0 | 8344 24c0 | 0048 8d36 | 48c1 ee09 
  0x000001d500967920: 48bf 0000 | 706e d501 | 0000 c604 

  0x000001d50096792c: ;   {metadata(method data for {method} {0x000001d50f467e88} 'privateGetDeclaredFields' '(Z)[Ljava/lang/reflect/Field;' in 'java/lang/Class')}
  0x000001d50096792c: 3e00 48be | 900f 9a79 | d501 0000 | ff86 4802 | 0000 4883 

  0x000001d500967940: ;   {poll_return}
  0x000001d500967940: c470 5d49 | 3ba7 5004 | 0000 0f87 | b400 0000 | c34c 8bd0 

  0x000001d500967954: ; implicit exception: dispatches to 0x000001d500967a1a
  0x000001d500967954: 4489 5610 | f083 4424 | c000 488d | 3648 c1ee | 0948 bf00 | 0070 6ed5 | 0100 00c6 | 043e 0048 
  0x000001d500967974: 83c4 705d 

  0x000001d500967978: ;   {poll_return}
  0x000001d500967978: 493b a750 | 0400 000f | 879a 0000 | 00c3 488b | c248 83c4 

  0x000001d50096798c: ;   {poll_return}
  0x000001d50096798c: 705d 493b | a750 0400 | 000f 879a | 0000 00c3 

  0x000001d50096799c: ;   {metadata({method} {0x000001d50f467e88} 'privateGetDeclaredFields' '(Z)[Ljava/lang/reflect/Field;' in 'java/lang/Class')}
  0x000001d50096799c: 49ba 807e | 460f d501 | 0000 4c89 | 5424 0848 | c704 24ff 

  0x000001d5009679b0: ;   {runtime_call counter_overflow Runtime1 stub}
  0x000001d5009679b0: ffff ffe8 

  0x000001d5009679b4: ; ImmutableOopMap {rdx=Oop }
                      ;*synchronization entry
                      ; - java.lang.Class::privateGetDeclaredFields@-1
  0x000001d5009679b4: 48a9 cc06 | e96a faff 

  0x000001d5009679bc: ;   {runtime_call throw_null_pointer_exception Runtime1 stub}
  0x000001d5009679bc: ffe8 be91 

  0x000001d5009679c0: ; ImmutableOopMap {rax=Oop [72]=Oop }
                      ;*getfield declaredPublicFields {reexecute=1 rethrow=0 return_oop=0}
                      ; - (reexecute) java.lang.Class::privateGetDeclaredFields@14
                      ;   {runtime_call throw_null_pointer_exception Runtime1 stub}
  0x000001d5009679c0: cc06 e8b9 

  0x000001d5009679c4: ; ImmutableOopMap {rax=Oop [72]=Oop }
                      ;*getfield declaredFields {reexecute=1 rethrow=0 return_oop=0}
                      ; - (reexecute) java.lang.Class::privateGetDeclaredFields@21
                      ;   {metadata({method} {0x000001d50f097f18} 'filterFields' '(Ljava/lang/Class;[Ljava/lang/reflect/Field;)[Ljava/lang/reflect/Field;' in 'jdk/internal/reflect/Reflection')}
  0x000001d5009679c4: 91cc 0649 | ba10 7f09 | 0fd5 0100 | 004c 8954 | 2408 48c7 | 0424 ffff 

  0x000001d5009679dc: ;   {runtime_call counter_overflow Runtime1 stub}
  0x000001d5009679dc: ffff e81d 

  0x000001d5009679e0: ; ImmutableOopMap {rax=Oop [72]=Oop [80]=Oop }
                      ;*synchronization entry
                      ; - jdk.internal.reflect.Reflection::filterFields@-1
                      ; - java.lang.Class::privateGetDeclaredFields@37
  0x000001d5009679e0: a9cc 06e9 | 97fb ffff 

  0x000001d5009679e8: ;   {runtime_call throw_null_pointer_exception Runtime1 stub}
  0x000001d5009679e8: e893 91cc 

  0x000001d5009679ec: ; ImmutableOopMap {rdx=Oop rsi=Oop [80]=Oop [88]=Oop }
                      ;*invokeinterface get {reexecute=0 rethrow=0 return_oop=0}
                      ; - jdk.internal.reflect.Reflection::filterFields@13
                      ; - java.lang.Class::privateGetDeclaredFields@37
  0x000001d5009679ec: 0648 8904 

  0x000001d5009679f0: ;   {runtime_call throw_class_cast_exception Runtime1 stub}
  0x000001d5009679f0: 24e8 8a7f 

  0x000001d5009679f4: ; ImmutableOopMap {[80]=Oop [88]=Oop }
                      ;*checkcast {reexecute=0 rethrow=0 return_oop=0}
                      ; - jdk.internal.reflect.Reflection::filterFields@18
                      ; - java.lang.Class::privateGetDeclaredFields@37
  0x000001d5009679f4: cc06 4889 

  0x000001d5009679f8: ;   {runtime_call throw_class_cast_exception Runtime1 stub}
  0x000001d5009679f8: 0424 e881 

  0x000001d5009679fc: ; ImmutableOopMap {[80]=Oop }
                      ;*checkcast {reexecute=0 rethrow=0 return_oop=0}
                      ; - jdk.internal.reflect.Reflection::filterFields@24
                      ; - java.lang.Class::privateGetDeclaredFields@37
                      ;   {runtime_call throw_null_pointer_exception Runtime1 stub}
  0x000001d5009679fc: 7fcc 06e8 

  0x000001d500967a00: ; ImmutableOopMap {rax=Oop rsi=Oop }
                      ;*putfield declaredPublicFields {reexecute=1 rethrow=0 return_oop=0}
                      ; - (reexecute) java.lang.Class::privateGetDeclaredFields@51
  0x000001d500967a00: 7c91 cc06 

  0x000001d500967a04: ;   {internal_word}
  0x000001d500967a04: 49ba 4379 | 9600 d501 | 0000 4d89 | 9768 0400 

  0x000001d500967a14: ;   {runtime_call SafepointBlob}
  0x000001d500967a14: 00e9 e6d0 

  0x000001d500967a18: ;   {runtime_call throw_null_pointer_exception Runtime1 stub}
  0x000001d500967a18: c106 e861 

  0x000001d500967a1c: ; ImmutableOopMap {rax=Oop rsi=Oop }
                      ;*putfield declaredFields {reexecute=1 rethrow=0 return_oop=0}
                      ; - (reexecute) java.lang.Class::privateGetDeclaredFields@59
                      ;   {internal_word}
  0x000001d500967a1c: 91cc 0649 | ba78 7996 | 00d5 0100 | 004d 8997 | 6804 0000 

  0x000001d500967a30: ;   {runtime_call SafepointBlob}
  0x000001d500967a30: e9cb d0c1 

  0x000001d500967a34: ;   {internal_word}
  0x000001d500967a34: 0649 ba8e | 7996 00d5 | 0100 004d | 8997 6804 

  0x000001d500967a44: ;   {runtime_call SafepointBlob}
  0x000001d500967a44: 0000 e9b5 | d0c1 0649 | 8b87 0005 | 0000 49c7 | 8700 0500 | 0000 0000 | 0049 c787 | 0805 0000 
  0x000001d500967a64: 0000 0000 | 4883 c470 

  0x000001d500967a6c: ;   {runtime_call unwind_exception Runtime1 stub}
  0x000001d500967a6c: 5de9 8e7b | c306 f4f4 | f4f4 f4f4 
[Stub Code]
  0x000001d500967a78: ;   {no_reloc}
  0x000001d500967a78: 0f1f 4400 

  0x000001d500967a7c: ;   {static_stub}
  0x000001d500967a7c: 0048 bb00 | 0000 0000 

  0x000001d500967a84: ;   {runtime_call nmethod}
  0x000001d500967a84: 0000 00e9 | fbff ffff 

  0x000001d500967a8c: ;   {static_stub}
  0x000001d500967a8c: 48bb 0000 | 0000 0000 

  0x000001d500967a94: ;   {runtime_call nmethod}
  0x000001d500967a94: 0000 e9fb 

  0x000001d500967a98: ;   {static_stub}
  0x000001d500967a98: ffff ff48 | bb70 7946 | 0fd5 0100 

  0x000001d500967aa4: ;   {runtime_call I2C/C2I adapters}
  0x000001d500967aa4: 00e9 bdb9 

  0x000001d500967aa8: ;   {static_stub}
  0x000001d500967aa8: c106 48bb | c07f 090f | d501 0000 

  0x000001d500967ab4: ;   {runtime_call I2C/C2I adapters}
  0x000001d500967ab4: e9ae bcc1 

  0x000001d500967ab8: ;   {runtime_call handle_exception_from_callee Runtime1 stub}
  0x000001d500967ab8: 06e8 c284 

  0x000001d500967abc: ;   {external_word}
  0x000001d500967abc: cc06 48b9 | 5063 aa86 | ff7f 0000 | 4883 e4f0 

  0x000001d500967acc: ;   {runtime_call}
  0x000001d500967acc: 48b8 c0c9 | 6c86 ff7f | 0000 ffd0 

  0x000001d500967ad8: ;   {section_word}
  0x000001d500967ad8: f449 bad9 | 7a96 00d5 | 0100 0041 

  0x000001d500967ae4: ;   {runtime_call DeoptimizationBlob}
  0x000001d500967ae4: 52e9 b6c2 | c106 f4f4 | f4f4 f4f4 
[/MachCode]


Compiled method (c1) 26545 4493       3       java.lang.Class::getDeclaredFields (27 bytes)
 total in heap  [0x000001d500972d90,0x000001d500973290] = 1280
 relocation     [0x000001d500972ef0,0x000001d500972f58] = 104
 main code      [0x000001d500972f60,0x000001d500973178] = 536
 stub code      [0x000001d500973178,0x000001d5009731c8] = 80
 metadata       [0x000001d5009731c8,0x000001d5009731e0] = 24
 scopes data    [0x000001d5009731e0,0x000001d500973218] = 56
 scopes pcs     [0x000001d500973218,0x000001d500973288] = 112
 dependencies   [0x000001d500973288,0x000001d500973290] = 8

[Constant Pool (empty)]

[MachCode]
[Entry Point]
  # {method} {0x000001d50f466808} 'getDeclaredFields' '()[Ljava/lang/reflect/Field;' in 'java/lang/Class'
  #           [sp+0x70]  (sp of caller)
  0x000001d500972f60: 448b 5208 | 49bb 0000 | 000f d501 | 0000 4d03 | d34c 3bd0 

  0x000001d500972f74: ;   {runtime_call ic_miss_stub}
  0x000001d500972f74: 0f85 06b5 | c006 660f | 1f44 0000 
[Verified Entry Point]
  0x000001d500972f80: 8984 2400 | 80ff ff55 | 4883 ec60 | 4181 7f20 | 0300 0000 

  0x000001d500972f94: ;   {runtime_call StubRoutines (final stubs)}
  0x000001d500972f94: 7405 e845 

  0x000001d500972f98: ;   {metadata(method data for {method} {0x000001d50f466808} 'getDeclaredFields' '()[Ljava/lang/reflect/Field;' in 'java/lang/Class')}
  0x000001d500972f98: 5abf 0649 | b8d8 379a | 79d5 0100 | 0041 8bb0 | cc00 0000 | 83c6 0241 | 89b0 cc00 | 0000 81e6 
  0x000001d500972fb8: fe07 0000 | 85f6 0f84 | 1301 0000 

  0x000001d500972fc4: ;   {metadata(method data for {method} {0x000001d50f466808} 'getDeclaredFields' '()[Ljava/lang/reflect/Field;' in 'java/lang/Class')}
  0x000001d500972fc4: 49b8 d837 | 9a79 d501 | 0000 4983 | 8010 0100 

  0x000001d500972fd4: ;   {metadata(method data for {method} {0x000001d50f01b1d0} 'getSecurityManager' '()Ljava/lang/SecurityManager;' in 'java/lang/System')}
  0x000001d500972fd4: 0001 49b8 | 3862 0278 | d501 0000 | 418b b0cc | 0000 0083 | c602 4189 | b0cc 0000 | 0081 e6fe 
  0x000001d500972ff4: ff1f 0085 | f60f 84f9 

  0x000001d500972ffc: ;   {metadata(method data for {method} {0x000001d50f01b1d0} 'getSecurityManager' '()Ljava/lang/SecurityManager;' in 'java/lang/System')}
  0x000001d500972ffc: 0000 0049 | b838 6202 | 78d5 0100 | 0049 8380 | 1001 0000 

  0x000001d500973010: ;   {metadata(method data for {method} {0x000001d50f01b2e8} 'allowSecurityManager' '()Z' in 'java/lang/System')}
  0x000001d500973010: 0149 b8b0 | 6302 78d5 | 0100 0041 | 8bb0 cc00 | 0000 83c6 | 0241 89b0 | cc00 0000 | 81e6 feff 
  0x000001d500973030: 1f00 85f6 | 0f84 df00 

  0x000001d500973038: ;   {metadata(method data for {method} {0x000001d50f01b2e8} 'allowSecurityManager' '()Z' in 'java/lang/System')}
  0x000001d500973038: 0000 49b8 | b063 0278 | d501 0000 | 41ff 8010 

  0x000001d500973048: ;   {metadata(method data for {method} {0x000001d50f01b1d0} 'getSecurityManager' '()Ljava/lang/SecurityManager;' in 'java/lang/System')}
  0x000001d500973048: 0100 0049 | b838 6202 | 78d5 0100 | 0041 ff80 | 2001 0000 

  0x000001d50097305c: ;   {metadata(method data for {method} {0x000001d50f466808} 'getDeclaredFields' '()[Ljava/lang/reflect/Field;' in 'java/lang/Class')}
  0x000001d50097305c: 49b8 d837 | 9a79 d501 | 0000 41ff | 8020 0100 | 004c 8bc2 

  0x000001d500973070: ;   {metadata(method data for {method} {0x000001d50f466808} 'getDeclaredFields' '()[Ljava/lang/reflect/Field;' in 'java/lang/Class')}
  0x000001d500973070: 48be d837 | 9a79 d501 | 0000 4883 | 8688 0100 | 0001 41b8 | 0000 0000 | 0f1f 8000 

  0x000001d50097308c: ;   {optimized virtual_call}
  0x000001d50097308c: 0000 00e8 

  0x000001d500973090: ; ImmutableOopMap {}
                      ;*invokevirtual privateGetDeclaredFields {reexecute=0 rethrow=0 return_oop=0}
                      ; - java.lang.Class::getDeclaredFields@20
  0x000001d500973090: 4c43 ffff 

  0x000001d500973094: ;   {other}
  0x000001d500973094: 0f1f 8400 | 0403 0000 

  0x000001d50097309c: ;   {metadata(method data for {method} {0x000001d50f466808} 'getDeclaredFields' '()[Ljava/lang/reflect/Field;' in 'java/lang/Class')}
  0x000001d50097309c: 48ba d837 | 9a79 d501 | 0000 4883 | 82c0 0100 | 0001 488b | d066 0f1f 

  0x000001d5009730b4: ;   {static_call}
  0x000001d5009730b4: 4400 00e8 

  0x000001d5009730b8: ; ImmutableOopMap {}
                      ;*invokestatic copyFields {reexecute=0 rethrow=0 return_oop=0}
                      ; - java.lang.Class::getDeclaredFields@23
  0x000001d5009730b8: a4b5 ffff 

  0x000001d5009730bc: ;   {other}
  0x000001d5009730bc: 0f1f 8400 | 2c03 0001 | 4883 c460 

  0x000001d5009730c8: ;   {poll_return}
  0x000001d5009730c8: 5d49 3ba7 | 5004 0000 | 0f87 6400 

  0x000001d5009730d4: ;   {metadata({method} {0x000001d50f466808} 'getDeclaredFields' '()[Ljava/lang/reflect/Field;' in 'java/lang/Class')}
  0x000001d5009730d4: 0000 c349 | ba00 6846 | 0fd5 0100 | 004c 8954 | 2408 48c7 | 0424 ffff 

  0x000001d5009730ec: ;   {runtime_call counter_overflow Runtime1 stub}
  0x000001d5009730ec: ffff e80d 

  0x000001d5009730f0: ; ImmutableOopMap {rdx=Oop }
                      ;*synchronization entry
                      ; - java.lang.Class::getDeclaredFields@-1
  0x000001d5009730f0: f2cb 06e9 | ccfe ffff 

  0x000001d5009730f8: ;   {metadata({method} {0x000001d50f01b1d0} 'getSecurityManager' '()Ljava/lang/SecurityManager;' in 'java/lang/System')}
  0x000001d5009730f8: 49ba c8b1 | 010f d501 | 0000 4c89 | 5424 0848 | c704 24ff 

  0x000001d50097310c: ;   {runtime_call counter_overflow Runtime1 stub}
  0x000001d50097310c: ffff ffe8 

  0x000001d500973110: ; ImmutableOopMap {rdx=Oop }
                      ;*synchronization entry
                      ; - java.lang.System::getSecurityManager@-1
                      ; - java.lang.Class::getDeclaredFields@0
  0x000001d500973110: ecf1 cb06 | e9e6 feff 

  0x000001d500973118: ;   {metadata({method} {0x000001d50f01b2e8} 'allowSecurityManager' '()Z' in 'java/lang/System')}
  0x000001d500973118: ff49 bae0 | b201 0fd5 | 0100 004c | 8954 2408 | 48c7 0424 | ffff ffff 

  0x000001d500973130: ;   {runtime_call counter_overflow Runtime1 stub}
  0x000001d500973130: e8cb f1cb 

  0x000001d500973134: ; ImmutableOopMap {rdx=Oop }
                      ;*synchronization entry
                      ; - java.lang.System::allowSecurityManager@-1
                      ; - java.lang.System::getSecurityManager@0
                      ; - java.lang.Class::getDeclaredFields@0
  0x000001d500973134: 06e9 00ff 

  0x000001d500973138: ;   {internal_word}
  0x000001d500973138: ffff 49ba | c930 9700 | d501 0000 | 4d89 9768 

  0x000001d500973148: ;   {runtime_call SafepointBlob}
  0x000001d500973148: 0400 00e9 | b019 c106 | 498b 8700 | 0500 0049 | c787 0005 | 0000 0000 | 0000 49c7 | 8708 0500 
  0x000001d500973168: 0000 0000 | 0048 83c4 

  0x000001d500973170: ;   {runtime_call unwind_exception Runtime1 stub}
  0x000001d500973170: 605d e989 | c4c2 06f4 
[Stub Code]
  0x000001d500973178: ;   {no_reloc}
  0x000001d500973178: 48bb 0000 | 0000 0000 

  0x000001d500973180: ;   {runtime_call nmethod}
  0x000001d500973180: 0000 e9fb 

  0x000001d500973184: ;   {static_stub}
  0x000001d500973184: ffff ff48 | bb00 0000 | 0000 0000 

  0x000001d500973190: ;   {runtime_call nmethod}
  0x000001d500973190: 00e9 fbff 

  0x000001d500973194: ;   {runtime_call handle_exception_from_callee Runtime1 stub}
  0x000001d500973194: ffff e8e5 

  0x000001d500973198: ;   {external_word}
  0x000001d500973198: cdcb 0648 | b950 63aa | 86ff 7f00 | 0048 83e4 

  0x000001d5009731a8: ;   {runtime_call}
  0x000001d5009731a8: f048 b8c0 | c96c 86ff | 7f00 00ff 

  0x000001d5009731b4: ;   {section_word}
  0x000001d5009731b4: d0f4 49ba | b631 9700 | d501 0000 

  0x000001d5009731c0: ;   {runtime_call DeoptimizationBlob}
  0x000001d5009731c0: 4152 e9d9 | 0bc1 06f4 
[/MachCode]


---------------  P R O C E S S  ---------------

Threads class SMR info:
_java_thread_list=0x000001d57e85bf00, length=25, elements={
0x000001d56cf117f0, 0x000001d576b37630, 0x000001d576b38ea0, 0x000001d576b3a990,
0x000001d576b3b8b0, 0x000001d576b3f490, 0x000001d576b3fef0, 0x000001d576b40c80,
0x000001d576b82230, 0x000001d57792ab20, 0x000001d577a29030, 0x000001d57c3f8480,
0x000001d57c362a70, 0x000001d57c5d0e00, 0x000001d57c15c1f0, 0x000001d57cc3b460,
0x000001d57cf65410, 0x000001d57c5b1590, 0x000001d57c8a1170, 0x000001d57c8a1800,
0x000001d57c8a0450, 0x000001d57c00e330, 0x000001d57c008de0, 0x000001d57c00aeb0,
0x000001d57c00c8f0
}

Java Threads: ( => current thread )
  0x000001d56cf117f0 JavaThread "main"                              [_thread_blocked, id=2956, stack(0x000000a1d5700000,0x000000a1d5800000) (1024K)]
  0x000001d576b37630 JavaThread "Reference Handler"          daemon [_thread_blocked, id=8940, stack(0x000000a1d5b00000,0x000000a1d5c00000) (1024K)]
  0x000001d576b38ea0 JavaThread "Finalizer"                  daemon [_thread_blocked, id=13000, stack(0x000000a1d5c00000,0x000000a1d5d00000) (1024K)]
  0x000001d576b3a990 JavaThread "Signal Dispatcher"          daemon [_thread_blocked, id=15340, stack(0x000000a1d5d00000,0x000000a1d5e00000) (1024K)]
  0x000001d576b3b8b0 JavaThread "Attach Listener"            daemon [_thread_blocked, id=15576, stack(0x000000a1d5e00000,0x000000a1d5f00000) (1024K)]
  0x000001d576b3f490 JavaThread "Service Thread"             daemon [_thread_blocked, id=9600, stack(0x000000a1d5f00000,0x000000a1d6000000) (1024K)]
  0x000001d576b3fef0 JavaThread "Monitor Deflation Thread"   daemon [_thread_blocked, id=15568, stack(0x000000a1d6000000,0x000000a1d6100000) (1024K)]
  0x000001d576b40c80 JavaThread "C2 CompilerThread0"         daemon [_thread_in_native, id=11732, stack(0x000000a1d6100000,0x000000a1d6200000) (1024K)]
  0x000001d576b82230 JavaThread "C1 CompilerThread0"         daemon [_thread_blocked, id=15968, stack(0x000000a1d6200000,0x000000a1d6300000) (1024K)]
  0x000001d57792ab20 JavaThread "Common-Cleaner"             daemon [_thread_blocked, id=15652, stack(0x000000a1d6300000,0x000000a1d6400000) (1024K)]
  0x000001d577a29030 JavaThread "Notification Thread"        daemon [_thread_blocked, id=3420, stack(0x000000a1d6400000,0x000000a1d6500000) (1024K)]
  0x000001d57c3f8480 JavaThread "Active Thread: Equinox Container: dfc2da2b-32bc-4de4-a8f6-b2c45a8b4e10"        [_thread_blocked, id=14796, stack(0x000000a1d6800000,0x000000a1d6900000) (1024K)]
  0x000001d57c362a70 JavaThread "Refresh Thread: Equinox Container: dfc2da2b-32bc-4de4-a8f6-b2c45a8b4e10" daemon [_thread_blocked, id=9920, stack(0x000000a1d6900000,0x000000a1d6a00000) (1024K)]
  0x000001d57c5d0e00 JavaThread "Framework Event Dispatcher: Equinox Container: dfc2da2b-32bc-4de4-a8f6-b2c45a8b4e10" daemon [_thread_blocked, id=18528, stack(0x000000a1d6a00000,0x000000a1d6b00000) (1024K)]
  0x000001d57c15c1f0 JavaThread "Start Level: Equinox Container: dfc2da2b-32bc-4de4-a8f6-b2c45a8b4e10" daemon [_thread_in_vm, id=1132, stack(0x000000a1d6b00000,0x000000a1d6c00000) (1024K)]
  0x000001d57cc3b460 JavaThread "Bundle File Closer"         daemon [_thread_blocked, id=16964, stack(0x000000a1d6c00000,0x000000a1d6d00000) (1024K)]
  0x000001d57cf65410 JavaThread "SCR Component Actor"        daemon [_thread_blocked, id=10428, stack(0x000000a1d6d00000,0x000000a1d6e00000) (1024K)]
  0x000001d57c5b1590 JavaThread "Worker-JM"                         [_thread_blocked, id=10392, stack(0x000000a1d6e00000,0x000000a1d6f00000) (1024K)]
  0x000001d57c8a1170 JavaThread "JNA Cleaner"                daemon [_thread_blocked, id=19200, stack(0x000000a1d6f00000,0x000000a1d7000000) (1024K)]
=>0x000001d57c8a1800 JavaThread "Worker-0: Updating Maven Dependencies"        [_thread_in_vm, id=17212, stack(0x000000a1d7000000,0x000000a1d7100000) (1024K)]
  0x000001d57c8a0450 JavaThread "Worker-1: Repository registry initialization"        [_thread_blocked, id=2108, stack(0x000000a1d7100000,0x000000a1d7200000) (1024K)]
  0x000001d57c00e330 JavaThread "Worker-2: Initialize After Load"        [_thread_in_vm, id=17232, stack(0x000000a1d7200000,0x000000a1d7300000) (1024K)]
  0x000001d57c008de0 JavaThread "Worker-3: Loading available Gradle versions"        [_thread_in_vm, id=16976, stack(0x000000a1d7300000,0x000000a1d7400000) (1024K)]
  0x000001d57c00aeb0 JavaThread "Java indexing"              daemon [_thread_blocked, id=1032, stack(0x000000a1d7400000,0x000000a1d7500000) (1024K)]
  0x000001d57c00c8f0 JavaThread "Worker-4"                          [_thread_blocked, id=11172, stack(0x000000a1d7500000,0x000000a1d7600000) (1024K)]
Total: 25

Other Threads:
  0x000001d576b2e080 VMThread "VM Thread"                           [id=21296, stack(0x000000a1d5a00000,0x000000a1d5b00000) (1024K)]
  0x000001d56f1bebf0 WatcherThread "VM Periodic Task Thread"        [id=6108, stack(0x000000a1d5900000,0x000000a1d5a00000) (1024K)]
  0x000001d56f171320 WorkerThread "GC Thread#0"                     [id=9116, stack(0x000000a1d5800000,0x000000a1d5900000) (1024K)]
  0x000001d57c2d6390 WorkerThread "GC Thread#1"                     [id=18640, stack(0x000000a1d6500000,0x000000a1d6600000) (1024K)]
  0x000001d57c2d7750 WorkerThread "GC Thread#2"                     [id=15292, stack(0x000000a1d6600000,0x000000a1d6700000) (1024K)]
  0x000001d577ac5070 WorkerThread "GC Thread#3"                     [id=19656, stack(0x000000a1d6700000,0x000000a1d6800000) (1024K)]
Total: 6

Threads with active compile tasks:
C2 CompilerThread0  26564 4854       4       org.eclipse.osgi.internal.serviceregistry.ServiceRegistry::notifyHooksPrivileged (57 bytes)
Total: 1

VM state: not at safepoint (normal execution)

VM Mutex/Monitor currently owned by a thread:  ([mutex/lock_event])
[0x00007fff86d5d530] Metaspace_lock - owner thread: 0x000001d57c00e330

Heap address: 0x0000000080000000, size: 2048 MB, Compressed Oops mode: 32-bit

CDS archive(s) mapped at: [0x000001d50f000000-0x000001d50fba0000-0x000001d50fba0000), size 12189696, SharedBaseAddress: 0x000001d50f000000, ArchiveRelocationMode: 1.
Compressed class space mapped at: 0x000001d510000000-0x000001d550000000, reserved size: 1073741824
Narrow klass base: 0x000001d50f000000, Narrow klass shift: 0, Narrow klass range: 0x100000000

GC Precious Log:
 CardTable entry size: 512
 CPUs: 4 total, 4 available
 Memory: 4005M
 Large Page Support: Disabled
 NUMA Support: Disabled
 Compressed Oops: Enabled (32-bit)
 Alignments: Space 512K, Generation 512K, Heap 2M
 Heap Min Capacity: 100M
 Heap Initial Capacity: 100M
 Heap Max Capacity: 2G
 Pre-touch: Disabled
 Parallel Workers: 4

Heap:
 PSYoungGen      total 23040K, used 20534K [0x00000000d5580000, 0x00000000d7100000, 0x0000000100000000)
  eden space 22016K, 93% used [0x00000000d5580000,0x00000000d698d840,0x00000000d6b00000)
  from space 1024K, 0% used [0x00000000d6f80000,0x00000000d6f80000,0x00000000d7080000)
  to   space 512K, 0% used [0x00000000d7080000,0x00000000d7080000,0x00000000d7100000)
 ParOldGen       total 68608K, used 18324K [0x0000000080000000, 0x0000000084300000, 0x00000000d5580000)
  object space 68608K, 26% used [0x0000000080000000,0x00000000811e53c8,0x0000000084300000)
 Metaspace       used 37170K, committed 38144K, reserved 1114112K
  class space    used 3947K, committed 4352K, reserved 1048576K

Card table byte_map: [0x000001d56eb00000,0x000001d56ef10000] _byte_map_base: 0x000001d56e700000

Marking Bits: (ParMarkBitMap*) 0x00007fff86d644a0
 Begin Bits: [0x000001d572610000, 0x000001d574610000)
 End Bits:   [0x000001d574610000, 0x000001d576610000)

Polling page: 0x000001d56d040000

Metaspace:

Usage:
  Non-class:     32.44 MB used.
      Class:      3.86 MB used.
       Both:     36.30 MB used.

Virtual space:
  Non-class space:       64.00 MB reserved,      33.00 MB ( 52%) committed,  1 nodes.
      Class space:        1.00 GB reserved,       4.25 MB ( <1%) committed,  1 nodes.
             Both:        1.06 GB reserved,      37.25 MB (  3%) committed. 

Chunk freelists:
   Non-Class:  14.42 MB
       Class:  11.75 MB
        Both:  26.17 MB

MaxMetaspaceSize: unlimited
CompressedClassSpaceSize: 1.00 GB
Initial GC threshold: 21.00 MB
Current GC threshold: 58.38 MB
CDS: on
 - commit_granule_bytes: 65536.
 - commit_granule_words: 8192.
 - virtual_space_node_default_size: 8388608.
 - enlarge_chunks_in_place: 1.
 - use_allocation_guard: 0.


Internal statistics:

num_allocs_failed_limit: 6.
num_arena_births: 750.
num_arena_deaths: 14.
num_vsnodes_births: 2.
num_vsnodes_deaths: 0.
num_space_committed: 596.
num_space_uncommitted: 0.
num_chunks_returned_to_freelist: 20.
num_chunks_taken_from_freelist: 2353.
num_chunk_merges: 12.
num_chunk_splits: 1490.
num_chunks_enlarged: 877.
num_inconsistent_stats: 0.

CodeHeap 'non-profiled nmethods': size=120000Kb used=1885Kb max_used=2134Kb free=118114Kb
 bounds [0x000001d507ad0000, 0x000001d507d40000, 0x000001d50f000000]
CodeHeap 'profiled nmethods': size=120000Kb used=8845Kb max_used=10083Kb free=111154Kb
 bounds [0x000001d500000000, 0x000001d5009e0000, 0x000001d507530000]
CodeHeap 'non-nmethods': size=5760Kb used=1351Kb max_used=1406Kb free=4409Kb
 bounds [0x000001d507530000, 0x000001d5077a0000, 0x000001d507ad0000]
CodeCache: size=245760Kb, used=12081Kb, max_used=13623Kb, free=233677Kb
 total_blobs=4949, nmethods=4304, adapters=551, full_count=0
Compilation: enabled, stopped_count=0, restarted_count=0

Compilation events (20 events):
Event: 26.360 Thread 0x000001d576b82230 4853       2       com.google.inject.spi.Elements$RecordingBinder::withTrustedSource (24 bytes)
Event: 26.361 Thread 0x000001d576b82230 nmethod 4853 0x000001d5002ade90 code [0x000001d5002ae040, 0x000001d5002ae200]
Event: 26.382 Thread 0x000001d576b82230 4855   !   2       org.eclipse.sisu.wire.DependencyAnalyzer::analyzeImplementation (110 bytes)
Event: 26.383 Thread 0x000001d576b82230 nmethod 4855 0x000001d500434910 code [0x000001d500434b60, 0x000001d5004350d8]
Event: 26.384 Thread 0x000001d576b82230 4856       2       java.lang.Class::getTypeParameters (19 bytes)
Event: 26.385 Thread 0x000001d576b82230 nmethod 4856 0x000001d500667a90 code [0x000001d500667c60, 0x000001d500667f38]
Event: 26.385 Thread 0x000001d576b82230 4857       2       sun.reflect.generics.repository.GenericDeclRepository::getTypeParameters (27 bytes)
Event: 26.385 Thread 0x000001d576b82230 nmethod 4857 0x000001d500398c90 code [0x000001d500398e40, 0x000001d500399030]
Event: 26.391 Thread 0x000001d576b82230 4858   !   2       org.eclipse.osgi.framework.eventmgr.ListenerQueue::dispatchEventAsynchronous (108 bytes)
Event: 26.392 Thread 0x000001d576b82230 nmethod 4858 0x000001d500665a10 code [0x000001d500665c40, 0x000001d500666238]
Event: 26.392 Thread 0x000001d576b82230 4859       2       org.eclipse.osgi.internal.framework.FilterImpl::match (19 bytes)
Event: 26.393 Thread 0x000001d576b82230 nmethod 4859 0x000001d5003bf590 code [0x000001d5003bf780, 0x000001d5003bfc38]
Event: 26.393 Thread 0x000001d576b82230 4860       2       org.eclipse.osgi.internal.framework.FilterImpl$ServiceReferenceMap::asMap (27 bytes)
Event: 26.394 Thread 0x000001d576b82230 nmethod 4860 0x000001d500668910 code [0x000001d500668ae0, 0x000001d500668f28]
Event: 26.398 Thread 0x000001d576b82230 4861       1       ch.qos.logback.classic.Logger::getName (5 bytes)
Event: 26.398 Thread 0x000001d576b82230 nmethod 4861 0x000001d507c1f610 code [0x000001d507c1f7a0, 0x000001d507c1f868]
Event: 26.404 Thread 0x000001d576b82230 4862       1       com.google.inject.spi.Dependency::getKey (5 bytes)
Event: 26.405 Thread 0x000001d576b82230 nmethod 4862 0x000001d507af2f10 code [0x000001d507af30a0, 0x000001d507af3168]
Event: 26.406 Thread 0x000001d576b82230 4863       1       com.google.inject.Key$NullAnnotationStrategy::hasAttributes (2 bytes)
Event: 26.406 Thread 0x000001d576b82230 nmethod 4863 0x000001d507b08110 code [0x000001d507b082a0, 0x000001d507b08368]

GC Heap History (20 events):
Event: 16.231 GC heap before
{Heap before GC invocations=6 (full 0):
 PSYoungGen      total 29184K, used 29165K [0x00000000d5580000, 0x00000000d7900000, 0x0000000100000000)
  eden space 25088K, 100% used [0x00000000d5580000,0x00000000d6e00000,0x00000000d6e00000)
  from space 4096K, 99% used [0x00000000d6e80000,0x00000000d727b438,0x00000000d7280000)
  to   space 5632K, 0% used [0x00000000d7380000,0x00000000d7380000,0x00000000d7900000)
 ParOldGen       total 68608K, used 7889K [0x0000000080000000, 0x0000000084300000, 0x00000000d5580000)
  object space 68608K, 11% used [0x0000000080000000,0x00000000807b46c8,0x0000000084300000)
 Metaspace       used 18714K, committed 19520K, reserved 1114112K
  class space    used 1969K, committed 2304K, reserved 1048576K
}
Event: 16.245 GC heap after
{Heap after GC invocations=6 (full 0):
 PSYoungGen      total 29696K, used 4934K [0x00000000d5580000, 0x00000000d7880000, 0x0000000100000000)
  eden space 24576K, 0% used [0x00000000d5580000,0x00000000d5580000,0x00000000d6d80000)
  from space 5120K, 96% used [0x00000000d7380000,0x00000000d7851928,0x00000000d7880000)
  to   space 5120K, 0% used [0x00000000d6e80000,0x00000000d6e80000,0x00000000d7380000)
 ParOldGen       total 68608K, used 7897K [0x0000000080000000, 0x0000000084300000, 0x00000000d5580000)
  object space 68608K, 11% used [0x0000000080000000,0x00000000807b66c8,0x0000000084300000)
 Metaspace       used 18714K, committed 19520K, reserved 1114112K
  class space    used 1969K, committed 2304K, reserved 1048576K
}
Event: 18.701 GC heap before
{Heap before GC invocations=7 (full 0):
 PSYoungGen      total 29696K, used 26115K [0x00000000d5580000, 0x00000000d7880000, 0x0000000100000000)
  eden space 24576K, 86% used [0x00000000d5580000,0x00000000d6a2f560,0x00000000d6d80000)
  from space 5120K, 96% used [0x00000000d7380000,0x00000000d7851928,0x00000000d7880000)
  to   space 5120K, 0% used [0x00000000d6e80000,0x00000000d6e80000,0x00000000d7380000)
 ParOldGen       total 68608K, used 7897K [0x0000000080000000, 0x0000000084300000, 0x00000000d5580000)
  object space 68608K, 11% used [0x0000000080000000,0x00000000807b66c8,0x0000000084300000)
 Metaspace       used 20726K, committed 21504K, reserved 1114112K
  class space    used 2207K, committed 2560K, reserved 1048576K
}
Event: 18.713 GC heap after
{Heap after GC invocations=7 (full 0):
 PSYoungGen      total 29184K, used 4378K [0x00000000d5580000, 0x00000000d7780000, 0x0000000100000000)
  eden space 24576K, 0% used [0x00000000d5580000,0x00000000d5580000,0x00000000d6d80000)
  from space 4608K, 95% used [0x00000000d6e80000,0x00000000d72c68d8,0x00000000d7300000)
  to   space 4608K, 0% used [0x00000000d7300000,0x00000000d7300000,0x00000000d7780000)
 ParOldGen       total 68608K, used 9348K [0x0000000080000000, 0x0000000084300000, 0x00000000d5580000)
  object space 68608K, 13% used [0x0000000080000000,0x0000000080921370,0x0000000084300000)
 Metaspace       used 20726K, committed 21504K, reserved 1114112K
  class space    used 2207K, committed 2560K, reserved 1048576K
}
Event: 18.713 GC heap before
{Heap before GC invocations=8 (full 1):
 PSYoungGen      total 29184K, used 4378K [0x00000000d5580000, 0x00000000d7780000, 0x0000000100000000)
  eden space 24576K, 0% used [0x00000000d5580000,0x00000000d5580000,0x00000000d6d80000)
  from space 4608K, 95% used [0x00000000d6e80000,0x00000000d72c68d8,0x00000000d7300000)
  to   space 4608K, 0% used [0x00000000d7300000,0x00000000d7300000,0x00000000d7780000)
 ParOldGen       total 68608K, used 9348K [0x0000000080000000, 0x0000000084300000, 0x00000000d5580000)
  object space 68608K, 13% used [0x0000000080000000,0x0000000080921370,0x0000000084300000)
 Metaspace       used 20726K, committed 21504K, reserved 1114112K
  class space    used 2207K, committed 2560K, reserved 1048576K
}
Event: 18.811 GC heap after
{Heap after GC invocations=8 (full 1):
 PSYoungGen      total 29184K, used 0K [0x00000000d5580000, 0x00000000d7780000, 0x0000000100000000)
  eden space 24576K, 0% used [0x00000000d5580000,0x00000000d5580000,0x00000000d6d80000)
  from space 4608K, 0% used [0x00000000d6e80000,0x00000000d6e80000,0x00000000d7300000)
  to   space 4608K, 0% used [0x00000000d7300000,0x00000000d7300000,0x00000000d7780000)
 ParOldGen       total 68608K, used 13152K [0x0000000080000000, 0x0000000084300000, 0x00000000d5580000)
  object space 68608K, 19% used [0x0000000080000000,0x0000000080cd8298,0x0000000084300000)
 Metaspace       used 20714K, committed 21504K, reserved 1114112K
  class space    used 2203K, committed 2560K, reserved 1048576K
}
Event: 20.316 GC heap before
{Heap before GC invocations=9 (full 1):
 PSYoungGen      total 29184K, used 24576K [0x00000000d5580000, 0x00000000d7780000, 0x0000000100000000)
  eden space 24576K, 100% used [0x00000000d5580000,0x00000000d6d80000,0x00000000d6d80000)
  from space 4608K, 0% used [0x00000000d6e80000,0x00000000d6e80000,0x00000000d7300000)
  to   space 4608K, 0% used [0x00000000d7300000,0x00000000d7300000,0x00000000d7780000)
 ParOldGen       total 68608K, used 13152K [0x0000000080000000, 0x0000000084300000, 0x00000000d5580000)
  object space 68608K, 19% used [0x0000000080000000,0x0000000080cd8298,0x0000000084300000)
 Metaspace       used 23074K, committed 23936K, reserved 1114112K
  class space    used 2409K, committed 2816K, reserved 1048576K
}
Event: 20.320 GC heap after
{Heap after GC invocations=9 (full 1):
 PSYoungGen      total 25088K, used 820K [0x00000000d5580000, 0x00000000d7400000, 0x0000000100000000)
  eden space 24064K, 0% used [0x00000000d5580000,0x00000000d5580000,0x00000000d6d00000)
  from space 1024K, 80% used [0x00000000d7300000,0x00000000d73cd3f0,0x00000000d7400000)
  to   space 2560K, 0% used [0x00000000d6f00000,0x00000000d6f00000,0x00000000d7180000)
 ParOldGen       total 68608K, used 13160K [0x0000000080000000, 0x0000000084300000, 0x00000000d5580000)
  object space 68608K, 19% used [0x0000000080000000,0x0000000080cda298,0x0000000084300000)
 Metaspace       used 23074K, committed 23936K, reserved 1114112K
  class space    used 2409K, committed 2816K, reserved 1048576K
}
Event: 22.228 GC heap before
{Heap before GC invocations=10 (full 1):
 PSYoungGen      total 25088K, used 24884K [0x00000000d5580000, 0x00000000d7400000, 0x0000000100000000)
  eden space 24064K, 100% used [0x00000000d5580000,0x00000000d6d00000,0x00000000d6d00000)
  from space 1024K, 80% used [0x00000000d7300000,0x00000000d73cd3f0,0x00000000d7400000)
  to   space 2560K, 0% used [0x00000000d6f00000,0x00000000d6f00000,0x00000000d7180000)
 ParOldGen       total 68608K, used 13160K [0x0000000080000000, 0x0000000084300000, 0x00000000d5580000)
  object space 68608K, 19% used [0x0000000080000000,0x0000000080cda298,0x0000000084300000)
 Metaspace       used 26693K, committed 27584K, reserved 1114112K
  class space    used 2755K, committed 3200K, reserved 1048576K
}
Event: 22.231 GC heap after
{Heap after GC invocations=10 (full 1):
 PSYoungGen      total 26112K, used 1307K [0x00000000d5580000, 0x00000000d7380000, 0x0000000100000000)
  eden space 23552K, 0% used [0x00000000d5580000,0x00000000d5580000,0x00000000d6c80000)
  from space 2560K, 51% used [0x00000000d6f00000,0x00000000d7046cd8,0x00000000d7180000)
  to   space 1536K, 0% used [0x00000000d7200000,0x00000000d7200000,0x00000000d7380000)
 ParOldGen       total 68608K, used 13168K [0x0000000080000000, 0x0000000084300000, 0x00000000d5580000)
  object space 68608K, 19% used [0x0000000080000000,0x0000000080cdc298,0x0000000084300000)
 Metaspace       used 26693K, committed 27584K, reserved 1114112K
  class space    used 2755K, committed 3200K, reserved 1048576K
}
Event: 23.796 GC heap before
{Heap before GC invocations=11 (full 1):
 PSYoungGen      total 26112K, used 24859K [0x00000000d5580000, 0x00000000d7380000, 0x0000000100000000)
  eden space 23552K, 100% used [0x00000000d5580000,0x00000000d6c80000,0x00000000d6c80000)
  from space 2560K, 51% used [0x00000000d6f00000,0x00000000d7046cd8,0x00000000d7180000)
  to   space 1536K, 0% used [0x00000000d7200000,0x00000000d7200000,0x00000000d7380000)
 ParOldGen       total 68608K, used 13168K [0x0000000080000000, 0x0000000084300000, 0x00000000d5580000)
  object space 68608K, 19% used [0x0000000080000000,0x0000000080cdc298,0x0000000084300000)
 Metaspace       used 29430K, committed 30400K, reserved 1114112K
  class space    used 3028K, committed 3456K, reserved 1048576K
}
Event: 23.801 GC heap after
{Heap after GC invocations=11 (full 1):
 PSYoungGen      total 24576K, used 1521K [0x00000000d5580000, 0x00000000d7400000, 0x0000000100000000)
  eden space 23040K, 0% used [0x00000000d5580000,0x00000000d5580000,0x00000000d6c00000)
  from space 1536K, 99% used [0x00000000d7200000,0x00000000d737c6f8,0x00000000d7380000)
  to   space 4096K, 0% used [0x00000000d6c00000,0x00000000d6c00000,0x00000000d7000000)
 ParOldGen       total 68608K, used 14924K [0x0000000080000000, 0x0000000084300000, 0x00000000d5580000)
  object space 68608K, 21% used [0x0000000080000000,0x0000000080e931d0,0x0000000084300000)
 Metaspace       used 29430K, committed 30400K, reserved 1114112K
  class space    used 3028K, committed 3456K, reserved 1048576K
}
Event: 24.499 GC heap before
{Heap before GC invocations=12 (full 1):
 PSYoungGen      total 24576K, used 24561K [0x00000000d5580000, 0x00000000d7400000, 0x0000000100000000)
  eden space 23040K, 100% used [0x00000000d5580000,0x00000000d6c00000,0x00000000d6c00000)
  from space 1536K, 99% used [0x00000000d7200000,0x00000000d737c6f8,0x00000000d7380000)
  to   space 4096K, 0% used [0x00000000d6c00000,0x00000000d6c00000,0x00000000d7000000)
 ParOldGen       total 68608K, used 14924K [0x0000000080000000, 0x0000000084300000, 0x00000000d5580000)
  object space 68608K, 21% used [0x0000000080000000,0x0000000080e931d0,0x0000000084300000)
 Metaspace       used 30292K, committed 31232K, reserved 1114112K
  class space    used 3130K, committed 3520K, reserved 1048576K
}
Event: 24.508 GC heap after
{Heap after GC invocations=12 (full 1):
 PSYoungGen      total 26624K, used 608K [0x00000000d5580000, 0x00000000d7280000, 0x0000000100000000)
  eden space 22528K, 0% used [0x00000000d5580000,0x00000000d5580000,0x00000000d6b80000)
  from space 4096K, 14% used [0x00000000d6c00000,0x00000000d6c98000,0x00000000d7000000)
  to   space 2048K, 0% used [0x00000000d7080000,0x00000000d7080000,0x00000000d7280000)
 ParOldGen       total 68608K, used 16322K [0x0000000080000000, 0x0000000084300000, 0x00000000d5580000)
  object space 68608K, 23% used [0x0000000080000000,0x0000000080ff09b0,0x0000000084300000)
 Metaspace       used 30292K, committed 31232K, reserved 1114112K
  class space    used 3130K, committed 3520K, reserved 1048576K
}
Event: 25.326 GC heap before
{Heap before GC invocations=13 (full 1):
 PSYoungGen      total 26624K, used 23136K [0x00000000d5580000, 0x00000000d7280000, 0x0000000100000000)
  eden space 22528K, 100% used [0x00000000d5580000,0x00000000d6b80000,0x00000000d6b80000)
  from space 4096K, 14% used [0x00000000d6c00000,0x00000000d6c98000,0x00000000d7000000)
  to   space 2048K, 0% used [0x00000000d7080000,0x00000000d7080000,0x00000000d7280000)
 ParOldGen       total 68608K, used 16322K [0x0000000080000000, 0x0000000084300000, 0x00000000d5580000)
  object space 68608K, 23% used [0x0000000080000000,0x0000000080ff09b0,0x0000000084300000)
 Metaspace       used 32250K, committed 33280K, reserved 1114112K
  class space    used 3349K, committed 3776K, reserved 1048576K
}
Event: 25.328 GC heap after
{Heap after GC invocations=13 (full 1):
 PSYoungGen      total 23040K, used 672K [0x00000000d5580000, 0x00000000d7180000, 0x0000000100000000)
  eden space 22016K, 0% used [0x00000000d5580000,0x00000000d5580000,0x00000000d6b00000)
  from space 1024K, 65% used [0x00000000d7080000,0x00000000d7128000,0x00000000d7180000)
  to   space 1024K, 0% used [0x00000000d6f80000,0x00000000d6f80000,0x00000000d7080000)
 ParOldGen       total 68608K, used 16810K [0x0000000080000000, 0x0000000084300000, 0x00000000d5580000)
  object space 68608K, 24% used [0x0000000080000000,0x000000008106a9f0,0x0000000084300000)
 Metaspace       used 32250K, committed 33280K, reserved 1114112K
  class space    used 3349K, committed 3776K, reserved 1048576K
}
Event: 25.824 GC heap before
{Heap before GC invocations=14 (full 1):
 PSYoungGen      total 23040K, used 19904K [0x00000000d5580000, 0x00000000d7180000, 0x0000000100000000)
  eden space 22016K, 87% used [0x00000000d5580000,0x00000000d68482d0,0x00000000d6b00000)
  from space 1024K, 65% used [0x00000000d7080000,0x00000000d7128000,0x00000000d7180000)
  to   space 1024K, 0% used [0x00000000d6f80000,0x00000000d6f80000,0x00000000d7080000)
 ParOldGen       total 68608K, used 16810K [0x0000000080000000, 0x0000000084300000, 0x00000000d5580000)
  object space 68608K, 24% used [0x0000000080000000,0x000000008106a9f0,0x0000000084300000)
 Metaspace       used 34820K, committed 35840K, reserved 1114112K
  class space    used 3638K, committed 4096K, reserved 1048576K
}
Event: 25.827 GC heap after
{Heap after GC invocations=14 (full 1):
 PSYoungGen      total 23040K, used 1007K [0x00000000d5580000, 0x00000000d7100000, 0x0000000100000000)
  eden space 22016K, 0% used [0x00000000d5580000,0x00000000d5580000,0x00000000d6b00000)
  from space 1024K, 98% used [0x00000000d6f80000,0x00000000d707be90,0x00000000d7080000)
  to   space 512K, 0% used [0x00000000d7080000,0x00000000d7080000,0x00000000d7100000)
 ParOldGen       total 68608K, used 17711K [0x0000000080000000, 0x0000000084300000, 0x00000000d5580000)
  object space 68608K, 25% used [0x0000000080000000,0x000000008114bd58,0x0000000084300000)
 Metaspace       used 34820K, committed 35840K, reserved 1114112K
  class space    used 3638K, committed 4096K, reserved 1048576K
}
Event: 25.827 GC heap before
{Heap before GC invocations=15 (full 2):
 PSYoungGen      total 23040K, used 1007K [0x00000000d5580000, 0x00000000d7100000, 0x0000000100000000)
  eden space 22016K, 0% used [0x00000000d5580000,0x00000000d5580000,0x00000000d6b00000)
  from space 1024K, 98% used [0x00000000d6f80000,0x00000000d707be90,0x00000000d7080000)
  to   space 512K, 0% used [0x00000000d7080000,0x00000000d7080000,0x00000000d7100000)
 ParOldGen       total 68608K, used 17711K [0x0000000080000000, 0x0000000084300000, 0x00000000d5580000)
  object space 68608K, 25% used [0x0000000080000000,0x000000008114bd58,0x0000000084300000)
 Metaspace       used 34820K, committed 35840K, reserved 1114112K
  class space    used 3638K, committed 4096K, reserved 1048576K
}
Event: 25.898 GC heap after
{Heap after GC invocations=15 (full 2):
 PSYoungGen      total 23040K, used 0K [0x00000000d5580000, 0x00000000d7100000, 0x0000000100000000)
  eden space 22016K, 0% used [0x00000000d5580000,0x00000000d5580000,0x00000000d6b00000)
  from space 1024K, 0% used [0x00000000d6f80000,0x00000000d6f80000,0x00000000d7080000)
  to   space 512K, 0% used [0x00000000d7080000,0x00000000d7080000,0x00000000d7100000)
 ParOldGen       total 68608K, used 18324K [0x0000000080000000, 0x0000000084300000, 0x00000000d5580000)
  object space 68608K, 26% used [0x0000000080000000,0x00000000811e53c8,0x0000000084300000)
 Metaspace       used 34820K, committed 35840K, reserved 1114112K
  class space    used 3638K, committed 4096K, reserved 1048576K
}

Dll operation events (20 events):
Event: 0.034 Attempting to load shared library c:\Users\welcome\.vscode\extensions\redhat.java-1.56.0-win32-x64\jre\21.0.12.1-win32-x86_64\bin\java.dll
Event: 0.034 Loaded shared library c:\Users\welcome\.vscode\extensions\redhat.java-1.56.0-win32-x64\jre\21.0.12.1-win32-x86_64\bin\java.dll
Event: 0.341 Attempting to load shared library c:\Users\welcome\.vscode\extensions\redhat.java-1.56.0-win32-x64\jre\21.0.12.1-win32-x86_64\bin\zip.dll
Event: 0.342 Loaded shared library c:\Users\welcome\.vscode\extensions\redhat.java-1.56.0-win32-x64\jre\21.0.12.1-win32-x86_64\bin\zip.dll
Event: 0.418 Attempting to load shared library C:\Users\welcome\.vscode\extensions\redhat.java-1.56.0-win32-x64\jre\21.0.12.1-win32-x86_64\bin\instrument.dll
Event: 0.418 Loaded shared library C:\Users\welcome\.vscode\extensions\redhat.java-1.56.0-win32-x64\jre\21.0.12.1-win32-x86_64\bin\instrument.dll
Event: 0.430 Attempting to load shared library C:\Users\welcome\.vscode\extensions\redhat.java-1.56.0-win32-x64\jre\21.0.12.1-win32-x86_64\bin\net.dll
Event: 0.431 Loaded shared library C:\Users\welcome\.vscode\extensions\redhat.java-1.56.0-win32-x64\jre\21.0.12.1-win32-x86_64\bin\net.dll
Event: 0.434 Attempting to load shared library C:\Users\welcome\.vscode\extensions\redhat.java-1.56.0-win32-x64\jre\21.0.12.1-win32-x86_64\bin\nio.dll
Event: 0.435 Loaded shared library C:\Users\welcome\.vscode\extensions\redhat.java-1.56.0-win32-x64\jre\21.0.12.1-win32-x86_64\bin\nio.dll
Event: 0.462 Attempting to load shared library C:\Users\welcome\.vscode\extensions\redhat.java-1.56.0-win32-x64\jre\21.0.12.1-win32-x86_64\bin\zip.dll
Event: 0.462 Loaded shared library C:\Users\welcome\.vscode\extensions\redhat.java-1.56.0-win32-x64\jre\21.0.12.1-win32-x86_64\bin\zip.dll
Event: 0.534 Attempting to load shared library C:\Users\welcome\.vscode\extensions\redhat.java-1.56.0-win32-x64\jre\21.0.12.1-win32-x86_64\bin\jimage.dll
Event: 0.534 Loaded shared library C:\Users\welcome\.vscode\extensions\redhat.java-1.56.0-win32-x64\jre\21.0.12.1-win32-x86_64\bin\jimage.dll
Event: 0.874 Attempting to load shared library c:\Users\welcome\.vscode\extensions\redhat.java-1.56.0-win32-x64\jre\21.0.12.1-win32-x86_64\bin\verify.dll
Event: 0.883 Loaded shared library c:\Users\welcome\.vscode\extensions\redhat.java-1.56.0-win32-x64\jre\21.0.12.1-win32-x86_64\bin\verify.dll
Event: 6.711 Attempting to load shared library C:\Users\welcome\AppData\Roaming\Code\User\globalStorage\redhat.java\1.56.0\config_win\org.eclipse.equinox.launcher\org.eclipse.equinox.launcher.win32.win32.x86_64_1.3.100.v20260804-1928\eclipse_11924.dll
Event: 6.722 Loaded shared library C:\Users\welcome\AppData\Roaming\Code\User\globalStorage\redhat.java\1.56.0\config_win\org.eclipse.equinox.launcher\org.eclipse.equinox.launcher.win32.win32.x86_64_1.3.100.v20260804-1928\eclipse_11924.dll
Event: 13.585 Attempting to load shared library C:\Users\welcome\AppData\Local\Temp\jna-1233099618\jna13997115196056891608.dll
Event: 15.134 Loaded shared library C:\Users\welcome\AppData\Local\Temp\jna-1233099618\jna13997115196056891608.dll

Deoptimization events (20 events):
Event: 25.495 Thread 0x000001d57c15c1f0 Uncommon trap: trap_request=0xffffffc6 fr.pc=0x000001d507b855c8 relative=0x0000000000000a68
Event: 25.495 Thread 0x000001d57c15c1f0 Uncommon trap: reason=bimorphic_or_optimized_type_check action=maybe_recompile pc=0x000001d507b855c8 method=java.util.HashMap.putVal(ILjava/lang/Object;Ljava/lang/Object;ZZ)Ljava/lang/Object; @ 56 c2
Event: 25.495 Thread 0x000001d57c15c1f0 DEOPT PACKING pc=0x000001d507b855c8 sp=0x000000a1d6bfda80
Event: 25.495 Thread 0x000001d57c15c1f0 DEOPT UNPACKING pc=0x000001d507583aa2 sp=0x000000a1d6bfd980 mode 2
Event: 25.495 Thread 0x000001d57c15c1f0 Uncommon trap: trap_request=0xffffffc6 fr.pc=0x000001d507b855c8 relative=0x0000000000000a68
Event: 25.495 Thread 0x000001d57c15c1f0 Uncommon trap: reason=bimorphic_or_optimized_type_check action=maybe_recompile pc=0x000001d507b855c8 method=java.util.HashMap.putVal(ILjava/lang/Object;Ljava/lang/Object;ZZ)Ljava/lang/Object; @ 56 c2
Event: 25.495 Thread 0x000001d57c15c1f0 DEOPT PACKING pc=0x000001d507b855c8 sp=0x000000a1d6bfda80
Event: 25.495 Thread 0x000001d57c15c1f0 DEOPT UNPACKING pc=0x000001d507583aa2 sp=0x000000a1d6bfd980 mode 2
Event: 25.495 Thread 0x000001d57c15c1f0 Uncommon trap: trap_request=0xffffffc6 fr.pc=0x000001d507b855c8 relative=0x0000000000000a68
Event: 25.495 Thread 0x000001d57c15c1f0 Uncommon trap: reason=bimorphic_or_optimized_type_check action=maybe_recompile pc=0x000001d507b855c8 method=java.util.HashMap.putVal(ILjava/lang/Object;Ljava/lang/Object;ZZ)Ljava/lang/Object; @ 56 c2
Event: 25.495 Thread 0x000001d57c15c1f0 DEOPT PACKING pc=0x000001d507b855c8 sp=0x000000a1d6bfda80
Event: 25.495 Thread 0x000001d57c15c1f0 DEOPT UNPACKING pc=0x000001d507583aa2 sp=0x000000a1d6bfd980 mode 2
Event: 26.192 Thread 0x000001d57c15c1f0 Uncommon trap: trap_request=0xffffff45 fr.pc=0x000001d507b2a518 relative=0x00000000000000f8
Event: 26.192 Thread 0x000001d57c15c1f0 Uncommon trap: reason=unstable_if action=reinterpret pc=0x000001d507b2a518 method=java.lang.String.getBytes([BIB)V @ 5 c2
Event: 26.192 Thread 0x000001d57c15c1f0 DEOPT PACKING pc=0x000001d507b2a518 sp=0x000000a1d6bfdd60
Event: 26.192 Thread 0x000001d57c15c1f0 DEOPT UNPACKING pc=0x000001d507583aa2 sp=0x000000a1d6bfdd08 mode 2
Event: 26.276 Thread 0x000001d57c15c1f0 Uncommon trap: trap_request=0xffffff45 fr.pc=0x000001d507b75448 relative=0x0000000000000128
Event: 26.276 Thread 0x000001d57c15c1f0 Uncommon trap: reason=unstable_if action=reinterpret pc=0x000001d507b75448 method=jdk.internal.org.objectweb.asm.SymbolTable.put(Ljdk/internal/org/objectweb/asm/SymbolTable$Entry;)Ljdk/internal/org/objectweb/asm/SymbolTable$Entry; @ 13 c2
Event: 26.276 Thread 0x000001d57c15c1f0 DEOPT PACKING pc=0x000001d507b75448 sp=0x000000a1d6bfba80
Event: 26.276 Thread 0x000001d57c15c1f0 DEOPT UNPACKING pc=0x000001d507583aa2 sp=0x000000a1d6bfb9e0 mode 2

Classes loaded (20 events):
Event: 26.323 Loading class javax/crypto/spec/PBEKeySpec done
Event: 26.326 Loading class sun/reflect/generics/repository/FieldRepository
Event: 26.326 Loading class sun/reflect/generics/repository/FieldRepository done
Event: 26.331 Loading class jdk/internal/reflect/MethodHandleBooleanFieldAccessorImpl
Event: 26.332 Loading class jdk/internal/reflect/MethodHandleBooleanFieldAccessorImpl done
Event: 26.360 Loading class java/io/UncheckedIOException
Event: 26.361 Loading class java/io/UncheckedIOException done
Event: 26.402 Loading class java/io/PrintWriter$1
Event: 26.402 Loading class jdk/internal/access/JavaIOPrintWriterAccess
Event: 26.403 Loading class jdk/internal/access/JavaIOPrintWriterAccess done
Event: 26.403 Loading class java/io/PrintWriter$1 done
Event: 26.403 Loading class sun/util/locale/provider/TimeZoneNameUtility
Event: 26.403 Loading class sun/util/locale/provider/TimeZoneNameUtility done
Event: 26.404 Loading class sun/util/locale/provider/TimeZoneNameUtility$TimeZoneNameGetter
Event: 26.406 Loading class sun/util/locale/provider/TimeZoneNameUtility$TimeZoneNameGetter done
Event: 26.406 Loading class sun/util/cldr/CLDRTimeZoneNameProviderImpl
Event: 26.407 Loading class sun/util/locale/provider/TimeZoneNameProviderImpl
Event: 26.407 Loading class sun/util/locale/provider/TimeZoneNameProviderImpl done
Event: 26.407 Loading class sun/util/cldr/CLDRTimeZoneNameProviderImpl done
Event: 26.411 Loading class sun/util/locale/provider/BaseLocaleDataMetaInfo

Classes unloaded (7 events):
Event: 18.730 Thread 0x000001d576b2e080 Unloading class 0x000001d5101ab400 'java/lang/invoke/LambdaForm$MH+0x000001d5101ab400'
Event: 18.730 Thread 0x000001d576b2e080 Unloading class 0x000001d5101ab000 'java/lang/invoke/LambdaForm$MH+0x000001d5101ab000'
Event: 18.730 Thread 0x000001d576b2e080 Unloading class 0x000001d5101aac00 'java/lang/invoke/LambdaForm$MH+0x000001d5101aac00'
Event: 18.730 Thread 0x000001d576b2e080 Unloading class 0x000001d5101aa800 'java/lang/invoke/LambdaForm$MH+0x000001d5101aa800'
Event: 18.730 Thread 0x000001d576b2e080 Unloading class 0x000001d5101aa400 'java/lang/invoke/LambdaForm$BMH+0x000001d5101aa400'
Event: 18.730 Thread 0x000001d576b2e080 Unloading class 0x000001d5101aa000 'java/lang/invoke/LambdaForm$DMH+0x000001d5101aa000'
Event: 18.730 Thread 0x000001d576b2e080 Unloading class 0x000001d5101a8c00 'java/lang/invoke/LambdaForm$DMH+0x000001d5101a8c00'

Classes redefined (0 events):
No events

Internal exceptions (20 events):
Event: 19.660 Thread 0x000001d57c8a1800 Exception <a 'java/lang/NoSuchMethodError'{0x00000000d683a118}: 'int java.lang.invoke.DirectMethodHandle$Holder.invokeStaticInit(java.lang.Object, double, double)'> (0x00000000d683a118) 
thrown [s\src\hotspot\share\interpreter\linkResolver.cpp, line 773]
Event: 19.660 Thread 0x000001d57c8a1800 Exception <a 'java/lang/NoSuchMethodError'{0x00000000d683e510}: 'int java.lang.invoke.DirectMethodHandle$Holder.invokeStatic(java.lang.Object, long)'> (0x00000000d683e510) 
thrown [s\src\hotspot\share\interpreter\linkResolver.cpp, line 773]
Event: 19.676 Thread 0x000001d57c8a1800 Exception <a 'java/lang/NoSuchMethodError'{0x00000000d685ccd8}: 'int java.lang.invoke.Invokers$Holder.linkToTargetMethod(java.lang.Object, java.lang.Object)'> (0x00000000d685ccd8) 
thrown [s\src\hotspot\share\interpreter\linkResolver.cpp, line 773]
Event: 19.825 Thread 0x000001d57c8a0450 Exception <a 'java/lang/NoSuchMethodError'{0x00000000d577c3d0}: 'int java.lang.invoke.DirectMethodHandle$Holder.invokeSpecial(java.lang.Object, java.lang.Object, java.lang.Object, java.lang.Object)'> (0x00000000d577c3d0) 
thrown [s\src\hotspot\share\interpreter\linkResolver.cpp, line 773]
Event: 19.832 Thread 0x000001d57c8a0450 Exception <a 'java/lang/NoSuchMethodError'{0x00000000d6b865a0}: 'java.lang.Object java.lang.invoke.DirectMethodHandle$Holder.invokeStatic(java.lang.Object, int, java.lang.Object, java.lang.Object)'> (0x00000000d6b865a0) 
thrown [s\src\hotspot\share\interpreter\linkResolver.cpp, line 773]
Event: 19.835 Thread 0x000001d57c8a0450 Exception <a 'java/lang/NoSuchMethodError'{0x00000000d6b89d80}: 'java.lang.Object java.lang.invoke.DelegatingMethodHandle$Holder.delegate(java.lang.Object, int, java.lang.Object, java.lang.Object)'> (0x00000000d6b89d80) 
thrown [s\src\hotspot\share\interpreter\linkResolver.cpp, line 773]
Event: 19.844 Thread 0x000001d57c8a0450 Exception <a 'java/lang/NoSuchMethodError'{0x00000000d6b9d7a8}: 'int java.lang.invoke.Invokers$Holder.linkToTargetMethod(java.lang.Object, java.lang.Object, java.lang.Object)'> (0x00000000d6b9d7a8) 
thrown [s\src\hotspot\share\interpreter\linkResolver.cpp, line 773]
Event: 20.197 Thread 0x000001d57c8a1800 Exception <a 'java/lang/NoSuchMethodError'{0x00000000d6cede68}: 'java.lang.Object java.lang.invoke.DirectMethodHandle$Holder.invokeSpecialIFC(java.lang.Object, java.lang.Object, java.lang.Object, java.lang.Object)'> (0x00000000d6cede68) 
thrown [s\src\hotspot\share\interpreter\linkResolver.cpp, line 773]
Event: 23.640 Thread 0x000001d57c8a1800 Exception <a 'java/lang/NoClassDefFoundError'{0x00000000d6a84e48}: javax/enterprise/inject/Typed> (0x00000000d6a84e48) 
thrown [s\src\hotspot\share\classfile\systemDictionary.cpp, line 302]
Event: 23.814 Thread 0x000001d57c15c1f0 Exception <a 'java/io/FileNotFoundException'{0x00000000d5dc8888}> (0x00000000d5dc8888) 
thrown [s\src\hotspot\share\prims\jni.cpp, line 520]
Event: 23.816 Thread 0x000001d57c15c1f0 Exception <a 'java/io/FileNotFoundException'{0x00000000d5dc9890}> (0x00000000d5dc9890) 
thrown [s\src\hotspot\share\prims\jni.cpp, line 520]
Event: 25.297 Thread 0x000001d57c15c1f0 Exception <a 'java/lang/ClassNotFoundException'{0x00000000d69f0148}: com/sun/org/apache/xerces/internal/impl/msg/spi/DOMMessagesProvider> (0x00000000d69f0148) 
thrown [s\src\hotspot\share\classfile\systemDictionary.cpp, line 313]
Event: 25.306 Thread 0x000001d57c15c1f0 Exception <a 'java/lang/ClassNotFoundException'{0x00000000d6aa39c0}: com/sun/org/apache/xerces/internal/impl/msg/spi/XMLSerializerMessagesProvider> (0x00000000d6aa39c0) 
thrown [s\src\hotspot\share\classfile\systemDictionary.cpp, line 313]
Event: 25.308 Thread 0x000001d57c15c1f0 Exception <a 'java/lang/ClassNotFoundException'{0x00000000d6ab0ce0}: com/sun/org/apache/xerces/internal/impl/msg/spi/XMLMessagesProvider> (0x00000000d6ab0ce0) 
thrown [s\src\hotspot\share\classfile\systemDictionary.cpp, line 313]
Event: 25.768 Thread 0x000001d57c15c1f0 Exception <a 'java/lang/ClassNotFoundException'{0x00000000d653c108}: com/sun/org/apache/xml/internal/serializer/spi/XMLEntitiesProvider> (0x00000000d653c108) 
thrown [s\src\hotspot\share\classfile\systemDictionary.cpp, line 313]
Event: 26.203 Thread 0x000001d57c15c1f0 Exception <a 'java/io/FileNotFoundException'{0x00000000d5f3b608}> (0x00000000d5f3b608) 
thrown [s\src\hotspot\share\prims\jni.cpp, line 520]
Event: 26.284 Thread 0x000001d57c15c1f0 Exception <a 'java/lang/UnsatisfiedLinkError'{0x00000000d61683d8}: The specified procedure could not be found.
> (0x00000000d61683d8) 
thrown [s\src\hotspot\share\prims\jni.cpp, line 539]
Event: 26.297 Thread 0x000001d57c15c1f0 Exception <a 'java/io/FileNotFoundException'{0x00000000d6180268}> (0x00000000d6180268) 
thrown [s\src\hotspot\share\prims\jni.cpp, line 520]
Event: 26.324 Thread 0x000001d57c15c1f0 Exception <a 'java/io/FileNotFoundException'{0x00000000d63541b0}> (0x00000000d63541b0) 
thrown [s\src\hotspot\share\prims\jni.cpp, line 520]
Event: 26.333 Thread 0x000001d57c15c1f0 Exception <a 'java/lang/UnsatisfiedLinkError'{0x00000000d63be870}: The specified procedure could not be found.
> (0x00000000d63be870) 
thrown [s\src\hotspot\share\prims\jni.cpp, line 539]

ZGC Phase Switch (0 events):
No events

VM Operations (20 events):
Event: 23.240 Executing safepoint VM operation: Cleanup
Event: 23.268 Executing safepoint VM operation: Cleanup done
Event: 23.577 Executing non-safepoint VM operation: HandshakeAllThreads (Deoptimize)
Event: 23.577 Executing non-safepoint VM operation: HandshakeAllThreads (Deoptimize) done
Event: 23.796 Executing safepoint VM operation: ParallelGCFailedAllocation (Allocation Failure)
Event: 23.801 Executing safepoint VM operation: ParallelGCFailedAllocation (Allocation Failure) done
Event: 24.498 Executing safepoint VM operation: ParallelGCFailedAllocation (Allocation Failure)
Event: 24.508 Executing safepoint VM operation: ParallelGCFailedAllocation (Allocation Failure) done
Event: 25.325 Executing safepoint VM operation: ParallelGCFailedAllocation (Allocation Failure)
Event: 25.328 Executing safepoint VM operation: ParallelGCFailedAllocation (Allocation Failure) done
Event: 25.423 Executing non-safepoint VM operation: HandshakeAllThreads (Deoptimize)
Event: 25.494 Executing non-safepoint VM operation: HandshakeAllThreads (Deoptimize) done
Event: 25.495 Executing non-safepoint VM operation: HandshakeAllThreads (Deoptimize)
Event: 25.495 Executing non-safepoint VM operation: HandshakeAllThreads (Deoptimize) done
Event: 25.823 Executing safepoint VM operation: CollectForMetadataAllocation (Metadata GC Threshold)
Event: 25.898 Executing safepoint VM operation: CollectForMetadataAllocation (Metadata GC Threshold) done
Event: 26.134 Executing non-safepoint VM operation: HandshakeAllThreads (Deoptimize)
Event: 26.134 Executing non-safepoint VM operation: HandshakeAllThreads (Deoptimize) done
Event: 26.267 Executing non-safepoint VM operation: HandshakeAllThreads (Deoptimize)
Event: 26.268 Executing non-safepoint VM operation: HandshakeAllThreads (Deoptimize) done

Memory protections (0 events):
No events

Nmethod flushes (20 events):
Event: 25.860 Thread 0x000001d576b2e080 flushing  nmethod 0x000001d500664010
Event: 25.860 Thread 0x000001d576b2e080 flushing  nmethod 0x000001d500665210
Event: 25.860 Thread 0x000001d576b2e080 flushing  nmethod 0x000001d500665a10
Event: 25.860 Thread 0x000001d576b2e080 flushing  nmethod 0x000001d500666190
Event: 25.860 Thread 0x000001d576b2e080 flushing  nmethod 0x000001d500667710
Event: 25.860 Thread 0x000001d576b2e080 flushing  nmethod 0x000001d500667b90
Event: 25.860 Thread 0x000001d576b2e080 flushing  nmethod 0x000001d500668490
Event: 25.860 Thread 0x000001d576b2e080 flushing  nmethod 0x000001d50066a490
Event: 25.860 Thread 0x000001d576b2e080 flushing  nmethod 0x000001d50066b190
Event: 25.860 Thread 0x000001d576b2e080 flushing  nmethod 0x000001d50066b690
Event: 25.860 Thread 0x000001d576b2e080 flushing  nmethod 0x000001d50066cb90
Event: 25.860 Thread 0x000001d576b2e080 flushing  nmethod 0x000001d50066ce90
Event: 25.860 Thread 0x000001d576b2e080 flushing  nmethod 0x000001d5006a5a90
Event: 25.860 Thread 0x000001d576b2e080 flushing  nmethod 0x000001d5006ab310
Event: 25.860 Thread 0x000001d576b2e080 flushing  nmethod 0x000001d5006af710
Event: 25.860 Thread 0x000001d576b2e080 flushing  nmethod 0x000001d5006c4910
Event: 25.860 Thread 0x000001d576b2e080 flushing  nmethod 0x000001d5006c4e10
Event: 25.860 Thread 0x000001d576b2e080 flushing  nmethod 0x000001d50071b690
Event: 25.860 Thread 0x000001d576b2e080 flushing  nmethod 0x000001d50071e990
Event: 25.860 Thread 0x000001d576b2e080 flushing  nmethod 0x000001d50073e610

Events (20 events):
Event: 0.181 Thread 0x000001d56cf117f0 Thread added: 0x000001d576b40c80
Event: 0.185 Thread 0x000001d56cf117f0 Thread added: 0x000001d576b82230
Event: 0.426 Thread 0x000001d56cf117f0 Thread added: 0x000001d57792ab20
Event: 0.834 Thread 0x000001d576b82230 Thread added: 0x000001d5779b0110
Event: 1.016 Thread 0x000001d5779b0110 Thread exited: 0x000001d5779b0110
Event: 1.364 Thread 0x000001d56cf117f0 Thread added: 0x000001d577a29030
Event: 5.525 Thread 0x000001d56cf117f0 Thread added: 0x000001d57c3f8480
Event: 6.701 Thread 0x000001d56cf117f0 Thread added: 0x000001d57c362a70
Event: 6.872 Thread 0x000001d57c362a70 Thread added: 0x000001d57c5d0e00
Event: 6.895 Thread 0x000001d56cf117f0 Thread added: 0x000001d57c15c1f0
Event: 8.483 Thread 0x000001d57c15c1f0 Thread added: 0x000001d57cc3b460
Event: 10.757 Thread 0x000001d57c15c1f0 Thread added: 0x000001d57cf65410
Event: 12.402 Thread 0x000001d57c15c1f0 Thread added: 0x000001d57c5b1590
Event: 15.178 Thread 0x000001d57c15c1f0 Thread added: 0x000001d57c8a1170
Event: 15.264 Thread 0x000001d57c15c1f0 Thread added: 0x000001d57c8a1800
Event: 15.315 Thread 0x000001d57c15c1f0 Thread added: 0x000001d57c8a0450
Event: 19.809 Thread 0x000001d57c8a0450 Thread added: 0x000001d57c00e330
Event: 20.068 Thread 0x000001d57c00e330 Thread added: 0x000001d57c008de0
Event: 25.365 Thread 0x000001d57c15c1f0 Thread added: 0x000001d57c00aeb0
Event: 26.383 Thread 0x000001d57c008de0 Thread added: 0x000001d57c00c8f0


Dynamic libraries:
0x00007ff784f00000 - 0x00007ff784f0e000 	c:\Users\welcome\.vscode\extensions\redhat.java-1.56.0-win32-x64\jre\21.0.12.1-win32-x86_64\bin\java.exe
0x00007fffc4bd0000 - 0x00007fffc4dc9000 	C:\Windows\SYSTEM32\ntdll.dll
0x00007fffc3a60000 - 0x00007fffc3b22000 	C:\Windows\System32\KERNEL32.DLL
0x00007fffc25d0000 - 0x00007fffc28c7000 	C:\Windows\System32\KERNELBASE.dll
0x00007fffc2a30000 - 0x00007fffc2b30000 	C:\Windows\System32\ucrtbase.dll
0x00007fffbedd0000 - 0x00007fffbede8000 	c:\Users\welcome\.vscode\extensions\redhat.java-1.56.0-win32-x64\jre\21.0.12.1-win32-x86_64\bin\jli.dll
0x00007fffc3560000 - 0x00007fffc36fd000 	C:\Windows\System32\USER32.dll
0x00007fffc2b80000 - 0x00007fffc2ba2000 	C:\Windows\System32\win32u.dll
0x00007fffc3b90000 - 0x00007fffc3bbb000 	C:\Windows\System32\GDI32.dll
0x00007fffc22c0000 - 0x00007fffc23da000 	C:\Windows\System32\gdi32full.dll
0x00007fffc2220000 - 0x00007fffc22bd000 	C:\Windows\System32\msvcp_win.dll
0x00007fffbedb0000 - 0x00007fffbedce000 	c:\Users\welcome\.vscode\extensions\redhat.java-1.56.0-win32-x64\jre\21.0.12.1-win32-x86_64\bin\VCRUNTIME140.dll
0x00007fffaf7a0000 - 0x00007fffafa3b000 	C:\Windows\WinSxS\amd64_microsoft.windows.common-controls_6595b64144ccf1df_6.0.19041.7663_none_60b9ed0b71f50c93\COMCTL32.dll
0x00007fffc3940000 - 0x00007fffc39de000 	C:\Windows\System32\msvcrt.dll
0x00007fffc3910000 - 0x00007fffc393f000 	C:\Windows\System32\IMM32.DLL
0x00007fffbe7d0000 - 0x00007fffbe7dc000 	c:\Users\welcome\.vscode\extensions\redhat.java-1.56.0-win32-x64\jre\21.0.12.1-win32-x86_64\bin\vcruntime140_1.dll
0x00007fffab420000 - 0x00007fffab4ad000 	c:\Users\welcome\.vscode\extensions\redhat.java-1.56.0-win32-x64\jre\21.0.12.1-win32-x86_64\bin\msvcp140.dll
0x00007fff860a0000 - 0x00007fff86e42000 	c:\Users\welcome\.vscode\extensions\redhat.java-1.56.0-win32-x64\jre\21.0.12.1-win32-x86_64\bin\server\jvm.dll
0x00007fffc4ad0000 - 0x00007fffc4b82000 	C:\Windows\System32\ADVAPI32.dll
0x00007fffc3400000 - 0x00007fffc34a0000 	C:\Windows\System32\sechost.dll
0x00007fffc37e0000 - 0x00007fffc3906000 	C:\Windows\System32\RPCRT4.dll
0x00007fffc2460000 - 0x00007fffc2487000 	C:\Windows\System32\bcrypt.dll
0x00007fffc39e0000 - 0x00007fffc3a53000 	C:\Windows\System32\WS2_32.dll
0x00007fffc2070000 - 0x00007fffc20bb000 	C:\Windows\SYSTEM32\POWRPROF.dll
0x00007fffad060000 - 0x00007fffad087000 	C:\Windows\SYSTEM32\WINMM.dll
0x00007fffbb7b0000 - 0x00007fffbb7ba000 	C:\Windows\SYSTEM32\VERSION.dll
0x00007fffc2050000 - 0x00007fffc2062000 	C:\Windows\SYSTEM32\UMPDC.dll
0x00007fffc0030000 - 0x00007fffc0042000 	C:\Windows\SYSTEM32\kernel.appcore.dll
0x00007fffbe7c0000 - 0x00007fffbe7ca000 	c:\Users\welcome\.vscode\extensions\redhat.java-1.56.0-win32-x64\jre\21.0.12.1-win32-x86_64\bin\jimage.dll
0x00007fffac260000 - 0x00007fffac46b000 	C:\Windows\SYSTEM32\DBGHELP.DLL
0x00007fffaae90000 - 0x00007fffaaec5000 	C:\Windows\SYSTEM32\dbgcore.DLL
0x00007fffc2540000 - 0x00007fffc25c2000 	C:\Windows\System32\bcryptPrimitives.dll
0x00007fffbc6c0000 - 0x00007fffbc6cf000 	c:\Users\welcome\.vscode\extensions\redhat.java-1.56.0-win32-x64\jre\21.0.12.1-win32-x86_64\bin\instrument.dll
0x00007fffbd060000 - 0x00007fffbd080000 	c:\Users\welcome\.vscode\extensions\redhat.java-1.56.0-win32-x64\jre\21.0.12.1-win32-x86_64\bin\java.dll
0x00007fffc2c80000 - 0x00007fffc33f1000 	C:\Windows\System32\SHELL32.dll
0x00007fffc0240000 - 0x00007fffc09ec000 	C:\Windows\SYSTEM32\windows.storage.dll
0x00007fffc4040000 - 0x00007fffc4394000 	C:\Windows\System32\combase.dll
0x00007fffc1b70000 - 0x00007fffc1b9b000 	C:\Windows\SYSTEM32\Wldp.dll
0x00007fffc34a0000 - 0x00007fffc354d000 	C:\Windows\System32\SHCORE.dll
0x00007fffc2c10000 - 0x00007fffc2c6b000 	C:\Windows\System32\shlwapi.dll
0x00007fffc2150000 - 0x00007fffc2175000 	C:\Windows\SYSTEM32\profapi.dll
0x00007fffbd040000 - 0x00007fffbd058000 	c:\Users\welcome\.vscode\extensions\redhat.java-1.56.0-win32-x64\jre\21.0.12.1-win32-x86_64\bin\zip.dll
0x00007fffbcc60000 - 0x00007fffbcc70000 	C:\Users\welcome\.vscode\extensions\redhat.java-1.56.0-win32-x64\jre\21.0.12.1-win32-x86_64\bin\net.dll
0x00007fffb8a20000 - 0x00007fffb8b2d000 	C:\Windows\SYSTEM32\WINHTTP.dll
0x00007fffc1880000 - 0x00007fffc18ea000 	C:\Windows\system32\mswsock.dll
0x00007fffbcc40000 - 0x00007fffbcc56000 	C:\Users\welcome\.vscode\extensions\redhat.java-1.56.0-win32-x64\jre\21.0.12.1-win32-x86_64\bin\nio.dll
0x00007fffbc6b0000 - 0x00007fffbc6c0000 	c:\Users\welcome\.vscode\extensions\redhat.java-1.56.0-win32-x64\jre\21.0.12.1-win32-x86_64\bin\verify.dll
0x00007fffa5ea0000 - 0x00007fffa5ee5000 	C:\Users\welcome\AppData\Roaming\Code\User\globalStorage\redhat.java\1.56.0\config_win\org.eclipse.equinox.launcher\org.eclipse.equinox.launcher.win32.win32.x86_64_1.3.100.v20260804-1928\eclipse_11924.dll
0x00007fffc4770000 - 0x00007fffc489c000 	C:\Windows\System32\ole32.dll
0x00007fffc1ad0000 - 0x00007fffc1ae8000 	C:\Windows\SYSTEM32\CRYPTSP.dll
0x00007fffc1180000 - 0x00007fffc11b8000 	C:\Windows\system32\rsaenh.dll
0x00007fffc20c0000 - 0x00007fffc20ee000 	C:\Windows\SYSTEM32\USERENV.dll
0x00007fffc1ac0000 - 0x00007fffc1acc000 	C:\Windows\SYSTEM32\CRYPTBASE.dll
0x00007fffc1550000 - 0x00007fffc158b000 	C:\Windows\SYSTEM32\IPHLPAPI.DLL
0x00007fffc2c70000 - 0x00007fffc2c78000 	C:\Windows\System32\NSI.dll
0x00007fff929b0000 - 0x00007fff929f9000 	C:\Users\welcome\AppData\Local\Temp\jna-1233099618\jna13997115196056891608.dll
0x00007fffc44c0000 - 0x00007fffc44c8000 	C:\Windows\System32\PSAPI.DLL
0x00007fffb9550000 - 0x00007fffb9567000 	C:\Windows\SYSTEM32\dhcpcsvc6.DLL
0x00007fffb9530000 - 0x00007fffb954d000 	C:\Windows\SYSTEM32\dhcpcsvc.DLL

JVMTI agents:
c:\Users\welcome\.vscode\extensions\redhat.java-1.56.0-win32-x64\lombok\lombok-1.18.39-4050.jar path:c:\Users\welcome\.vscode\extensions\redhat.java-1.56.0-win32-x64\jre\21.0.12.1-win32-x86_64\bin\instrument.dll, loaded, initialized, instrumentlib options:none

dbghelp: loaded successfully - version: 4.0.5 - missing functions: none
symbol engine: initialized successfully - sym options: 0x614 - pdb path: .;c:\Users\welcome\.vscode\extensions\redhat.java-1.56.0-win32-x64\jre\21.0.12.1-win32-x86_64\bin;C:\Windows\SYSTEM32;C:\Windows\WinSxS\amd64_microsoft.windows.common-controls_6595b64144ccf1df_6.0.19041.7663_none_60b9ed0b71f50c93;c:\Users\welcome\.vscode\extensions\redhat.java-1.56.0-win32-x64\jre\21.0.12.1-win32-x86_64\bin\server;C:\Users\welcome\AppData\Roaming\Code\User\globalStorage\redhat.java\1.56.0\config_win\org.eclipse.equinox.launcher\org.eclipse.equinox.launcher.win32.win32.x86_64_1.3.100.v20260804-1928;C:\Users\welcome\AppData\Local\Temp\jna-1233099618

VM Arguments:
jvm_args: --add-modules=ALL-SYSTEM --add-opens=java.base/java.util=ALL-UNNAMED --add-opens=java.base/java.lang=ALL-UNNAMED --add-opens=java.base/sun.nio.fs=ALL-UNNAMED -Declipse.application=org.eclipse.jdt.ls.core.id1 -Dosgi.bundles.defaultStartLevel=4 -Declipse.product=org.eclipse.jdt.ls.core.product -Djava.import.generatesMetadataFilesAtProjectRoot=false -Dm2e.project.cache.size=50 -DDetectVMInstallationsJob.disabled=true -Dfile.encoding=utf8 -XX:+UseParallelGC -XX:GCTimeRatio=4 -XX:AdaptiveSizePolicyWeight=90 -Dsun.zip.disableMemoryMapping=true -Xmx2G -Xms100m -Xlog:disable -javaagent:c:\Users\welcome\.vscode\extensions\redhat.java-1.56.0-win32-x64\lombok\lombok-1.18.39-4050.jar -XX:+HeapDumpOnOutOfMemoryError -XX:HeapDumpPath=c:\Users\welcome\AppData\Roaming\Code\User\workspaceStorage\438089d090c8572c52f170013986077f\redhat.java -Daether.dependencyCollector.impl=bf 
java_command: c:\Users\welcome\.vscode\extensions\redhat.java-1.56.0-win32-x64\server\plugins\org.eclipse.equinox.launcher_1.8.0.v20260804-1928.jar -configuration c:\Users\welcome\AppData\Roaming\Code\User\globalStorage\redhat.java\1.56.0\config_win -data c:\Users\welcome\AppData\Roaming\Code\User\workspaceStorage\438089d090c8572c52f170013986077f\redhat.java\jdt_ws --stdio
java_class_path (initial): c:\Users\welcome\.vscode\extensions\redhat.java-1.56.0-win32-x64\server\plugins\org.eclipse.equinox.launcher_1.8.0.v20260804-1928.jar
Launcher Type: SUN_STANDARD

[Global flags]
    uintx AdaptiveSizePolicyWeight                 = 90                                        {product} {command line}
     intx CICompilerCount                          = 3                                         {product} {ergonomic}
    uintx GCTimeRatio                              = 4                                         {product} {command line}
     bool HeapDumpOnOutOfMemoryError               = true                                   {manageable} {command line}
    ccstr HeapDumpPath                             = c:\Users\welcome\AppData\Roaming\Code\User\workspaceStorage\438089d090c8572c52f170013986077f\redhat.java         {manageable} {command line}
   size_t InitialHeapSize                          = 104857600                                 {product} {command line}
   size_t MaxHeapSize                              = 2147483648                                {product} {command line}
   size_t MaxNewSize                               = 715653120                                 {product} {ergonomic}
   size_t MinHeapDeltaBytes                        = 524288                                    {product} {ergonomic}
   size_t MinHeapSize                              = 104857600                                 {product} {command line}
   size_t NewSize                                  = 34603008                                  {product} {ergonomic}
    uintx NonNMethodCodeHeapSize                   = 5832780                                {pd product} {ergonomic}
    uintx NonProfiledCodeHeapSize                  = 122912730                              {pd product} {ergonomic}
   size_t OldSize                                  = 70254592                                  {product} {ergonomic}
    uintx ProfiledCodeHeapSize                     = 122912730                              {pd product} {ergonomic}
    uintx ReservedCodeCacheSize                    = 251658240                              {pd product} {ergonomic}
     bool SegmentedCodeCache                       = true                                      {product} {ergonomic}
   size_t SoftMaxHeapSize                          = 2147483648                             {manageable} {ergonomic}
     bool UseCompressedOops                        = true                           {product lp64_product} {ergonomic}
     bool UseLargePagesIndividualAllocation        = false                                  {pd product} {ergonomic}
     bool UseParallelGC                            = true                                      {product} {command line}

Logging:
Log output configuration:
 #0: stdout all=off uptime,level,tags foldmultilines=false
 #1: stderr all=off uptime,level,tags foldmultilines=false

Release file:
JAVA_VERSION="21.0.12.1" 
MODULES="java.base java.compiler java.datatransfer java.xml java.prefs java.desktop java.instrument java.logging java.management java.security.sasl java.naming java.rmi java.management.rmi java.net.http java.scripting java.security.jgss java.transaction.xa java.sql java.sql.rowset java.xml.crypto java.se java.smartcardio jdk.accessibility jdk.internal.jvmstat jdk.attach jdk.charsets jdk.internal.opt jdk.zipfs jdk.compiler jdk.crypto.ec jdk.crypto.cryptoki jdk.crypto.mscapi jdk.dynalink jdk.internal.ed jdk.editpad jdk.hotspot.agent jdk.httpserver jdk.internal.le jdk.internal.vm.ci jdk.internal.vm.compiler jdk.internal.vm.compiler.management jdk.jartool jdk.javadoc jdk.jcmd jdk.management jdk.management.agent jdk.jconsole jdk.jdeps jdk.jdwp.agent jdk.jdi jdk.jfr jdk.jshell jdk.jsobject jdk.jstatd jdk.localedata jdk.management.jfr jdk.naming.dns jdk.naming.rmi jdk.net jdk.nio.mapmode jdk.random jdk.sctp jdk.security.auth jdk.security.jgss jdk.unsupported jdk.unsupported.desktop jdk.xml.dom" 

Environment Variables:
PATH=C:\Program Files\Eclipse Adoptium\jdk-17.0.20.101-hotspot\bin;C:\Windows\system32;C:\Windows;C:\Windows\System32\Wbem;C:\Windows\System32\WindowsPowerShell\v1.0\;C:\Windows\System32\OpenSSH\;C:\Program Files\Git\cmd;C:\Program Files\nodejs\;C:\Users\welcome\AppData\Local\Microsoft\WindowsApps;C:\Users\welcome\AppData\Local\Programs\Microsoft VS Code\bin;C:\Users\welcome\AppData\Local\Programs\DockerDesktop\resources\bin;C:\Users\welcome\AppData\Roaming\npm
USERNAME=welcome
OS=Windows_NT
PROCESSOR_IDENTIFIER=Intel64 Family 6 Model 142 Stepping 9, GenuineIntel
TMP=C:\Users\welcome\AppData\Local\Temp
TEMP=C:\Users\welcome\AppData\Local\Temp




Periodic native trim disabled

---------------  S Y S T E M  ---------------

OS:
 Windows 10 , 64 bit Build 19041 (10.0.19041.7725)
OS uptime: 5 days 23:31 hours
Hyper-V role detected

CPU: total 4 (initial active 4) (2 cores per cpu, 2 threads per core) family 6 model 142 stepping 9 microcode 0xea, cx8, cmov, fxsr, ht, mmx, 3dnowpref, sse, sse2, sse3, ssse3, sse4.1, sse4.2, popcnt, lzcnt, tsc, tscinvbit, avx, avx2, aes, erms, clmul, bmi1, bmi2, adx, fma, vzeroupper, clflush, clflushopt, hv, rdtscp, f16c
Processor Information for processor 0
  Max Mhz: 2400, Current Mhz: 2400, Mhz Limit: 2400
Processor Information for processor 1
  Max Mhz: 2400, Current Mhz: 1500, Mhz Limit: 2400
Processor Information for processor 2
  Max Mhz: 2400, Current Mhz: 2400, Mhz Limit: 2400
Processor Information for processor 3
  Max Mhz: 2400, Current Mhz: 2400, Mhz Limit: 2400

Memory: 4k page, system-wide physical 4005M (287M free)
TotalPageFile size 11505M (AvailPageFile size 127M)
current process WorkingSet (physical memory assigned to process): 182M, peak: 187M
current process commit charge ("private bytes"): 295M, peak: 299M

vm_info: OpenJDK 64-Bit Server VM (21.0.12.1+1-LTS) for windows-amd64 JRE (21.0.12.1+1-LTS), built on 2026-08-18T00:00:00Z by "admin" with MS VC++ 17.12 (VS2022)

END.
