#
# There is insufficient memory for the Java Runtime Environment to continue.
# Native memory allocation (malloc) failed to allocate 1315216 bytes. Error detail: Chunk::new
# Possible reasons:
#   The system is out of physical RAM or swap space
#   This process is running with CompressedOops enabled, and the Java Heap may be blocking the growth of the native heap
# Possible solutions:
#   Reduce memory load on the system
#   Increase physical memory or swap space
#   Check if swap backing store is full
#   Decrease Java heap size (-Xmx/-Xms)
#   Decrease number of Java threads
#   Decrease Java thread stack sizes (-Xss)
#   Set larger code cache with -XX:ReservedCodeCacheSize=
#   JVM is running with Unscaled Compressed Oops mode in which the Java heap is
#     placed in the first 4GB address space. The Java Heap base address is the
#     maximum limit for the native heap growth. Please use -XX:HeapBaseMinAddress
#     to set the Java Heap base and to place the Java Heap above 4GB virtual address.
# This output file may be truncated or incomplete.
#
#  Out of Memory Error (arena.cpp:191), pid=16544, tid=8492
#
# JRE version: OpenJDK Runtime Environment Temurin-17.0.20.1+1 (17.0.20.1+1) (build 17.0.20.1+1)
# Java VM: OpenJDK 64-Bit Server VM Temurin-17.0.20.1+1 (17.0.20.1+1, mixed mode, sharing, tiered, compressed oops, compressed class ptrs, g1 gc, windows-amd64)
# No core dump will be written. Minidumps are not enabled by default on client versions of Windows
#

---------------  S U M M A R Y ------------

Command Line: -DkotlinLanguageServer.version=1.3.13 org.javacs.kt.MainKt

Host: Intel(R) Core(TM) i3-7100U CPU @ 2.40GHz, 4 cores, 3G,  Windows 10 , 64 bit Build 19041 (10.0.19041.7725)
Time: Wed Sep 23 10:48:53 2026 India Standard Time elapsed time: 50.358774 seconds (0d 0h 0m 50s)

---------------  T H R E A D  ---------------

Current thread (0x00000273f88254b0):  JavaThread "C2 CompilerThread0" daemon [_thread_in_native, id=8492, stack(0x0000009738400000,0x0000009738500000)]


Current CompileTask:
C2:50359 7400       4       com.intellij.psi.impl.compiled.FirstPassData::toTypeInfo (25 bytes)

Stack: [0x0000009738400000,0x0000009738500000]
Native frames: (J=compiled Java code, j=interpreted, Vv=VM code, C=native code)
V  [jvm.dll+0x684d39]
V  [jvm.dll+0x83a565]
V  [jvm.dll+0x83bfde]
V  [jvm.dll+0x83c663]
V  [jvm.dll+0x2490cf]
V  [jvm.dll+0xad536]
V  [jvm.dll+0xadbdc]
V  [jvm.dll+0x368d6f]
V  [jvm.dll+0x333215]
V  [jvm.dll+0x33267a]
V  [jvm.dll+0x219ed9]
V  [jvm.dll+0x21931f]
V  [jvm.dll+0x1a49e0]
V  [jvm.dll+0x229a6a]
V  [jvm.dll+0x227c1b]
V  [jvm.dll+0x7f0d18]
V  [jvm.dll+0x7eb17c]
V  [jvm.dll+0x683c07]
C  [ucrtbase.dll+0x21bb2]
C  [KERNEL32.DLL+0x17384]
C  [ntdll.dll+0x4cc91]


---------------  P R O C E S S  ---------------

Threads class SMR info:
_java_thread_list=0x00000273fee99910, length=19, elements={
0x00000273f8807940, 0x00000273f88087c0, 0x00000273f881f960, 0x00000273f8823440,
0x00000273f8823e00, 0x00000273f88247c0, 0x00000273f88254b0, 0x00000273f888f6f0,
0x00000273f88ac0f0, 0x00000273f8a66870, 0x00000273f8a78230, 0x00000273fe598de0,
0x00000273dd2ce260, 0x00000273f8b9c350, 0x00000273fe802580, 0x00000273fe802a90,
0x00000273fe802070, 0x00000273fe8034b0, 0x00000273fe803ed0
}

Java Threads: ( => current thread )
  0x00000273f8807940 JavaThread "Reference Handler" daemon [_thread_blocked, id=2524, stack(0x0000009737e00000,0x0000009737f00000)]
  0x00000273f88087c0 JavaThread "Finalizer" daemon [_thread_blocked, id=16388, stack(0x0000009737f00000,0x0000009738000000)]
  0x00000273f881f960 JavaThread "Signal Dispatcher" daemon [_thread_blocked, id=9880, stack(0x0000009738000000,0x0000009738100000)]
  0x00000273f8823440 JavaThread "Attach Listener" daemon [_thread_blocked, id=8696, stack(0x0000009738100000,0x0000009738200000)]
  0x00000273f8823e00 JavaThread "Service Thread" daemon [_thread_blocked, id=15920, stack(0x0000009738200000,0x0000009738300000)]
  0x00000273f88247c0 JavaThread "Monitor Deflation Thread" daemon [_thread_blocked, id=17296, stack(0x0000009738300000,0x0000009738400000)]
=>0x00000273f88254b0 JavaThread "C2 CompilerThread0" daemon [_thread_in_native, id=8492, stack(0x0000009738400000,0x0000009738500000)]
  0x00000273f888f6f0 JavaThread "C1 CompilerThread0" daemon [_thread_blocked, id=7568, stack(0x0000009738500000,0x0000009738600000)]
  0x00000273f88ac0f0 JavaThread "Sweeper thread" daemon [_thread_blocked, id=16988, stack(0x0000009738600000,0x0000009738700000)]
  0x00000273f8a66870 JavaThread "Notification Thread" daemon [_thread_blocked, id=16628, stack(0x0000009738700000,0x0000009738800000)]
  0x00000273f8a78230 JavaThread "Common-Cleaner" daemon [_thread_blocked, id=15692, stack(0x0000009738900000,0x0000009738a00000)]
  0x00000273fe598de0 JavaThread "client" [_thread_in_native, id=17000, stack(0x0000009738d00000,0x0000009738e00000)]
  0x00000273dd2ce260 JavaThread "DestroyJavaVM" [_thread_blocked, id=16048, stack(0x0000009737700000,0x0000009737800000)]
  0x00000273f8b9c350 JavaThread "async0" [_thread_blocked, id=13328, stack(0x0000009738e00000,0x0000009738f00000)]
  0x00000273fe802580 JavaThread "async1" [_thread_blocked, id=16896, stack(0x0000009738f00000,0x0000009739000000)]
  0x00000273fe802a90 JavaThread "debounce0" [_thread_blocked, id=1696, stack(0x0000009739000000,0x0000009739100000)]
  0x00000273fe802070 JavaThread "async2" [_thread_blocked, id=3644, stack(0x0000009739100000,0x0000009739200000)]
  0x00000273fe8034b0 JavaThread "async3" [_thread_blocked, id=10008, stack(0x0000009737500000,0x0000009737600000)]
  0x00000273fe803ed0 JavaThread "ForkJoinPool.commonPool-worker-1" daemon [_thread_in_Java, id=1988, stack(0x0000009739200000,0x0000009739300000)]

Other Threads:
  0x00000273f88029e0 VMThread "VM Thread" [stack: 0x0000009737d00000,0x0000009737e00000] [id=12428]
  0x00000273f8a6d390 WatcherThread [stack: 0x0000009738800000,0x0000009738900000] [id=1320]
  0x00000273dd30a880 GCTaskThread "GC Thread#0" [stack: 0x0000009737800000,0x0000009737900000] [id=368]
  0x00000273fd1b0850 GCTaskThread "GC Thread#1" [stack: 0x0000009738a00000,0x0000009738b00000] [id=9992]
  0x00000273f8b4c840 GCTaskThread "GC Thread#2" [stack: 0x0000009738b00000,0x0000009738c00000] [id=10160]
  0x00000273f8b4cb00 GCTaskThread "GC Thread#3" [stack: 0x0000009738c00000,0x0000009738d00000] [id=9284]
  0x00000273dd313510 ConcurrentGCThread "G1 Main Marker" [stack: 0x0000009737900000,0x0000009737a00000] [id=14528]
  0x00000273dd314f40 ConcurrentGCThread "G1 Conc#0" [stack: 0x0000009737a00000,0x0000009737b00000] [id=16148]
  0x00000273dd367cf0 ConcurrentGCThread "G1 Refine#0" [stack: 0x0000009737b00000,0x0000009737c00000] [id=2424]
  0x00000273fde6e260 ConcurrentGCThread "G1 Refine#1" [stack: 0x0000009739500000,0x0000009739600000] [id=4332]
  0x00000273dd368720 ConcurrentGCThread "G1 Service" [stack: 0x0000009737c00000,0x0000009737d00000] [id=10616]

Threads with active compile tasks:
C2 CompilerThread0  50459 7400       4       com.intellij.psi.impl.compiled.FirstPassData::toTypeInfo (25 bytes)

VM state: not at safepoint (normal execution)

VM Mutex/Monitor currently owned by a thread: None

Heap address: 0x00000000c1600000, size: 1002 MB, Compressed Oops mode: 32-bit

CDS archive(s) mapped at: [0x0000027380000000-0x0000027380bb0000-0x0000027380bb0000), size 12255232, SharedBaseAddress: 0x0000027380000000, ArchiveRelocationMode: 1.
Compressed class space mapped at: 0x0000027381000000-0x00000273c1000000, reserved size: 1073741824
Narrow klass base: 0x0000027380000000, Narrow klass shift: 0, Narrow klass range: 0x100000000

GC Precious Log:
 CPUs: 4 total, 4 available
 Memory: 4005M
 Large Page Support: Disabled
 NUMA Support: Disabled
 Compressed Oops: Enabled (32-bit)
 Heap Region Size: 1M
 Heap Min Capacity: 8M
 Heap Initial Capacity: 64M
 Heap Max Capacity: 1002M
 Pre-touch: Disabled
 Parallel Workers: 4
 Concurrent Workers: 1
 Concurrent Refinement Workers: 4
 Periodic GC: Disabled

Heap:
 garbage-first heap   total 414720K, used 188416K [0x00000000c1600000, 0x0000000100000000)
  region size 1024K, 66 young (67584K), 13 survivors (13312K)
 Metaspace       used 66412K, committed 66816K, reserved 1114112K
  class space    used 7911K, committed 8128K, reserved 1048576K

Heap Regions: E=young(eden), S=young(survivor), O=old, HS=humongous(starts), HC=humongous(continues), CS=collection set, F=free, OA=open archive, CA=closed archive, TAMS=top-at-mark-start (previous, next)
|   0|0x00000000c1600000, 0x00000000c1700000, 0x00000000c1700000|100%|HS|  |TAMS 0x00000000c1700000, 0x00000000c1600000| Complete 
|   1|0x00000000c1700000, 0x00000000c1800000, 0x00000000c1800000|100%|HC|  |TAMS 0x00000000c1800000, 0x00000000c1700000| Complete 
|   2|0x00000000c1800000, 0x00000000c1900000, 0x00000000c1900000|100%|HC|  |TAMS 0x00000000c1900000, 0x00000000c1800000| Complete 
|   3|0x00000000c1900000, 0x00000000c1a00000, 0x00000000c1a00000|100%|HC|  |TAMS 0x00000000c1a00000, 0x00000000c1900000| Complete 
|   4|0x00000000c1a00000, 0x00000000c1b00000, 0x00000000c1b00000|100%| O|  |TAMS 0x00000000c1b00000, 0x00000000c1a00000| Untracked 
|   5|0x00000000c1b00000, 0x00000000c1c00000, 0x00000000c1c00000|100%| O|  |TAMS 0x00000000c1c00000, 0x00000000c1b00000| Untracked 
|   6|0x00000000c1c00000, 0x00000000c1d00000, 0x00000000c1d00000|100%| O|  |TAMS 0x00000000c1d00000, 0x00000000c1c00000| Untracked 
|   7|0x00000000c1d00000, 0x00000000c1e00000, 0x00000000c1e00000|100%| O|  |TAMS 0x00000000c1e00000, 0x00000000c1d00000| Untracked 
|   8|0x00000000c1e00000, 0x00000000c1f00000, 0x00000000c1f00000|100%| O|  |TAMS 0x00000000c1f00000, 0x00000000c1e00000| Untracked 
|   9|0x00000000c1f00000, 0x00000000c2000000, 0x00000000c2000000|100%| O|  |TAMS 0x00000000c1f00000, 0x00000000c1f00000| Untracked 
|  10|0x00000000c2000000, 0x00000000c2100000, 0x00000000c2100000|100%| O|  |TAMS 0x00000000c2100000, 0x00000000c2000000| Untracked 
|  11|0x00000000c2100000, 0x00000000c2200000, 0x00000000c2200000|100%| O|  |TAMS 0x00000000c2200000, 0x00000000c2100000| Untracked 
|  12|0x00000000c2200000, 0x00000000c2300000, 0x00000000c2300000|100%| O|  |TAMS 0x00000000c2300000, 0x00000000c2200000| Untracked 
|  13|0x00000000c2300000, 0x00000000c2400000, 0x00000000c2400000|100%| O|  |TAMS 0x00000000c2400000, 0x00000000c2300000| Untracked 
|  14|0x00000000c2400000, 0x00000000c2500000, 0x00000000c2500000|100%| O|  |TAMS 0x00000000c2500000, 0x00000000c2400000| Untracked 
|  15|0x00000000c2500000, 0x00000000c2600000, 0x00000000c2600000|100%| O|  |TAMS 0x00000000c2600000, 0x00000000c2500000| Untracked 
|  16|0x00000000c2600000, 0x00000000c2700000, 0x00000000c2700000|100%| O|  |TAMS 0x00000000c2700000, 0x00000000c2600000| Untracked 
|  17|0x00000000c2700000, 0x00000000c2800000, 0x00000000c2800000|100%| O|  |TAMS 0x00000000c2800000, 0x00000000c2700000| Untracked 
|  18|0x00000000c2800000, 0x00000000c2900000, 0x00000000c2900000|100%| O|  |TAMS 0x00000000c2900000, 0x00000000c2800000| Untracked 
|  19|0x00000000c2900000, 0x00000000c2a00000, 0x00000000c2a00000|100%| O|  |TAMS 0x00000000c2a00000, 0x00000000c2900000| Untracked 
|  20|0x00000000c2a00000, 0x00000000c2b00000, 0x00000000c2b00000|100%| O|  |TAMS 0x00000000c2b00000, 0x00000000c2a00000| Untracked 
|  21|0x00000000c2b00000, 0x00000000c2c00000, 0x00000000c2c00000|100%| O|  |TAMS 0x00000000c2c00000, 0x00000000c2b00000| Untracked 
|  22|0x00000000c2c00000, 0x00000000c2d00000, 0x00000000c2d00000|100%| O|  |TAMS 0x00000000c2d00000, 0x00000000c2c00000| Untracked 
|  23|0x00000000c2d00000, 0x00000000c2e00000, 0x00000000c2e00000|100%| O|  |TAMS 0x00000000c2e00000, 0x00000000c2d00000| Untracked 
|  24|0x00000000c2e00000, 0x00000000c2f00000, 0x00000000c2f00000|100%| O|  |TAMS 0x00000000c2f00000, 0x00000000c2e00000| Untracked 
|  25|0x00000000c2f00000, 0x00000000c3000000, 0x00000000c3000000|100%| O|  |TAMS 0x00000000c3000000, 0x00000000c2f00000| Untracked 
|  26|0x00000000c3000000, 0x00000000c3100000, 0x00000000c3100000|100%| O|  |TAMS 0x00000000c3100000, 0x00000000c3000000| Untracked 
|  27|0x00000000c3100000, 0x00000000c3200000, 0x00000000c3200000|100%| O|  |TAMS 0x00000000c3200000, 0x00000000c3100000| Untracked 
|  28|0x00000000c3200000, 0x00000000c3300000, 0x00000000c3300000|100%| O|  |TAMS 0x00000000c3200000, 0x00000000c3200000| Untracked 
|  29|0x00000000c3300000, 0x00000000c3400000, 0x00000000c3400000|100%| O|  |TAMS 0x00000000c3400000, 0x00000000c3300000| Untracked 
|  30|0x00000000c3400000, 0x00000000c3500000, 0x00000000c3500000|100%| O|  |TAMS 0x00000000c3500000, 0x00000000c3400000| Untracked 
|  31|0x00000000c3500000, 0x00000000c3600000, 0x00000000c3600000|100%| O|  |TAMS 0x00000000c3600000, 0x00000000c3500000| Untracked 
|  32|0x00000000c3600000, 0x00000000c3700000, 0x00000000c3700000|100%| O|  |TAMS 0x00000000c3700000, 0x00000000c3600000| Untracked 
|  33|0x00000000c3700000, 0x00000000c3800000, 0x00000000c3800000|100%| O|  |TAMS 0x00000000c3800000, 0x00000000c3700000| Untracked 
|  34|0x00000000c3800000, 0x00000000c3900000, 0x00000000c3900000|100%| O|  |TAMS 0x00000000c3900000, 0x00000000c3800000| Untracked 
|  35|0x00000000c3900000, 0x00000000c3a00000, 0x00000000c3a00000|100%| O|  |TAMS 0x00000000c3a00000, 0x00000000c3900000| Untracked 
|  36|0x00000000c3a00000, 0x00000000c3b00000, 0x00000000c3b00000|100%| O|  |TAMS 0x00000000c3ae6400, 0x00000000c3a00000| Untracked 
|  37|0x00000000c3b00000, 0x00000000c3c00000, 0x00000000c3c00000|100%| O|  |TAMS 0x00000000c3b00000, 0x00000000c3b00000| Untracked 
|  38|0x00000000c3c00000, 0x00000000c3d00000, 0x00000000c3d00000|100%| O|  |TAMS 0x00000000c3c00000, 0x00000000c3c00000| Untracked 
|  39|0x00000000c3d00000, 0x00000000c3e00000, 0x00000000c3e00000|100%| O|  |TAMS 0x00000000c3d00000, 0x00000000c3d00000| Untracked 
|  40|0x00000000c3e00000, 0x00000000c3f00000, 0x00000000c3f00000|100%| O|  |TAMS 0x00000000c3e00000, 0x00000000c3e00000| Untracked 
|  41|0x00000000c3f00000, 0x00000000c4000000, 0x00000000c4000000|100%| O|  |TAMS 0x00000000c3f00000, 0x00000000c3f00000| Untracked 
|  42|0x00000000c4000000, 0x00000000c4100000, 0x00000000c4100000|100%| O|  |TAMS 0x00000000c4000000, 0x00000000c4000000| Untracked 
|  43|0x00000000c4100000, 0x00000000c4200000, 0x00000000c4200000|100%| O|  |TAMS 0x00000000c4100000, 0x00000000c4100000| Untracked 
|  44|0x00000000c4200000, 0x00000000c4300000, 0x00000000c4300000|100%| O|  |TAMS 0x00000000c4200000, 0x00000000c4200000| Untracked 
|  45|0x00000000c4300000, 0x00000000c4400000, 0x00000000c4400000|100%| O|  |TAMS 0x00000000c4300000, 0x00000000c4300000| Untracked 
|  46|0x00000000c4400000, 0x00000000c4500000, 0x00000000c4500000|100%| O|  |TAMS 0x00000000c4400000, 0x00000000c4400000| Untracked 
|  47|0x00000000c4500000, 0x00000000c4600000, 0x00000000c4600000|100%| O|  |TAMS 0x00000000c4500000, 0x00000000c4500000| Untracked 
|  48|0x00000000c4600000, 0x00000000c4700000, 0x00000000c4700000|100%| O|  |TAMS 0x00000000c4600000, 0x00000000c4600000| Untracked 
|  49|0x00000000c4700000, 0x00000000c4800000, 0x00000000c4800000|100%| O|  |TAMS 0x00000000c4700000, 0x00000000c4700000| Untracked 
|  50|0x00000000c4800000, 0x00000000c4900000, 0x00000000c4900000|100%| O|  |TAMS 0x00000000c4800000, 0x00000000c4800000| Untracked 
|  51|0x00000000c4900000, 0x00000000c4a00000, 0x00000000c4a00000|100%| O|  |TAMS 0x00000000c4900000, 0x00000000c4900000| Untracked 
|  52|0x00000000c4a00000, 0x00000000c4b00000, 0x00000000c4b00000|100%| O|  |TAMS 0x00000000c4a00000, 0x00000000c4a00000| Untracked 
|  53|0x00000000c4b00000, 0x00000000c4c00000, 0x00000000c4c00000|100%| O|  |TAMS 0x00000000c4b00000, 0x00000000c4b00000| Untracked 
|  54|0x00000000c4c00000, 0x00000000c4d00000, 0x00000000c4d00000|100%| O|  |TAMS 0x00000000c4c00000, 0x00000000c4c00000| Untracked 
|  55|0x00000000c4d00000, 0x00000000c4e00000, 0x00000000c4e00000|100%| O|  |TAMS 0x00000000c4d00000, 0x00000000c4d00000| Untracked 
|  56|0x00000000c4e00000, 0x00000000c4f00000, 0x00000000c4f00000|100%| O|  |TAMS 0x00000000c4e00000, 0x00000000c4e00000| Untracked 
|  57|0x00000000c4f00000, 0x00000000c5000000, 0x00000000c5000000|100%| O|  |TAMS 0x00000000c4f00000, 0x00000000c4f00000| Untracked 
|  58|0x00000000c5000000, 0x00000000c5100000, 0x00000000c5100000|100%| O|  |TAMS 0x00000000c5000000, 0x00000000c5000000| Untracked 
|  59|0x00000000c5100000, 0x00000000c5200000, 0x00000000c5200000|100%| O|  |TAMS 0x00000000c5100000, 0x00000000c5100000| Untracked 
|  60|0x00000000c5200000, 0x00000000c5300000, 0x00000000c5300000|100%| O|  |TAMS 0x00000000c5200000, 0x00000000c5200000| Untracked 
|  61|0x00000000c5300000, 0x00000000c5400000, 0x00000000c5400000|100%| O|  |TAMS 0x00000000c5300000, 0x00000000c5300000| Untracked 
|  62|0x00000000c5400000, 0x00000000c5500000, 0x00000000c5500000|100%| O|  |TAMS 0x00000000c5400000, 0x00000000c5400000| Untracked 
|  63|0x00000000c5500000, 0x00000000c5600000, 0x00000000c5600000|100%| O|  |TAMS 0x00000000c5500000, 0x00000000c5500000| Untracked 
|  64|0x00000000c5600000, 0x00000000c5700000, 0x00000000c5700000|100%| O|  |TAMS 0x00000000c5600000, 0x00000000c5600000| Untracked 
|  65|0x00000000c5700000, 0x00000000c5800000, 0x00000000c5800000|100%| O|  |TAMS 0x00000000c5700000, 0x00000000c5700000| Untracked 
|  66|0x00000000c5800000, 0x00000000c5900000, 0x00000000c5900000|100%| O|  |TAMS 0x00000000c5800000, 0x00000000c5800000| Untracked 
|  67|0x00000000c5900000, 0x00000000c5a00000, 0x00000000c5a00000|100%| O|  |TAMS 0x00000000c5900000, 0x00000000c5900000| Untracked 
|  68|0x00000000c5a00000, 0x00000000c5b00000, 0x00000000c5b00000|100%| O|  |TAMS 0x00000000c5a00000, 0x00000000c5a00000| Untracked 
|  69|0x00000000c5b00000, 0x00000000c5c00000, 0x00000000c5c00000|100%| O|  |TAMS 0x00000000c5b00000, 0x00000000c5b00000| Untracked 
|  70|0x00000000c5c00000, 0x00000000c5d00000, 0x00000000c5d00000|100%| O|  |TAMS 0x00000000c5c00000, 0x00000000c5c00000| Untracked 
|  71|0x00000000c5d00000, 0x00000000c5e00000, 0x00000000c5e00000|100%| O|  |TAMS 0x00000000c5d00000, 0x00000000c5d00000| Untracked 
|  72|0x00000000c5e00000, 0x00000000c5f00000, 0x00000000c5f00000|100%| O|  |TAMS 0x00000000c5e00000, 0x00000000c5e00000| Untracked 
|  73|0x00000000c5f00000, 0x00000000c6000000, 0x00000000c6000000|100%| O|  |TAMS 0x00000000c5f00000, 0x00000000c5f00000| Untracked 
|  74|0x00000000c6000000, 0x00000000c6100000, 0x00000000c6100000|100%| O|  |TAMS 0x00000000c6000000, 0x00000000c6000000| Untracked 
|  75|0x00000000c6100000, 0x00000000c6200000, 0x00000000c6200000|100%| O|  |TAMS 0x00000000c6100000, 0x00000000c6100000| Untracked 
|  76|0x00000000c6200000, 0x00000000c6300000, 0x00000000c6300000|100%| O|  |TAMS 0x00000000c6200000, 0x00000000c6200000| Untracked 
|  77|0x00000000c6300000, 0x00000000c6400000, 0x00000000c6400000|100%| O|  |TAMS 0x00000000c6300000, 0x00000000c6300000| Untracked 
|  78|0x00000000c6400000, 0x00000000c6500000, 0x00000000c6500000|100%| O|  |TAMS 0x00000000c6400000, 0x00000000c6400000| Untracked 
|  79|0x00000000c6500000, 0x00000000c6600000, 0x00000000c6600000|100%| O|  |TAMS 0x00000000c6500000, 0x00000000c6500000| Untracked 
|  80|0x00000000c6600000, 0x00000000c6700000, 0x00000000c6700000|100%| O|  |TAMS 0x00000000c6600000, 0x00000000c6600000| Untracked 
|  81|0x00000000c6700000, 0x00000000c6800000, 0x00000000c6800000|100%| O|  |TAMS 0x00000000c6700000, 0x00000000c6700000| Untracked 
|  82|0x00000000c6800000, 0x00000000c6900000, 0x00000000c6900000|100%| O|  |TAMS 0x00000000c6800000, 0x00000000c6800000| Untracked 
|  83|0x00000000c6900000, 0x00000000c6a00000, 0x00000000c6a00000|100%| O|  |TAMS 0x00000000c6900000, 0x00000000c6900000| Untracked 
|  84|0x00000000c6a00000, 0x00000000c6b00000, 0x00000000c6b00000|100%| O|  |TAMS 0x00000000c6a00000, 0x00000000c6a00000| Untracked 
|  85|0x00000000c6b00000, 0x00000000c6c00000, 0x00000000c6c00000|100%| O|  |TAMS 0x00000000c6b00000, 0x00000000c6b00000| Untracked 
|  86|0x00000000c6c00000, 0x00000000c6d00000, 0x00000000c6d00000|100%| O|  |TAMS 0x00000000c6c00000, 0x00000000c6c00000| Untracked 
|  87|0x00000000c6d00000, 0x00000000c6e00000, 0x00000000c6e00000|100%| O|  |TAMS 0x00000000c6d00000, 0x00000000c6d00000| Untracked 
|  88|0x00000000c6e00000, 0x00000000c6f00000, 0x00000000c6f00000|100%| O|  |TAMS 0x00000000c6e00000, 0x00000000c6e00000| Untracked 
|  89|0x00000000c6f00000, 0x00000000c7000000, 0x00000000c7000000|100%| O|  |TAMS 0x00000000c6f00000, 0x00000000c6f00000| Untracked 
|  90|0x00000000c7000000, 0x00000000c7100000, 0x00000000c7100000|100%| O|  |TAMS 0x00000000c7000000, 0x00000000c7000000| Untracked 
|  91|0x00000000c7100000, 0x00000000c7200000, 0x00000000c7200000|100%| O|  |TAMS 0x00000000c7100000, 0x00000000c7100000| Untracked 
|  92|0x00000000c7200000, 0x00000000c7300000, 0x00000000c7300000|100%| O|  |TAMS 0x00000000c7200000, 0x00000000c7200000| Untracked 
|  93|0x00000000c7300000, 0x00000000c7400000, 0x00000000c7400000|100%| O|  |TAMS 0x00000000c7300000, 0x00000000c7300000| Untracked 
|  94|0x00000000c7400000, 0x00000000c7500000, 0x00000000c7500000|100%| O|  |TAMS 0x00000000c7400000, 0x00000000c7400000| Untracked 
|  95|0x00000000c7500000, 0x00000000c7600000, 0x00000000c7600000|100%| O|  |TAMS 0x00000000c7500000, 0x00000000c7500000| Untracked 
|  96|0x00000000c7600000, 0x00000000c7700000, 0x00000000c7700000|100%| O|  |TAMS 0x00000000c7600000, 0x00000000c7600000| Untracked 
|  97|0x00000000c7700000, 0x00000000c7800000, 0x00000000c7800000|100%| O|  |TAMS 0x00000000c7700000, 0x00000000c7700000| Untracked 
|  98|0x00000000c7800000, 0x00000000c7900000, 0x00000000c7900000|100%| O|  |TAMS 0x00000000c7800000, 0x00000000c7800000| Untracked 
|  99|0x00000000c7900000, 0x00000000c7a00000, 0x00000000c7a00000|100%| O|  |TAMS 0x00000000c7900000, 0x00000000c7900000| Untracked 
| 100|0x00000000c7a00000, 0x00000000c7b00000, 0x00000000c7b00000|100%| O|  |TAMS 0x00000000c7a00000, 0x00000000c7a00000| Untracked 
| 101|0x00000000c7b00000, 0x00000000c7c00000, 0x00000000c7c00000|100%| O|  |TAMS 0x00000000c7b00000, 0x00000000c7b00000| Untracked 
| 102|0x00000000c7c00000, 0x00000000c7d00000, 0x00000000c7d00000|100%| O|  |TAMS 0x00000000c7c00000, 0x00000000c7c00000| Untracked 
| 103|0x00000000c7d00000, 0x00000000c7e00000, 0x00000000c7e00000|100%| O|  |TAMS 0x00000000c7d00000, 0x00000000c7d00000| Untracked 
| 104|0x00000000c7e00000, 0x00000000c7f00000, 0x00000000c7f00000|100%| O|  |TAMS 0x00000000c7e00000, 0x00000000c7e00000| Untracked 
| 105|0x00000000c7f00000, 0x00000000c8000000, 0x00000000c8000000|100%| O|  |TAMS 0x00000000c7f00000, 0x00000000c7f00000| Untracked 
| 106|0x00000000c8000000, 0x00000000c8100000, 0x00000000c8100000|100%| O|  |TAMS 0x00000000c8000000, 0x00000000c8000000| Untracked 
| 107|0x00000000c8100000, 0x00000000c8200000, 0x00000000c8200000|100%| O|  |TAMS 0x00000000c8100000, 0x00000000c8100000| Untracked 
| 108|0x00000000c8200000, 0x00000000c8300000, 0x00000000c8300000|100%| O|  |TAMS 0x00000000c8200000, 0x00000000c8200000| Untracked 
| 109|0x00000000c8300000, 0x00000000c8400000, 0x00000000c8400000|100%| O|  |TAMS 0x00000000c8300000, 0x00000000c8300000| Untracked 
| 110|0x00000000c8400000, 0x00000000c8500000, 0x00000000c8500000|100%| O|  |TAMS 0x00000000c8400000, 0x00000000c8400000| Untracked 
| 111|0x00000000c8500000, 0x00000000c8600000, 0x00000000c8600000|100%| O|  |TAMS 0x00000000c8500000, 0x00000000c8500000| Untracked 
| 112|0x00000000c8600000, 0x00000000c8700000, 0x00000000c8700000|100%| O|  |TAMS 0x00000000c8600000, 0x00000000c8600000| Untracked 
| 113|0x00000000c8700000, 0x00000000c8800000, 0x00000000c8800000|100%| O|  |TAMS 0x00000000c8700000, 0x00000000c8700000| Untracked 
| 114|0x00000000c8800000, 0x00000000c8900000, 0x00000000c8900000|100%| O|  |TAMS 0x00000000c8800000, 0x00000000c8800000| Untracked 
| 115|0x00000000c8900000, 0x00000000c8a00000, 0x00000000c8a00000|100%| O|  |TAMS 0x00000000c8900000, 0x00000000c8900000| Untracked 
| 116|0x00000000c8a00000, 0x00000000c8b00000, 0x00000000c8b00000|100%| O|  |TAMS 0x00000000c8a00000, 0x00000000c8a00000| Untracked 
| 117|0x00000000c8b00000, 0x00000000c8c00000, 0x00000000c8c00000|100%| O|  |TAMS 0x00000000c8b00000, 0x00000000c8b00000| Untracked 
| 118|0x00000000c8c00000, 0x00000000c8d00000, 0x00000000c8d00000|100%| O|  |TAMS 0x00000000c8c00000, 0x00000000c8c00000| Untracked 
| 119|0x00000000c8d00000, 0x00000000c8d00000, 0x00000000c8e00000|  0%| F|  |TAMS 0x00000000c8d00000, 0x00000000c8d00000| Untracked 
| 120|0x00000000c8e00000, 0x00000000c8e00000, 0x00000000c8f00000|  0%| F|  |TAMS 0x00000000c8e00000, 0x00000000c8e00000| Untracked 
| 121|0x00000000c8f00000, 0x00000000c8f00000, 0x00000000c9000000|  0%| F|  |TAMS 0x00000000c8f00000, 0x00000000c8f00000| Untracked 
| 122|0x00000000c9000000, 0x00000000c9000000, 0x00000000c9100000|  0%| F|  |TAMS 0x00000000c9000000, 0x00000000c9000000| Untracked 
| 123|0x00000000c9100000, 0x00000000c9100000, 0x00000000c9200000|  0%| F|  |TAMS 0x00000000c9100000, 0x00000000c9100000| Untracked 
| 124|0x00000000c9200000, 0x00000000c9200000, 0x00000000c9300000|  0%| F|  |TAMS 0x00000000c9200000, 0x00000000c9200000| Untracked 
| 125|0x00000000c9300000, 0x00000000c9300000, 0x00000000c9400000|  0%| F|  |TAMS 0x00000000c9300000, 0x00000000c9300000| Untracked 
| 126|0x00000000c9400000, 0x00000000c9400000, 0x00000000c9500000|  0%| F|  |TAMS 0x00000000c9400000, 0x00000000c9400000| Untracked 
| 127|0x00000000c9500000, 0x00000000c9500000, 0x00000000c9600000|  0%| F|  |TAMS 0x00000000c9500000, 0x00000000c9500000| Untracked 
| 128|0x00000000c9600000, 0x00000000c9600000, 0x00000000c9700000|  0%| F|  |TAMS 0x00000000c9600000, 0x00000000c9600000| Untracked 
| 129|0x00000000c9700000, 0x00000000c9700000, 0x00000000c9800000|  0%| F|  |TAMS 0x00000000c9700000, 0x00000000c9700000| Untracked 
| 130|0x00000000c9800000, 0x00000000c9800000, 0x00000000c9900000|  0%| F|  |TAMS 0x00000000c9800000, 0x00000000c9800000| Untracked 
| 131|0x00000000c9900000, 0x00000000c9900000, 0x00000000c9a00000|  0%| F|  |TAMS 0x00000000c9900000, 0x00000000c9900000| Untracked 
| 132|0x00000000c9a00000, 0x00000000c9a00000, 0x00000000c9b00000|  0%| F|  |TAMS 0x00000000c9a00000, 0x00000000c9a00000| Untracked 
| 133|0x00000000c9b00000, 0x00000000c9b00000, 0x00000000c9c00000|  0%| F|  |TAMS 0x00000000c9b00000, 0x00000000c9b00000| Untracked 
| 134|0x00000000c9c00000, 0x00000000c9c00000, 0x00000000c9d00000|  0%| F|  |TAMS 0x00000000c9c00000, 0x00000000c9c00000| Untracked 
| 135|0x00000000c9d00000, 0x00000000c9d00000, 0x00000000c9e00000|  0%| F|  |TAMS 0x00000000c9d00000, 0x00000000c9d00000| Untracked 
| 136|0x00000000c9e00000, 0x00000000c9e00000, 0x00000000c9f00000|  0%| F|  |TAMS 0x00000000c9e00000, 0x00000000c9e00000| Untracked 
| 137|0x00000000c9f00000, 0x00000000c9f00000, 0x00000000ca000000|  0%| F|  |TAMS 0x00000000c9f00000, 0x00000000c9f00000| Untracked 
| 138|0x00000000ca000000, 0x00000000ca000000, 0x00000000ca100000|  0%| F|  |TAMS 0x00000000ca000000, 0x00000000ca000000| Untracked 
| 139|0x00000000ca100000, 0x00000000ca100000, 0x00000000ca200000|  0%| F|  |TAMS 0x00000000ca100000, 0x00000000ca100000| Untracked 
| 140|0x00000000ca200000, 0x00000000ca200000, 0x00000000ca300000|  0%| F|  |TAMS 0x00000000ca200000, 0x00000000ca200000| Untracked 
| 141|0x00000000ca300000, 0x00000000ca300000, 0x00000000ca400000|  0%| F|  |TAMS 0x00000000ca300000, 0x00000000ca300000| Untracked 
| 142|0x00000000ca400000, 0x00000000ca400000, 0x00000000ca500000|  0%| F|  |TAMS 0x00000000ca400000, 0x00000000ca400000| Untracked 
| 143|0x00000000ca500000, 0x00000000ca500000, 0x00000000ca600000|  0%| F|  |TAMS 0x00000000ca500000, 0x00000000ca500000| Untracked 
| 144|0x00000000ca600000, 0x00000000ca600000, 0x00000000ca700000|  0%| F|  |TAMS 0x00000000ca600000, 0x00000000ca600000| Untracked 
| 145|0x00000000ca700000, 0x00000000ca700000, 0x00000000ca800000|  0%| F|  |TAMS 0x00000000ca700000, 0x00000000ca700000| Untracked 
| 146|0x00000000ca800000, 0x00000000ca800000, 0x00000000ca900000|  0%| F|  |TAMS 0x00000000ca800000, 0x00000000ca800000| Untracked 
| 147|0x00000000ca900000, 0x00000000ca900000, 0x00000000caa00000|  0%| F|  |TAMS 0x00000000ca900000, 0x00000000ca900000| Untracked 
| 148|0x00000000caa00000, 0x00000000caa00000, 0x00000000cab00000|  0%| F|  |TAMS 0x00000000caa00000, 0x00000000caa00000| Untracked 
| 149|0x00000000cab00000, 0x00000000cab00000, 0x00000000cac00000|  0%| F|  |TAMS 0x00000000cab00000, 0x00000000cab00000| Untracked 
| 150|0x00000000cac00000, 0x00000000cac00000, 0x00000000cad00000|  0%| F|  |TAMS 0x00000000cac00000, 0x00000000cac00000| Untracked 
| 151|0x00000000cad00000, 0x00000000cad00000, 0x00000000cae00000|  0%| F|  |TAMS 0x00000000cad00000, 0x00000000cad00000| Untracked 
| 152|0x00000000cae00000, 0x00000000cae00000, 0x00000000caf00000|  0%| F|  |TAMS 0x00000000cae00000, 0x00000000cae00000| Untracked 
| 153|0x00000000caf00000, 0x00000000caf00000, 0x00000000cb000000|  0%| F|  |TAMS 0x00000000caf00000, 0x00000000caf00000| Untracked 
| 154|0x00000000cb000000, 0x00000000cb000000, 0x00000000cb100000|  0%| F|  |TAMS 0x00000000cb000000, 0x00000000cb000000| Untracked 
| 155|0x00000000cb100000, 0x00000000cb100000, 0x00000000cb200000|  0%| F|  |TAMS 0x00000000cb100000, 0x00000000cb100000| Untracked 
| 156|0x00000000cb200000, 0x00000000cb200000, 0x00000000cb300000|  0%| F|  |TAMS 0x00000000cb200000, 0x00000000cb200000| Untracked 
| 157|0x00000000cb300000, 0x00000000cb300000, 0x00000000cb400000|  0%| F|  |TAMS 0x00000000cb300000, 0x00000000cb300000| Untracked 
| 158|0x00000000cb400000, 0x00000000cb400000, 0x00000000cb500000|  0%| F|  |TAMS 0x00000000cb400000, 0x00000000cb400000| Untracked 
| 159|0x00000000cb500000, 0x00000000cb500000, 0x00000000cb600000|  0%| F|  |TAMS 0x00000000cb500000, 0x00000000cb500000| Untracked 
| 160|0x00000000cb600000, 0x00000000cb600000, 0x00000000cb700000|  0%| F|  |TAMS 0x00000000cb600000, 0x00000000cb600000| Untracked 
| 161|0x00000000cb700000, 0x00000000cb700000, 0x00000000cb800000|  0%| F|  |TAMS 0x00000000cb700000, 0x00000000cb700000| Untracked 
| 162|0x00000000cb800000, 0x00000000cb800000, 0x00000000cb900000|  0%| F|  |TAMS 0x00000000cb800000, 0x00000000cb800000| Untracked 
| 163|0x00000000cb900000, 0x00000000cb900000, 0x00000000cba00000|  0%| F|  |TAMS 0x00000000cb900000, 0x00000000cb900000| Untracked 
| 164|0x00000000cba00000, 0x00000000cba00000, 0x00000000cbb00000|  0%| F|  |TAMS 0x00000000cba00000, 0x00000000cba00000| Untracked 
| 165|0x00000000cbb00000, 0x00000000cbb00000, 0x00000000cbc00000|  0%| F|  |TAMS 0x00000000cbb00000, 0x00000000cbb00000| Untracked 
| 166|0x00000000cbc00000, 0x00000000cbc00000, 0x00000000cbd00000|  0%| F|  |TAMS 0x00000000cbc00000, 0x00000000cbc00000| Untracked 
| 167|0x00000000cbd00000, 0x00000000cbd00000, 0x00000000cbe00000|  0%| F|  |TAMS 0x00000000cbd00000, 0x00000000cbd00000| Untracked 
| 168|0x00000000cbe00000, 0x00000000cbe00000, 0x00000000cbf00000|  0%| F|  |TAMS 0x00000000cbe00000, 0x00000000cbe00000| Untracked 
| 169|0x00000000cbf00000, 0x00000000cbf00000, 0x00000000cc000000|  0%| F|  |TAMS 0x00000000cbf00000, 0x00000000cbf00000| Untracked 
| 170|0x00000000cc000000, 0x00000000cc000000, 0x00000000cc100000|  0%| F|  |TAMS 0x00000000cc000000, 0x00000000cc000000| Untracked 
| 171|0x00000000cc100000, 0x00000000cc100000, 0x00000000cc200000|  0%| F|  |TAMS 0x00000000cc100000, 0x00000000cc100000| Untracked 
| 172|0x00000000cc200000, 0x00000000cc200000, 0x00000000cc300000|  0%| F|  |TAMS 0x00000000cc200000, 0x00000000cc200000| Untracked 
| 173|0x00000000cc300000, 0x00000000cc300000, 0x00000000cc400000|  0%| F|  |TAMS 0x00000000cc300000, 0x00000000cc300000| Untracked 
| 174|0x00000000cc400000, 0x00000000cc400000, 0x00000000cc500000|  0%| F|  |TAMS 0x00000000cc400000, 0x00000000cc400000| Untracked 
| 175|0x00000000cc500000, 0x00000000cc500000, 0x00000000cc600000|  0%| F|  |TAMS 0x00000000cc500000, 0x00000000cc500000| Untracked 
| 176|0x00000000cc600000, 0x00000000cc600000, 0x00000000cc700000|  0%| F|  |TAMS 0x00000000cc600000, 0x00000000cc600000| Untracked 
| 177|0x00000000cc700000, 0x00000000cc700000, 0x00000000cc800000|  0%| F|  |TAMS 0x00000000cc700000, 0x00000000cc700000| Untracked 
| 178|0x00000000cc800000, 0x00000000cc800000, 0x00000000cc900000|  0%| F|  |TAMS 0x00000000cc800000, 0x00000000cc800000| Untracked 
| 179|0x00000000cc900000, 0x00000000cc900000, 0x00000000cca00000|  0%| F|  |TAMS 0x00000000cc900000, 0x00000000cc900000| Untracked 
| 180|0x00000000cca00000, 0x00000000cca00000, 0x00000000ccb00000|  0%| F|  |TAMS 0x00000000cca00000, 0x00000000cca00000| Untracked 
| 181|0x00000000ccb00000, 0x00000000ccb00000, 0x00000000ccc00000|  0%| F|  |TAMS 0x00000000ccb00000, 0x00000000ccb00000| Untracked 
| 182|0x00000000ccc00000, 0x00000000ccc00000, 0x00000000ccd00000|  0%| F|  |TAMS 0x00000000ccc00000, 0x00000000ccc00000| Untracked 
| 183|0x00000000ccd00000, 0x00000000ccd00000, 0x00000000cce00000|  0%| F|  |TAMS 0x00000000ccd00000, 0x00000000ccd00000| Untracked 
| 184|0x00000000cce00000, 0x00000000cce00000, 0x00000000ccf00000|  0%| F|  |TAMS 0x00000000cce00000, 0x00000000cce00000| Untracked 
| 185|0x00000000ccf00000, 0x00000000ccf00000, 0x00000000cd000000|  0%| F|  |TAMS 0x00000000ccf00000, 0x00000000ccf00000| Untracked 
| 186|0x00000000cd000000, 0x00000000cd000000, 0x00000000cd100000|  0%| F|  |TAMS 0x00000000cd000000, 0x00000000cd000000| Untracked 
| 187|0x00000000cd100000, 0x00000000cd100000, 0x00000000cd200000|  0%| F|  |TAMS 0x00000000cd100000, 0x00000000cd100000| Untracked 
| 188|0x00000000cd200000, 0x00000000cd200000, 0x00000000cd300000|  0%| F|  |TAMS 0x00000000cd200000, 0x00000000cd200000| Untracked 
| 189|0x00000000cd300000, 0x00000000cd300000, 0x00000000cd400000|  0%| F|  |TAMS 0x00000000cd300000, 0x00000000cd300000| Untracked 
| 190|0x00000000cd400000, 0x00000000cd400000, 0x00000000cd500000|  0%| F|  |TAMS 0x00000000cd400000, 0x00000000cd400000| Untracked 
| 191|0x00000000cd500000, 0x00000000cd500000, 0x00000000cd600000|  0%| F|  |TAMS 0x00000000cd500000, 0x00000000cd500000| Untracked 
| 192|0x00000000cd600000, 0x00000000cd600000, 0x00000000cd700000|  0%| F|  |TAMS 0x00000000cd600000, 0x00000000cd600000| Untracked 
| 193|0x00000000cd700000, 0x00000000cd700000, 0x00000000cd800000|  0%| F|  |TAMS 0x00000000cd700000, 0x00000000cd700000| Untracked 
| 194|0x00000000cd800000, 0x00000000cd800000, 0x00000000cd900000|  0%| F|  |TAMS 0x00000000cd800000, 0x00000000cd800000| Untracked 
| 195|0x00000000cd900000, 0x00000000cd900000, 0x00000000cda00000|  0%| F|  |TAMS 0x00000000cd900000, 0x00000000cd900000| Untracked 
| 196|0x00000000cda00000, 0x00000000cda00000, 0x00000000cdb00000|  0%| F|  |TAMS 0x00000000cda00000, 0x00000000cda00000| Untracked 
| 197|0x00000000cdb00000, 0x00000000cdb00000, 0x00000000cdc00000|  0%| F|  |TAMS 0x00000000cdb00000, 0x00000000cdb00000| Untracked 
| 198|0x00000000cdc00000, 0x00000000cdc00000, 0x00000000cdd00000|  0%| F|  |TAMS 0x00000000cdc00000, 0x00000000cdc00000| Untracked 
| 199|0x00000000cdd00000, 0x00000000cdd00000, 0x00000000cde00000|  0%| F|  |TAMS 0x00000000cdd00000, 0x00000000cdd00000| Untracked 
| 200|0x00000000cde00000, 0x00000000cde00000, 0x00000000cdf00000|  0%| F|  |TAMS 0x00000000cde00000, 0x00000000cde00000| Untracked 
| 201|0x00000000cdf00000, 0x00000000cdf00000, 0x00000000ce000000|  0%| F|  |TAMS 0x00000000cdf00000, 0x00000000cdf00000| Untracked 
| 202|0x00000000ce000000, 0x00000000ce000000, 0x00000000ce100000|  0%| F|  |TAMS 0x00000000ce000000, 0x00000000ce000000| Untracked 
| 203|0x00000000ce100000, 0x00000000ce100000, 0x00000000ce200000|  0%| F|  |TAMS 0x00000000ce100000, 0x00000000ce100000| Untracked 
| 204|0x00000000ce200000, 0x00000000ce200000, 0x00000000ce300000|  0%| F|  |TAMS 0x00000000ce200000, 0x00000000ce200000| Untracked 
| 205|0x00000000ce300000, 0x00000000ce300000, 0x00000000ce400000|  0%| F|  |TAMS 0x00000000ce300000, 0x00000000ce300000| Untracked 
| 206|0x00000000ce400000, 0x00000000ce400000, 0x00000000ce500000|  0%| F|  |TAMS 0x00000000ce400000, 0x00000000ce400000| Untracked 
| 207|0x00000000ce500000, 0x00000000ce500000, 0x00000000ce600000|  0%| F|  |TAMS 0x00000000ce500000, 0x00000000ce500000| Untracked 
| 208|0x00000000ce600000, 0x00000000ce600000, 0x00000000ce700000|  0%| F|  |TAMS 0x00000000ce600000, 0x00000000ce600000| Untracked 
| 209|0x00000000ce700000, 0x00000000ce700000, 0x00000000ce800000|  0%| F|  |TAMS 0x00000000ce700000, 0x00000000ce700000| Untracked 
| 210|0x00000000ce800000, 0x00000000ce800000, 0x00000000ce900000|  0%| F|  |TAMS 0x00000000ce800000, 0x00000000ce800000| Untracked 
| 211|0x00000000ce900000, 0x00000000ce900000, 0x00000000cea00000|  0%| F|  |TAMS 0x00000000ce900000, 0x00000000ce900000| Untracked 
| 212|0x00000000cea00000, 0x00000000cea00000, 0x00000000ceb00000|  0%| F|  |TAMS 0x00000000cea00000, 0x00000000cea00000| Untracked 
| 213|0x00000000ceb00000, 0x00000000ceb00000, 0x00000000cec00000|  0%| F|  |TAMS 0x00000000ceb00000, 0x00000000ceb00000| Untracked 
| 214|0x00000000cec00000, 0x00000000cec00000, 0x00000000ced00000|  0%| F|  |TAMS 0x00000000cec00000, 0x00000000cec00000| Untracked 
| 215|0x00000000ced00000, 0x00000000ced00000, 0x00000000cee00000|  0%| F|  |TAMS 0x00000000ced00000, 0x00000000ced00000| Untracked 
| 216|0x00000000cee00000, 0x00000000cee00000, 0x00000000cef00000|  0%| F|  |TAMS 0x00000000cee00000, 0x00000000cee00000| Untracked 
| 217|0x00000000cef00000, 0x00000000cef00000, 0x00000000cf000000|  0%| F|  |TAMS 0x00000000cef00000, 0x00000000cef00000| Untracked 
| 218|0x00000000cf000000, 0x00000000cf000000, 0x00000000cf100000|  0%| F|  |TAMS 0x00000000cf000000, 0x00000000cf000000| Untracked 
| 219|0x00000000cf100000, 0x00000000cf100000, 0x00000000cf200000|  0%| F|  |TAMS 0x00000000cf100000, 0x00000000cf100000| Untracked 
| 220|0x00000000cf200000, 0x00000000cf200000, 0x00000000cf300000|  0%| F|  |TAMS 0x00000000cf200000, 0x00000000cf200000| Untracked 
| 221|0x00000000cf300000, 0x00000000cf300000, 0x00000000cf400000|  0%| F|  |TAMS 0x00000000cf300000, 0x00000000cf300000| Untracked 
| 222|0x00000000cf400000, 0x00000000cf400000, 0x00000000cf500000|  0%| F|  |TAMS 0x00000000cf400000, 0x00000000cf400000| Untracked 
| 223|0x00000000cf500000, 0x00000000cf500000, 0x00000000cf600000|  0%| F|  |TAMS 0x00000000cf500000, 0x00000000cf500000| Untracked 
| 224|0x00000000cf600000, 0x00000000cf600000, 0x00000000cf700000|  0%| F|  |TAMS 0x00000000cf600000, 0x00000000cf600000| Untracked 
| 225|0x00000000cf700000, 0x00000000cf700000, 0x00000000cf800000|  0%| F|  |TAMS 0x00000000cf700000, 0x00000000cf700000| Untracked 
| 226|0x00000000cf800000, 0x00000000cf800000, 0x00000000cf900000|  0%| F|  |TAMS 0x00000000cf800000, 0x00000000cf800000| Untracked 
| 227|0x00000000cf900000, 0x00000000cf900000, 0x00000000cfa00000|  0%| F|  |TAMS 0x00000000cf900000, 0x00000000cf900000| Untracked 
| 228|0x00000000cfa00000, 0x00000000cfa00000, 0x00000000cfb00000|  0%| F|  |TAMS 0x00000000cfa00000, 0x00000000cfa00000| Untracked 
| 229|0x00000000cfb00000, 0x00000000cfb00000, 0x00000000cfc00000|  0%| F|  |TAMS 0x00000000cfb00000, 0x00000000cfb00000| Untracked 
| 230|0x00000000cfc00000, 0x00000000cfc00000, 0x00000000cfd00000|  0%| F|  |TAMS 0x00000000cfc00000, 0x00000000cfc00000| Untracked 
| 231|0x00000000cfd00000, 0x00000000cfd00000, 0x00000000cfe00000|  0%| F|  |TAMS 0x00000000cfd00000, 0x00000000cfd00000| Untracked 
| 232|0x00000000cfe00000, 0x00000000cfe00000, 0x00000000cff00000|  0%| F|  |TAMS 0x00000000cfe00000, 0x00000000cfe00000| Untracked 
| 233|0x00000000cff00000, 0x00000000cff00000, 0x00000000d0000000|  0%| F|  |TAMS 0x00000000cff00000, 0x00000000cff00000| Untracked 
| 234|0x00000000d0000000, 0x00000000d0000000, 0x00000000d0100000|  0%| F|  |TAMS 0x00000000d0000000, 0x00000000d0000000| Untracked 
| 235|0x00000000d0100000, 0x00000000d0100000, 0x00000000d0200000|  0%| F|  |TAMS 0x00000000d0100000, 0x00000000d0100000| Untracked 
| 236|0x00000000d0200000, 0x00000000d0200000, 0x00000000d0300000|  0%| F|  |TAMS 0x00000000d0200000, 0x00000000d0200000| Untracked 
| 237|0x00000000d0300000, 0x00000000d0300000, 0x00000000d0400000|  0%| F|  |TAMS 0x00000000d0300000, 0x00000000d0300000| Untracked 
| 238|0x00000000d0400000, 0x00000000d0400000, 0x00000000d0500000|  0%| F|  |TAMS 0x00000000d0400000, 0x00000000d0400000| Untracked 
| 239|0x00000000d0500000, 0x00000000d0500000, 0x00000000d0600000|  0%| F|  |TAMS 0x00000000d0500000, 0x00000000d0500000| Untracked 
| 240|0x00000000d0600000, 0x00000000d0600000, 0x00000000d0700000|  0%| F|  |TAMS 0x00000000d0600000, 0x00000000d0600000| Untracked 
| 241|0x00000000d0700000, 0x00000000d0700000, 0x00000000d0800000|  0%| F|  |TAMS 0x00000000d0700000, 0x00000000d0700000| Untracked 
| 242|0x00000000d0800000, 0x00000000d0800000, 0x00000000d0900000|  0%| F|  |TAMS 0x00000000d0800000, 0x00000000d0800000| Untracked 
| 243|0x00000000d0900000, 0x00000000d0900000, 0x00000000d0a00000|  0%| F|  |TAMS 0x00000000d0900000, 0x00000000d0900000| Untracked 
| 244|0x00000000d0a00000, 0x00000000d0a00000, 0x00000000d0b00000|  0%| F|  |TAMS 0x00000000d0a00000, 0x00000000d0a00000| Untracked 
| 245|0x00000000d0b00000, 0x00000000d0b00000, 0x00000000d0c00000|  0%| F|  |TAMS 0x00000000d0b00000, 0x00000000d0b00000| Untracked 
| 246|0x00000000d0c00000, 0x00000000d0c00000, 0x00000000d0d00000|  0%| F|  |TAMS 0x00000000d0c00000, 0x00000000d0c00000| Untracked 
| 247|0x00000000d0d00000, 0x00000000d0d00000, 0x00000000d0e00000|  0%| F|  |TAMS 0x00000000d0d00000, 0x00000000d0d00000| Untracked 
| 248|0x00000000d0e00000, 0x00000000d0e00000, 0x00000000d0f00000|  0%| F|  |TAMS 0x00000000d0e00000, 0x00000000d0e00000| Untracked 
| 249|0x00000000d0f00000, 0x00000000d0f00000, 0x00000000d1000000|  0%| F|  |TAMS 0x00000000d0f00000, 0x00000000d0f00000| Untracked 
| 250|0x00000000d1000000, 0x00000000d1000000, 0x00000000d1100000|  0%| F|  |TAMS 0x00000000d1000000, 0x00000000d1000000| Untracked 
| 251|0x00000000d1100000, 0x00000000d1100000, 0x00000000d1200000|  0%| F|  |TAMS 0x00000000d1100000, 0x00000000d1100000| Untracked 
| 252|0x00000000d1200000, 0x00000000d1200000, 0x00000000d1300000|  0%| F|  |TAMS 0x00000000d1200000, 0x00000000d1200000| Untracked 
| 253|0x00000000d1300000, 0x00000000d1300000, 0x00000000d1400000|  0%| F|  |TAMS 0x00000000d1300000, 0x00000000d1300000| Untracked 
| 254|0x00000000d1400000, 0x00000000d1400000, 0x00000000d1500000|  0%| F|  |TAMS 0x00000000d1400000, 0x00000000d1400000| Untracked 
| 255|0x00000000d1500000, 0x00000000d1500000, 0x00000000d1600000|  0%| F|  |TAMS 0x00000000d1500000, 0x00000000d1500000| Untracked 
| 256|0x00000000d1600000, 0x00000000d1600000, 0x00000000d1700000|  0%| F|  |TAMS 0x00000000d1600000, 0x00000000d1600000| Untracked 
| 257|0x00000000d1700000, 0x00000000d1700000, 0x00000000d1800000|  0%| F|  |TAMS 0x00000000d1700000, 0x00000000d1700000| Untracked 
| 258|0x00000000d1800000, 0x00000000d1800000, 0x00000000d1900000|  0%| F|  |TAMS 0x00000000d1800000, 0x00000000d1800000| Untracked 
| 259|0x00000000d1900000, 0x00000000d1900000, 0x00000000d1a00000|  0%| F|  |TAMS 0x00000000d1900000, 0x00000000d1900000| Untracked 
| 260|0x00000000d1a00000, 0x00000000d1a00000, 0x00000000d1b00000|  0%| F|  |TAMS 0x00000000d1a00000, 0x00000000d1a00000| Untracked 
| 261|0x00000000d1b00000, 0x00000000d1b00000, 0x00000000d1c00000|  0%| F|  |TAMS 0x00000000d1b00000, 0x00000000d1b00000| Untracked 
| 262|0x00000000d1c00000, 0x00000000d1c00000, 0x00000000d1d00000|  0%| F|  |TAMS 0x00000000d1c00000, 0x00000000d1c00000| Untracked 
| 263|0x00000000d1d00000, 0x00000000d1d00000, 0x00000000d1e00000|  0%| F|  |TAMS 0x00000000d1d00000, 0x00000000d1d00000| Untracked 
| 264|0x00000000d1e00000, 0x00000000d1e00000, 0x00000000d1f00000|  0%| F|  |TAMS 0x00000000d1e00000, 0x00000000d1e00000| Untracked 
| 265|0x00000000d1f00000, 0x00000000d1f00000, 0x00000000d2000000|  0%| F|  |TAMS 0x00000000d1f00000, 0x00000000d1f00000| Untracked 
| 266|0x00000000d2000000, 0x00000000d2000000, 0x00000000d2100000|  0%| F|  |TAMS 0x00000000d2000000, 0x00000000d2000000| Untracked 
| 267|0x00000000d2100000, 0x00000000d2100000, 0x00000000d2200000|  0%| F|  |TAMS 0x00000000d2100000, 0x00000000d2100000| Untracked 
| 268|0x00000000d2200000, 0x00000000d2200000, 0x00000000d2300000|  0%| F|  |TAMS 0x00000000d2200000, 0x00000000d2200000| Untracked 
| 269|0x00000000d2300000, 0x00000000d2300000, 0x00000000d2400000|  0%| F|  |TAMS 0x00000000d2300000, 0x00000000d2300000| Untracked 
| 270|0x00000000d2400000, 0x00000000d2400000, 0x00000000d2500000|  0%| F|  |TAMS 0x00000000d2400000, 0x00000000d2400000| Untracked 
| 271|0x00000000d2500000, 0x00000000d2500000, 0x00000000d2600000|  0%| F|  |TAMS 0x00000000d2500000, 0x00000000d2500000| Untracked 
| 272|0x00000000d2600000, 0x00000000d2600000, 0x00000000d2700000|  0%| F|  |TAMS 0x00000000d2600000, 0x00000000d2600000| Untracked 
| 273|0x00000000d2700000, 0x00000000d2700000, 0x00000000d2800000|  0%| F|  |TAMS 0x00000000d2700000, 0x00000000d2700000| Untracked 
| 274|0x00000000d2800000, 0x00000000d2800000, 0x00000000d2900000|  0%| F|  |TAMS 0x00000000d2800000, 0x00000000d2800000| Untracked 
| 275|0x00000000d2900000, 0x00000000d2900000, 0x00000000d2a00000|  0%| F|  |TAMS 0x00000000d2900000, 0x00000000d2900000| Untracked 
| 276|0x00000000d2a00000, 0x00000000d2a00000, 0x00000000d2b00000|  0%| F|  |TAMS 0x00000000d2a00000, 0x00000000d2a00000| Untracked 
| 277|0x00000000d2b00000, 0x00000000d2b00000, 0x00000000d2c00000|  0%| F|  |TAMS 0x00000000d2b00000, 0x00000000d2b00000| Untracked 
| 278|0x00000000d2c00000, 0x00000000d2c00000, 0x00000000d2d00000|  0%| F|  |TAMS 0x00000000d2c00000, 0x00000000d2c00000| Untracked 
| 279|0x00000000d2d00000, 0x00000000d2d00000, 0x00000000d2e00000|  0%| F|  |TAMS 0x00000000d2d00000, 0x00000000d2d00000| Untracked 
| 280|0x00000000d2e00000, 0x00000000d2e00000, 0x00000000d2f00000|  0%| F|  |TAMS 0x00000000d2e00000, 0x00000000d2e00000| Untracked 
| 281|0x00000000d2f00000, 0x00000000d2f00000, 0x00000000d3000000|  0%| F|  |TAMS 0x00000000d2f00000, 0x00000000d2f00000| Untracked 
| 282|0x00000000d3000000, 0x00000000d3000000, 0x00000000d3100000|  0%| F|  |TAMS 0x00000000d3000000, 0x00000000d3000000| Untracked 
| 283|0x00000000d3100000, 0x00000000d3100000, 0x00000000d3200000|  0%| F|  |TAMS 0x00000000d3100000, 0x00000000d3100000| Untracked 
| 284|0x00000000d3200000, 0x00000000d3200000, 0x00000000d3300000|  0%| F|  |TAMS 0x00000000d3200000, 0x00000000d3200000| Untracked 
| 285|0x00000000d3300000, 0x00000000d3300000, 0x00000000d3400000|  0%| F|  |TAMS 0x00000000d3300000, 0x00000000d3300000| Untracked 
| 286|0x00000000d3400000, 0x00000000d3400000, 0x00000000d3500000|  0%| F|  |TAMS 0x00000000d3400000, 0x00000000d3400000| Untracked 
| 287|0x00000000d3500000, 0x00000000d3500000, 0x00000000d3600000|  0%| F|  |TAMS 0x00000000d3500000, 0x00000000d3500000| Untracked 
| 288|0x00000000d3600000, 0x00000000d3600000, 0x00000000d3700000|  0%| F|  |TAMS 0x00000000d3600000, 0x00000000d3600000| Untracked 
| 289|0x00000000d3700000, 0x00000000d3700000, 0x00000000d3800000|  0%| F|  |TAMS 0x00000000d3700000, 0x00000000d3700000| Untracked 
| 290|0x00000000d3800000, 0x00000000d3900000, 0x00000000d3900000|100%| S|CS|TAMS 0x00000000d3800000, 0x00000000d3800000| Complete 
| 291|0x00000000d3900000, 0x00000000d3a00000, 0x00000000d3a00000|100%| S|CS|TAMS 0x00000000d3900000, 0x00000000d3900000| Complete 
| 292|0x00000000d3a00000, 0x00000000d3b00000, 0x00000000d3b00000|100%| S|CS|TAMS 0x00000000d3a00000, 0x00000000d3a00000| Complete 
| 293|0x00000000d3b00000, 0x00000000d3c00000, 0x00000000d3c00000|100%| S|CS|TAMS 0x00000000d3b00000, 0x00000000d3b00000| Complete 
| 294|0x00000000d3c00000, 0x00000000d3d00000, 0x00000000d3d00000|100%| S|CS|TAMS 0x00000000d3c00000, 0x00000000d3c00000| Complete 
| 295|0x00000000d3d00000, 0x00000000d3e00000, 0x00000000d3e00000|100%| S|CS|TAMS 0x00000000d3d00000, 0x00000000d3d00000| Complete 
| 296|0x00000000d3e00000, 0x00000000d3f00000, 0x00000000d3f00000|100%| S|CS|TAMS 0x00000000d3e00000, 0x00000000d3e00000| Complete 
| 297|0x00000000d3f00000, 0x00000000d4000000, 0x00000000d4000000|100%| S|CS|TAMS 0x00000000d3f00000, 0x00000000d3f00000| Complete 
| 298|0x00000000d4000000, 0x00000000d4100000, 0x00000000d4100000|100%| S|CS|TAMS 0x00000000d4000000, 0x00000000d4000000| Complete 
| 299|0x00000000d4100000, 0x00000000d4200000, 0x00000000d4200000|100%| S|CS|TAMS 0x00000000d4100000, 0x00000000d4100000| Complete 
| 300|0x00000000d4200000, 0x00000000d4300000, 0x00000000d4300000|100%| S|CS|TAMS 0x00000000d4200000, 0x00000000d4200000| Complete 
| 301|0x00000000d4300000, 0x00000000d4400000, 0x00000000d4400000|100%| S|CS|TAMS 0x00000000d4300000, 0x00000000d4300000| Complete 
| 302|0x00000000d4400000, 0x00000000d4500000, 0x00000000d4500000|100%| S|CS|TAMS 0x00000000d4400000, 0x00000000d4400000| Complete 
| 303|0x00000000d4500000, 0x00000000d4500000, 0x00000000d4600000|  0%| F|  |TAMS 0x00000000d4500000, 0x00000000d4500000| Untracked 
| 304|0x00000000d4600000, 0x00000000d4600000, 0x00000000d4700000|  0%| F|  |TAMS 0x00000000d4600000, 0x00000000d4600000| Untracked 
| 305|0x00000000d4700000, 0x00000000d4700000, 0x00000000d4800000|  0%| F|  |TAMS 0x00000000d4700000, 0x00000000d4700000| Untracked 
| 306|0x00000000d4800000, 0x00000000d4800000, 0x00000000d4900000|  0%| F|  |TAMS 0x00000000d4800000, 0x00000000d4800000| Untracked 
| 307|0x00000000d4900000, 0x00000000d4900000, 0x00000000d4a00000|  0%| F|  |TAMS 0x00000000d4900000, 0x00000000d4900000| Untracked 
| 308|0x00000000d4a00000, 0x00000000d4a00000, 0x00000000d4b00000|  0%| F|  |TAMS 0x00000000d4a00000, 0x00000000d4a00000| Untracked 
| 309|0x00000000d4b00000, 0x00000000d4b00000, 0x00000000d4c00000|  0%| F|  |TAMS 0x00000000d4b00000, 0x00000000d4b00000| Untracked 
| 310|0x00000000d4c00000, 0x00000000d4c00000, 0x00000000d4d00000|  0%| F|  |TAMS 0x00000000d4c00000, 0x00000000d4c00000| Untracked 
| 311|0x00000000d4d00000, 0x00000000d4d00000, 0x00000000d4e00000|  0%| F|  |TAMS 0x00000000d4d00000, 0x00000000d4d00000| Untracked 
| 312|0x00000000d4e00000, 0x00000000d4e00000, 0x00000000d4f00000|  0%| F|  |TAMS 0x00000000d4e00000, 0x00000000d4e00000| Untracked 
| 313|0x00000000d4f00000, 0x00000000d4f00000, 0x00000000d5000000|  0%| F|  |TAMS 0x00000000d4f00000, 0x00000000d4f00000| Untracked 
| 314|0x00000000d5000000, 0x00000000d5000000, 0x00000000d5100000|  0%| F|  |TAMS 0x00000000d5000000, 0x00000000d5000000| Untracked 
| 315|0x00000000d5100000, 0x00000000d5100000, 0x00000000d5200000|  0%| F|  |TAMS 0x00000000d5100000, 0x00000000d5100000| Untracked 
| 316|0x00000000d5200000, 0x00000000d5200000, 0x00000000d5300000|  0%| F|  |TAMS 0x00000000d5200000, 0x00000000d5200000| Untracked 
| 317|0x00000000d5300000, 0x00000000d5300000, 0x00000000d5400000|  0%| F|  |TAMS 0x00000000d5300000, 0x00000000d5300000| Untracked 
| 318|0x00000000d5400000, 0x00000000d5400000, 0x00000000d5500000|  0%| F|  |TAMS 0x00000000d5400000, 0x00000000d5400000| Untracked 
| 319|0x00000000d5500000, 0x00000000d5500000, 0x00000000d5600000|  0%| F|  |TAMS 0x00000000d5500000, 0x00000000d5500000| Untracked 
| 320|0x00000000d5600000, 0x00000000d5600000, 0x00000000d5700000|  0%| F|  |TAMS 0x00000000d5600000, 0x00000000d5600000| Untracked 
| 321|0x00000000d5700000, 0x00000000d5700000, 0x00000000d5800000|  0%| F|  |TAMS 0x00000000d5700000, 0x00000000d5700000| Untracked 
| 322|0x00000000d5800000, 0x00000000d5800000, 0x00000000d5900000|  0%| F|  |TAMS 0x00000000d5800000, 0x00000000d5800000| Untracked 
| 323|0x00000000d5900000, 0x00000000d5900000, 0x00000000d5a00000|  0%| F|  |TAMS 0x00000000d5900000, 0x00000000d5900000| Untracked 
| 324|0x00000000d5a00000, 0x00000000d5a00000, 0x00000000d5b00000|  0%| F|  |TAMS 0x00000000d5a00000, 0x00000000d5a00000| Untracked 
| 325|0x00000000d5b00000, 0x00000000d5b00000, 0x00000000d5c00000|  0%| F|  |TAMS 0x00000000d5b00000, 0x00000000d5b00000| Untracked 
| 326|0x00000000d5c00000, 0x00000000d5c00000, 0x00000000d5d00000|  0%| F|  |TAMS 0x00000000d5c00000, 0x00000000d5c00000| Untracked 
| 327|0x00000000d5d00000, 0x00000000d5d00000, 0x00000000d5e00000|  0%| F|  |TAMS 0x00000000d5d00000, 0x00000000d5d00000| Untracked 
| 328|0x00000000d5e00000, 0x00000000d5e00000, 0x00000000d5f00000|  0%| F|  |TAMS 0x00000000d5e00000, 0x00000000d5e00000| Untracked 
| 329|0x00000000d5f00000, 0x00000000d5f00000, 0x00000000d6000000|  0%| F|  |TAMS 0x00000000d5f00000, 0x00000000d5f00000| Untracked 
| 330|0x00000000d6000000, 0x00000000d6000000, 0x00000000d6100000|  0%| F|  |TAMS 0x00000000d6000000, 0x00000000d6000000| Untracked 
| 331|0x00000000d6100000, 0x00000000d6100000, 0x00000000d6200000|  0%| F|  |TAMS 0x00000000d6100000, 0x00000000d6100000| Untracked 
| 332|0x00000000d6200000, 0x00000000d6200000, 0x00000000d6300000|  0%| F|  |TAMS 0x00000000d6200000, 0x00000000d6200000| Untracked 
| 333|0x00000000d6300000, 0x00000000d6300000, 0x00000000d6400000|  0%| F|  |TAMS 0x00000000d6300000, 0x00000000d6300000| Untracked 
| 334|0x00000000d6400000, 0x00000000d6400000, 0x00000000d6500000|  0%| F|  |TAMS 0x00000000d6400000, 0x00000000d6400000| Untracked 
| 335|0x00000000d6500000, 0x00000000d6500000, 0x00000000d6600000|  0%| F|  |TAMS 0x00000000d6500000, 0x00000000d6500000| Untracked 
| 336|0x00000000d6600000, 0x00000000d6600000, 0x00000000d6700000|  0%| F|  |TAMS 0x00000000d6600000, 0x00000000d6600000| Untracked 
| 337|0x00000000d6700000, 0x00000000d6700000, 0x00000000d6800000|  0%| F|  |TAMS 0x00000000d6700000, 0x00000000d6700000| Untracked 
| 338|0x00000000d6800000, 0x00000000d6800000, 0x00000000d6900000|  0%| F|  |TAMS 0x00000000d6800000, 0x00000000d6800000| Untracked 
| 339|0x00000000d6900000, 0x00000000d6900000, 0x00000000d6a00000|  0%| F|  |TAMS 0x00000000d6900000, 0x00000000d6900000| Untracked 
| 340|0x00000000d6a00000, 0x00000000d6a00000, 0x00000000d6b00000|  0%| F|  |TAMS 0x00000000d6a00000, 0x00000000d6a00000| Untracked 
| 341|0x00000000d6b00000, 0x00000000d6b00000, 0x00000000d6c00000|  0%| F|  |TAMS 0x00000000d6b00000, 0x00000000d6b00000| Untracked 
| 342|0x00000000d6c00000, 0x00000000d6c00000, 0x00000000d6d00000|  0%| F|  |TAMS 0x00000000d6c00000, 0x00000000d6c00000| Untracked 
| 343|0x00000000d6d00000, 0x00000000d6d00000, 0x00000000d6e00000|  0%| F|  |TAMS 0x00000000d6d00000, 0x00000000d6d00000| Untracked 
| 344|0x00000000d6e00000, 0x00000000d6e00000, 0x00000000d6f00000|  0%| F|  |TAMS 0x00000000d6e00000, 0x00000000d6e00000| Untracked 
| 345|0x00000000d6f00000, 0x00000000d6f00000, 0x00000000d7000000|  0%| F|  |TAMS 0x00000000d6f00000, 0x00000000d6f00000| Untracked 
| 346|0x00000000d7000000, 0x00000000d7000000, 0x00000000d7100000|  0%| F|  |TAMS 0x00000000d7000000, 0x00000000d7000000| Untracked 
| 347|0x00000000d7100000, 0x00000000d7100000, 0x00000000d7200000|  0%| F|  |TAMS 0x00000000d7100000, 0x00000000d7100000| Untracked 
| 348|0x00000000d7200000, 0x00000000d7200000, 0x00000000d7300000|  0%| F|  |TAMS 0x00000000d7200000, 0x00000000d7200000| Untracked 
| 349|0x00000000d7300000, 0x00000000d7300000, 0x00000000d7400000|  0%| F|  |TAMS 0x00000000d7300000, 0x00000000d7300000| Untracked 
| 350|0x00000000d7400000, 0x00000000d7400000, 0x00000000d7500000|  0%| F|  |TAMS 0x00000000d7400000, 0x00000000d7400000| Untracked 
| 351|0x00000000d7500000, 0x00000000d7500000, 0x00000000d7600000|  0%| F|  |TAMS 0x00000000d7500000, 0x00000000d7500000| Untracked 
| 352|0x00000000d7600000, 0x00000000d7700000, 0x00000000d7700000|100%| E|  |TAMS 0x00000000d7600000, 0x00000000d7600000| Complete 
| 353|0x00000000d7700000, 0x00000000d7800000, 0x00000000d7800000|100%| E|CS|TAMS 0x00000000d7700000, 0x00000000d7700000| Complete 
| 354|0x00000000d7800000, 0x00000000d7900000, 0x00000000d7900000|100%| E|CS|TAMS 0x00000000d7800000, 0x00000000d7800000| Complete 
| 355|0x00000000d7900000, 0x00000000d7a00000, 0x00000000d7a00000|100%| E|CS|TAMS 0x00000000d7900000, 0x00000000d7900000| Complete 
| 356|0x00000000d7a00000, 0x00000000d7b00000, 0x00000000d7b00000|100%| E|CS|TAMS 0x00000000d7a00000, 0x00000000d7a00000| Complete 
| 357|0x00000000d7b00000, 0x00000000d7c00000, 0x00000000d7c00000|100%| E|CS|TAMS 0x00000000d7b00000, 0x00000000d7b00000| Complete 
| 358|0x00000000d7c00000, 0x00000000d7d00000, 0x00000000d7d00000|100%| E|CS|TAMS 0x00000000d7c00000, 0x00000000d7c00000| Complete 
| 359|0x00000000d7d00000, 0x00000000d7e00000, 0x00000000d7e00000|100%| E|CS|TAMS 0x00000000d7d00000, 0x00000000d7d00000| Complete 
| 360|0x00000000d7e00000, 0x00000000d7f00000, 0x00000000d7f00000|100%| E|CS|TAMS 0x00000000d7e00000, 0x00000000d7e00000| Complete 
| 361|0x00000000d7f00000, 0x00000000d8000000, 0x00000000d8000000|100%| E|CS|TAMS 0x00000000d7f00000, 0x00000000d7f00000| Complete 
| 362|0x00000000d8000000, 0x00000000d8100000, 0x00000000d8100000|100%| E|CS|TAMS 0x00000000d8000000, 0x00000000d8000000| Complete 
| 363|0x00000000d8100000, 0x00000000d8200000, 0x00000000d8200000|100%| E|CS|TAMS 0x00000000d8100000, 0x00000000d8100000| Complete 
| 364|0x00000000d8200000, 0x00000000d8300000, 0x00000000d8300000|100%| E|CS|TAMS 0x00000000d8200000, 0x00000000d8200000| Complete 
| 365|0x00000000d8300000, 0x00000000d8400000, 0x00000000d8400000|100%| E|CS|TAMS 0x00000000d8300000, 0x00000000d8300000| Complete 
| 366|0x00000000d8400000, 0x00000000d8500000, 0x00000000d8500000|100%| E|CS|TAMS 0x00000000d8400000, 0x00000000d8400000| Complete 
| 367|0x00000000d8500000, 0x00000000d8600000, 0x00000000d8600000|100%| E|CS|TAMS 0x00000000d8500000, 0x00000000d8500000| Complete 
| 368|0x00000000d8600000, 0x00000000d8700000, 0x00000000d8700000|100%| E|CS|TAMS 0x00000000d8600000, 0x00000000d8600000| Complete 
| 369|0x00000000d8700000, 0x00000000d8800000, 0x00000000d8800000|100%| E|CS|TAMS 0x00000000d8700000, 0x00000000d8700000| Complete 
| 370|0x00000000d8800000, 0x00000000d8900000, 0x00000000d8900000|100%| E|CS|TAMS 0x00000000d8800000, 0x00000000d8800000| Complete 
| 371|0x00000000d8900000, 0x00000000d8a00000, 0x00000000d8a00000|100%| E|CS|TAMS 0x00000000d8900000, 0x00000000d8900000| Complete 
| 372|0x00000000d8a00000, 0x00000000d8b00000, 0x00000000d8b00000|100%| E|CS|TAMS 0x00000000d8a00000, 0x00000000d8a00000| Complete 
| 373|0x00000000d8b00000, 0x00000000d8c00000, 0x00000000d8c00000|100%| E|CS|TAMS 0x00000000d8b00000, 0x00000000d8b00000| Complete 
| 374|0x00000000d8c00000, 0x00000000d8d00000, 0x00000000d8d00000|100%| E|CS|TAMS 0x00000000d8c00000, 0x00000000d8c00000| Complete 
| 375|0x00000000d8d00000, 0x00000000d8e00000, 0x00000000d8e00000|100%| E|CS|TAMS 0x00000000d8d00000, 0x00000000d8d00000| Complete 
| 376|0x00000000d8e00000, 0x00000000d8f00000, 0x00000000d8f00000|100%| E|CS|TAMS 0x00000000d8e00000, 0x00000000d8e00000| Complete 
| 377|0x00000000d8f00000, 0x00000000d9000000, 0x00000000d9000000|100%| E|CS|TAMS 0x00000000d8f00000, 0x00000000d8f00000| Complete 
| 378|0x00000000d9000000, 0x00000000d9100000, 0x00000000d9100000|100%| E|CS|TAMS 0x00000000d9000000, 0x00000000d9000000| Complete 
| 379|0x00000000d9100000, 0x00000000d9200000, 0x00000000d9200000|100%| E|CS|TAMS 0x00000000d9100000, 0x00000000d9100000| Complete 
| 380|0x00000000d9200000, 0x00000000d9300000, 0x00000000d9300000|100%| E|CS|TAMS 0x00000000d9200000, 0x00000000d9200000| Complete 
| 381|0x00000000d9300000, 0x00000000d9400000, 0x00000000d9400000|100%| E|CS|TAMS 0x00000000d9300000, 0x00000000d9300000| Complete 
| 382|0x00000000d9400000, 0x00000000d9500000, 0x00000000d9500000|100%| E|CS|TAMS 0x00000000d9400000, 0x00000000d9400000| Complete 
| 383|0x00000000d9500000, 0x00000000d9600000, 0x00000000d9600000|100%| E|CS|TAMS 0x00000000d9500000, 0x00000000d9500000| Complete 
| 384|0x00000000d9600000, 0x00000000d9700000, 0x00000000d9700000|100%| E|CS|TAMS 0x00000000d9600000, 0x00000000d9600000| Complete 
| 385|0x00000000d9700000, 0x00000000d9800000, 0x00000000d9800000|100%| E|CS|TAMS 0x00000000d9700000, 0x00000000d9700000| Complete 
| 386|0x00000000d9800000, 0x00000000d9900000, 0x00000000d9900000|100%| E|CS|TAMS 0x00000000d9800000, 0x00000000d9800000| Complete 
| 387|0x00000000d9900000, 0x00000000d9a00000, 0x00000000d9a00000|100%| E|CS|TAMS 0x00000000d9900000, 0x00000000d9900000| Complete 
| 388|0x00000000d9a00000, 0x00000000d9b00000, 0x00000000d9b00000|100%| E|CS|TAMS 0x00000000d9a00000, 0x00000000d9a00000| Complete 
| 389|0x00000000d9b00000, 0x00000000d9c00000, 0x00000000d9c00000|100%| E|CS|TAMS 0x00000000d9b00000, 0x00000000d9b00000| Complete 
| 390|0x00000000d9c00000, 0x00000000d9d00000, 0x00000000d9d00000|100%| E|CS|TAMS 0x00000000d9c00000, 0x00000000d9c00000| Complete 
| 391|0x00000000d9d00000, 0x00000000d9e00000, 0x00000000d9e00000|100%| E|CS|TAMS 0x00000000d9d00000, 0x00000000d9d00000| Complete 
| 392|0x00000000d9e00000, 0x00000000d9f00000, 0x00000000d9f00000|100%| E|CS|TAMS 0x00000000d9e00000, 0x00000000d9e00000| Complete 
| 393|0x00000000d9f00000, 0x00000000da000000, 0x00000000da000000|100%| E|CS|TAMS 0x00000000d9f00000, 0x00000000d9f00000| Complete 
| 394|0x00000000da000000, 0x00000000da100000, 0x00000000da100000|100%| E|CS|TAMS 0x00000000da000000, 0x00000000da000000| Complete 
| 395|0x00000000da100000, 0x00000000da200000, 0x00000000da200000|100%| E|CS|TAMS 0x00000000da100000, 0x00000000da100000| Complete 
| 396|0x00000000da200000, 0x00000000da300000, 0x00000000da300000|100%| E|CS|TAMS 0x00000000da200000, 0x00000000da200000| Complete 
| 397|0x00000000da300000, 0x00000000da400000, 0x00000000da400000|100%| E|CS|TAMS 0x00000000da300000, 0x00000000da300000| Complete 
| 398|0x00000000da400000, 0x00000000da500000, 0x00000000da500000|100%| E|CS|TAMS 0x00000000da400000, 0x00000000da400000| Complete 
| 399|0x00000000da500000, 0x00000000da600000, 0x00000000da600000|100%| E|CS|TAMS 0x00000000da500000, 0x00000000da500000| Complete 
| 400|0x00000000da600000, 0x00000000da700000, 0x00000000da700000|100%| E|CS|TAMS 0x00000000da600000, 0x00000000da600000| Complete 
| 401|0x00000000da700000, 0x00000000da800000, 0x00000000da800000|100%| E|CS|TAMS 0x00000000da700000, 0x00000000da700000| Complete 
| 402|0x00000000da800000, 0x00000000da900000, 0x00000000da900000|100%| E|CS|TAMS 0x00000000da800000, 0x00000000da800000| Complete 
| 403|0x00000000da900000, 0x00000000daa00000, 0x00000000daa00000|100%| E|CS|TAMS 0x00000000da900000, 0x00000000da900000| Complete 
| 404|0x00000000daa00000, 0x00000000dab00000, 0x00000000dab00000|100%| E|CS|TAMS 0x00000000daa00000, 0x00000000daa00000| Complete 

Card table byte_map: [0x00000273f4050000,0x00000273f4250000] _byte_map_base: 0x00000273f3a45000

Marking Bits (Prev, Next): (CMBitMap*) 0x00000273dd30aea0, (CMBitMap*) 0x00000273dd30aee0
 Prev Bits: [0x00000273f4450000, 0x00000273f53f8000)
 Next Bits: [0x00000273f5400000, 0x00000273f63a8000)

Polling page: 0x00000273dca80000

Metaspace:

Usage:
  Non-class:     57.13 MB used.
      Class:      7.73 MB used.
       Both:     64.86 MB used.

Virtual space:
  Non-class space:       64.00 MB reserved,      57.31 MB ( 90%) committed,  1 nodes.
      Class space:        1.00 GB reserved,       7.94 MB ( <1%) committed,  1 nodes.
             Both:        1.06 GB reserved,      65.25 MB (  6%) committed. 

Chunk freelists:
   Non-Class:  6.25 MB
       Class:  8.10 MB
        Both:  14.35 MB

MaxMetaspaceSize: unlimited
CompressedClassSpaceSize: 1.00 GB
Initial GC threshold: 21.00 MB
Current GC threshold: 107.75 MB
CDS: on
MetaspaceReclaimPolicy: balanced
 - commit_granule_bytes: 65536.
 - commit_granule_words: 8192.
 - virtual_space_node_default_size: 8388608.
 - enlarge_chunks_in_place: 1.
 - new_chunks_are_fully_committed: 0.
 - uncommit_free_chunks: 1.
 - use_allocation_guard: 0.
 - handle_deallocations: 1.


Internal statistics:

num_allocs_failed_limit: 9.
num_arena_births: 430.
num_arena_deaths: 0.
num_vsnodes_births: 2.
num_vsnodes_deaths: 0.
num_space_committed: 1042.
num_space_uncommitted: 0.
num_chunks_returned_to_freelist: 9.
num_chunks_taken_from_freelist: 2737.
num_chunk_merges: 6.
num_chunk_splits: 2151.
num_chunks_enlarged: 1873.
num_inconsistent_stats: 0.

CodeHeap 'non-profiled nmethods': size=120000Kb used=3312Kb max_used=3312Kb free=116687Kb
 bounds [0x00000273ec920000, 0x00000273ecc90000, 0x00000273f3e50000]
CodeHeap 'profiled nmethods': size=120000Kb used=15949Kb max_used=16026Kb free=104051Kb
 bounds [0x00000273e4e50000, 0x00000273e5e00000, 0x00000273ec380000]
CodeHeap 'non-nmethods': size=5760Kb used=1369Kb max_used=1470Kb free=4390Kb
 bounds [0x00000273ec380000, 0x00000273ec5f0000, 0x00000273ec920000]
 total_blobs=7602 nmethods=6900 adapters=613
 compilation: enabled
              stopped_count=0, restarted_count=0
 full_count=0

Compilation events (20 events):
Event: 49.838 Thread 0x00000273f88254b0 nmethod 7417 0x00000273ec955590 code [0x00000273ec955720, 0x00000273ec955ad8]
Event: 49.839 Thread 0x00000273f88254b0 7377       4       com.intellij.mock.MockComponentManager::registerComponentInDisposer (41 bytes)
Event: 49.846 Thread 0x00000273f88254b0 nmethod 7377 0x00000273ecaadc10 code [0x00000273ecaaddc0, 0x00000273ecaadfc8]
Event: 49.846 Thread 0x00000273f88254b0 7376       4       com.intellij.util.pico.DefaultPicoContainer::getService (39 bytes)
Event: 49.873 Thread 0x00000273f88254b0 nmethod 7376 0x00000273ec9f8110 code [0x00000273ec9f82e0, 0x00000273ec9f8a88]
Event: 49.874 Thread 0x00000273f88254b0 7383       4       org.jetbrains.org.objectweb.asm.ClassVisitor::visitField (24 bytes)
Event: 49.876 Thread 0x00000273f88254b0 nmethod 7383 0x00000273ec955190 code [0x00000273ec955320, 0x00000273ec9553d8]
Event: 49.876 Thread 0x00000273f88254b0 7380   !   4       java.lang.Thread::blockedOn (27 bytes)
Event: 49.879 Thread 0x00000273f88254b0 nmethod 7380 0x00000273ecaad490 code [0x00000273ecaad620, 0x00000273ecaad8f8]
Event: 49.879 Thread 0x00000273f88254b0 7415       4       com.intellij.psi.impl.compiled.StubBuildingVisitor::newReferenceList (41 bytes)
Event: 49.883 Thread 0x00000273f88254b0 nmethod 7415 0x00000273ec9b6b90 code [0x00000273ec9b6d40, 0x00000273ec9b6ee8]
Event: 49.883 Thread 0x00000273f88254b0 7591       4       com.intellij.mock.MockComponentManager::getService (25 bytes)
Event: 49.922 Thread 0x00000273f88254b0 nmethod 7591 0x00000273ecb8e990 code [0x00000273ecb8eb80, 0x00000273ecb8f4f8]
Event: 49.922 Thread 0x00000273f88254b0 7487       4       com.intellij.psi.impl.java.stubs.impl.PsiParameterStubImpl::<init> (31 bytes)
Event: 49.931 Thread 0x00000273f88254b0 nmethod 7487 0x00000273ec9b6310 code [0x00000273ec9b64a0, 0x00000273ec9b67a8]
Event: 49.932 Thread 0x00000273f88254b0 7580       4       com.intellij.psi.impl.java.stubs.impl.PsiParameterStubImpl::<init> (41 bytes)
Event: 49.938 Thread 0x00000273f88254b0 nmethod 7580 0x00000273ec941d10 code [0x00000273ec941ea0, 0x00000273ec942168]
Event: 49.938 Thread 0x00000273f88254b0 7400       4       com.intellij.psi.impl.compiled.FirstPassData::toTypeInfo (25 bytes)
Event: 50.018 Thread 0x00000273f888f6f0 7792       3       java.util.function.IntUnaryOperator$$Lambda$833/0x00000273811ef4a0::applyAsInt (5 bytes)
Event: 50.019 Thread 0x00000273f888f6f0 nmethod 7792 0x00000273e527f710 code [0x00000273e527f8c0, 0x00000273e527fa18]

GC Heap History (20 events):
Event: 36.277 GC heap before
{Heap before GC invocations=31 (full 0):
 garbage-first heap   total 104448K, used 76598K [0x00000000c1600000, 0x0000000100000000)
  region size 1024K, 34 young (34816K), 1 survivors (1024K)
 Metaspace       used 65972K, committed 66368K, reserved 1114112K
  class space    used 7908K, committed 8128K, reserved 1048576K
}
Event: 36.288 GC heap after
{Heap after GC invocations=32 (full 0):
 garbage-first heap   total 104448K, used 45793K [0x00000000c1600000, 0x0000000100000000)
  region size 1024K, 4 young (4096K), 4 survivors (4096K)
 Metaspace       used 65972K, committed 66368K, reserved 1114112K
  class space    used 7908K, committed 8128K, reserved 1048576K
}
Event: 36.775 GC heap before
{Heap before GC invocations=32 (full 0):
 garbage-first heap   total 104448K, used 78561K [0x00000000c1600000, 0x0000000100000000)
  region size 1024K, 36 young (36864K), 4 survivors (4096K)
 Metaspace       used 65980K, committed 66368K, reserved 1114112K
  class space    used 7908K, committed 8128K, reserved 1048576K
}
Event: 36.789 GC heap after
{Heap after GC invocations=33 (full 0):
 garbage-first heap   total 104448K, used 48804K [0x00000000c1600000, 0x0000000100000000)
  region size 1024K, 4 young (4096K), 4 survivors (4096K)
 Metaspace       used 65980K, committed 66368K, reserved 1114112K
  class space    used 7908K, committed 8128K, reserved 1048576K
}
Event: 37.261 GC heap before
{Heap before GC invocations=33 (full 0):
 garbage-first heap   total 104448K, used 79524K [0x00000000c1600000, 0x0000000100000000)
  region size 1024K, 35 young (35840K), 4 survivors (4096K)
 Metaspace       used 66097K, committed 66496K, reserved 1114112K
  class space    used 7908K, committed 8128K, reserved 1048576K
}
Event: 37.283 GC heap after
{Heap after GC invocations=34 (full 0):
 garbage-first heap   total 261120K, used 53785K [0x00000000c1600000, 0x0000000100000000)
  region size 1024K, 5 young (5120K), 5 survivors (5120K)
 Metaspace       used 66097K, committed 66496K, reserved 1114112K
  class space    used 7908K, committed 8128K, reserved 1048576K
}
Event: 40.529 GC heap before
{Heap before GC invocations=34 (full 0):
 garbage-first heap   total 261120K, used 176665K [0x00000000c1600000, 0x0000000100000000)
  region size 1024K, 125 young (128000K), 5 survivors (5120K)
 Metaspace       used 66326K, committed 66752K, reserved 1114112K
  class space    used 7910K, committed 8128K, reserved 1048576K
}
Event: 41.273 GC heap after
{Heap after GC invocations=35 (full 0):
 garbage-first heap   total 261120K, used 72846K [0x00000000c1600000, 0x0000000100000000)
  region size 1024K, 16 young (16384K), 16 survivors (16384K)
 Metaspace       used 66326K, committed 66752K, reserved 1114112K
  class space    used 7910K, committed 8128K, reserved 1048576K
}
Event: 42.240 GC heap before
{Heap before GC invocations=35 (full 0):
 garbage-first heap   total 261120K, used 114830K [0x00000000c1600000, 0x0000000100000000)
  region size 1024K, 57 young (58368K), 16 survivors (16384K)
 Metaspace       used 66342K, committed 66752K, reserved 1114112K
  class space    used 7910K, committed 8128K, reserved 1048576K
}
Event: 42.368 GC heap after
{Heap after GC invocations=36 (full 0):
 garbage-first heap   total 261120K, used 81832K [0x00000000c1600000, 0x0000000100000000)
  region size 1024K, 8 young (8192K), 8 survivors (8192K)
 Metaspace       used 66342K, committed 66752K, reserved 1114112K
  class space    used 7910K, committed 8128K, reserved 1048576K
}
Event: 42.851 GC heap before
{Heap before GC invocations=36 (full 0):
 garbage-first heap   total 261120K, used 117672K [0x00000000c1600000, 0x0000000100000000)
  region size 1024K, 43 young (44032K), 8 survivors (8192K)
 Metaspace       used 66360K, committed 66816K, reserved 1114112K
  class space    used 7910K, committed 8128K, reserved 1048576K
}
Event: 42.925 GC heap after
{Heap after GC invocations=37 (full 0):
 garbage-first heap   total 261120K, used 89088K [0x00000000c1600000, 0x0000000100000000)
  region size 1024K, 6 young (6144K), 6 survivors (6144K)
 Metaspace       used 66360K, committed 66816K, reserved 1114112K
  class space    used 7910K, committed 8128K, reserved 1048576K
}
Event: 43.872 GC heap before
{Heap before GC invocations=37 (full 0):
 garbage-first heap   total 261120K, used 144384K [0x00000000c1600000, 0x0000000100000000)
  region size 1024K, 60 young (61440K), 6 survivors (6144K)
 Metaspace       used 66371K, committed 66816K, reserved 1114112K
  class space    used 7910K, committed 8128K, reserved 1048576K
}
Event: 43.942 GC heap after
{Heap after GC invocations=38 (full 0):
 garbage-first heap   total 414720K, used 99802K [0x00000000c1600000, 0x0000000100000000)
  region size 1024K, 8 young (8192K), 8 survivors (8192K)
 Metaspace       used 66371K, committed 66816K, reserved 1114112K
  class space    used 7910K, committed 8128K, reserved 1048576K
}
Event: 46.249 GC heap before
{Heap before GC invocations=38 (full 0):
 garbage-first heap   total 414720K, used 160218K [0x00000000c1600000, 0x0000000100000000)
  region size 1024K, 67 young (68608K), 8 survivors (8192K)
 Metaspace       used 66388K, committed 66816K, reserved 1114112K
  class space    used 7910K, committed 8128K, reserved 1048576K
}
Event: 46.344 GC heap after
{Heap after GC invocations=39 (full 0):
 garbage-first heap   total 414720K, used 109972K [0x00000000c1600000, 0x0000000100000000)
  region size 1024K, 9 young (9216K), 9 survivors (9216K)
 Metaspace       used 66388K, committed 66816K, reserved 1114112K
  class space    used 7910K, committed 8128K, reserved 1048576K
}
Event: 47.201 GC heap before
{Heap before GC invocations=39 (full 0):
 garbage-first heap   total 414720K, used 183700K [0x00000000c1600000, 0x0000000100000000)
  region size 1024K, 81 young (82944K), 9 survivors (9216K)
 Metaspace       used 66394K, committed 66816K, reserved 1114112K
  class space    used 7910K, committed 8128K, reserved 1048576K
}
Event: 47.276 GC heap after
{Heap after GC invocations=40 (full 0):
 garbage-first heap   total 414720K, used 120832K [0x00000000c1600000, 0x0000000100000000)
  region size 1024K, 10 young (10240K), 10 survivors (10240K)
 Metaspace       used 66394K, committed 66816K, reserved 1114112K
  class space    used 7910K, committed 8128K, reserved 1048576K
}
Event: 48.472 GC heap before
{Heap before GC invocations=40 (full 0):
 garbage-first heap   total 414720K, used 215040K [0x00000000c1600000, 0x0000000100000000)
  region size 1024K, 102 young (104448K), 10 survivors (10240K)
 Metaspace       used 66403K, committed 66816K, reserved 1114112K
  class space    used 7911K, committed 8128K, reserved 1048576K
}
Event: 48.619 GC heap after
{Heap after GC invocations=41 (full 0):
 garbage-first heap   total 414720K, used 135168K [0x00000000c1600000, 0x0000000100000000)
  region size 1024K, 13 young (13312K), 13 survivors (13312K)
 Metaspace       used 66403K, committed 66816K, reserved 1114112K
  class space    used 7911K, committed 8128K, reserved 1048576K
}

Dll operation events (8 events):
Event: 0.019 Loaded shared library C:\Program Files\Eclipse Adoptium\jdk-17.0.20.101-hotspot\bin\java.dll
Event: 0.068 Loaded shared library C:\Program Files\Eclipse Adoptium\jdk-17.0.20.101-hotspot\bin\jsvml.dll
Event: 0.619 Loaded shared library C:\Program Files\Eclipse Adoptium\jdk-17.0.20.101-hotspot\bin\net.dll
Event: 0.704 Loaded shared library C:\Program Files\Eclipse Adoptium\jdk-17.0.20.101-hotspot\bin\nio.dll
Event: 0.803 Loaded shared library C:\Program Files\Eclipse Adoptium\jdk-17.0.20.101-hotspot\bin\zip.dll
Event: 3.288 Loaded shared library C:\Program Files\Eclipse Adoptium\jdk-17.0.20.101-hotspot\bin\jimage.dll
Event: 17.056 Loaded shared library C:\Program Files\Eclipse Adoptium\jdk-17.0.20.101-hotspot\bin\verify.dll
Event: 21.384 Loaded shared library C:\Users\welcome\AppData\Local\Temp\sqlite-3.41.2.1-871f2c7c-f7f8-4edd-aeba-32be4fd9f109-sqlitejdbc.dll

Deoptimization events (20 events):
Event: 48.251 Thread 0x00000273fe803ed0 Uncommon trap: trap_request=0xffffff45 fr.pc=0x00000273ecc298ec relative=0x0000000000002f6c
Event: 48.252 Thread 0x00000273fe803ed0 Uncommon trap: reason=unstable_if action=reinterpret pc=0x00000273ecc298ec method=org.jetbrains.org.objectweb.asm.ClassReader.readMethod(Lorg/jetbrains/org/objectweb/asm/ClassVisitor;Lorg/jetbrains/org/objectweb/asm/Context;I)I @ 652 c2
Event: 48.252 Thread 0x00000273fe803ed0 DEOPT PACKING pc=0x00000273ecc298ec sp=0x00000097392fc9f0
Event: 48.252 Thread 0x00000273fe803ed0 DEOPT UNPACKING pc=0x00000273ec3d69a3 sp=0x00000097392fc988 mode 2
Event: 48.755 Thread 0x00000273fe803ed0 Uncommon trap: trap_request=0xffffff45 fr.pc=0x00000273ecbfcb1c relative=0x000000000000481c
Event: 48.758 Thread 0x00000273fe803ed0 Uncommon trap: reason=unstable_if action=reinterpret pc=0x00000273ecbfcb1c method=org.jetbrains.org.objectweb.asm.ClassReader.accept(Lorg/jetbrains/org/objectweb/asm/ClassVisitor;[Lorg/jetbrains/org/objectweb/asm/Attribute;I)V @ 662 c2
Event: 48.759 Thread 0x00000273fe803ed0 DEOPT PACKING pc=0x00000273ecbfcb1c sp=0x00000097392fcb40
Event: 48.760 Thread 0x00000273fe803ed0 DEOPT UNPACKING pc=0x00000273ec3d69a3 sp=0x00000097392fcad8 mode 2
Event: 48.763 Thread 0x00000273fe803ed0 Uncommon trap: trap_request=0xffffff45 fr.pc=0x00000273ecc14bb4 relative=0x00000000000050f4
Event: 48.763 Thread 0x00000273fe803ed0 Uncommon trap: reason=unstable_if action=reinterpret pc=0x00000273ecc14bb4 method=com.intellij.psi.impl.compiled.FirstPassData.toTypeInfo(Ljava/lang/String;Z)Lcom/intellij/psi/impl/cache/TypeInfo$RefTypeInfo; @ 162 c2
Event: 48.763 Thread 0x00000273fe803ed0 DEOPT PACKING pc=0x00000273ecc14bb4 sp=0x00000097392fcad0
Event: 48.763 Thread 0x00000273fe803ed0 DEOPT UNPACKING pc=0x00000273ec3d69a3 sp=0x00000097392fcad0 mode 2
Event: 49.008 Thread 0x00000273fe803ed0 Uncommon trap: trap_request=0xffffff45 fr.pc=0x00000273ecc6ac8c relative=0x00000000000053ac
Event: 49.008 Thread 0x00000273fe803ed0 Uncommon trap: reason=unstable_if action=reinterpret pc=0x00000273ecc6ac8c method=com.intellij.psi.impl.compiled.StubBuildingVisitor.visitMethod(ILjava/lang/String;Ljava/lang/String;Ljava/lang/String;[Ljava/lang/String;)Lorg/jetbrains/org/objectweb/asm/Me
Event: 49.009 Thread 0x00000273fe803ed0 DEOPT PACKING pc=0x00000273ecc6ac8c sp=0x00000097392fc400
Event: 49.009 Thread 0x00000273fe803ed0 DEOPT UNPACKING pc=0x00000273ec3d69a3 sp=0x00000097392fc3b8 mode 2
Event: 49.272 Thread 0x00000273fe803ed0 DEOPT PACKING pc=0x00000273e5d7958b sp=0x00000097392fd340
Event: 49.272 Thread 0x00000273fe803ed0 DEOPT UNPACKING pc=0x00000273ec3d7143 sp=0x00000097392fc828 mode 0
Event: 49.510 Thread 0x00000273fe803ed0 DEOPT PACKING pc=0x00000273e5d7958b sp=0x00000097392fd340
Event: 49.510 Thread 0x00000273fe803ed0 DEOPT UNPACKING pc=0x00000273ec3d7143 sp=0x00000097392fc828 mode 0

Classes loaded (20 events):
Event: 30.682 Loading class java/util/AbstractList$SubList$1
Event: 30.682 Loading class java/util/AbstractList$SubList$1 done
Event: 31.400 Loading class java/util/concurrent/CompletableFuture$AsyncRun
Event: 31.403 Loading class java/util/concurrent/CompletableFuture$AsyncRun done
Event: 31.620 Loading class java/util/stream/IntPipeline$1
Event: 31.620 Loading class java/util/stream/IntPipeline$1 done
Event: 31.623 Loading class java/util/stream/IntPipeline$1$1
Event: 31.624 Loading class java/util/stream/IntPipeline$1$1 done
Event: 32.255 Loading class java/util/concurrent/ConcurrentLinkedQueue$Itr
Event: 32.257 Loading class java/util/concurrent/ConcurrentLinkedQueue$Itr done
Event: 32.305 Loading class java/util/stream/LongStream
Event: 32.306 Loading class java/util/stream/LongStream done
Event: 32.306 Loading class java/util/stream/DoubleStream
Event: 32.308 Loading class java/util/stream/DoubleStream done
Event: 32.448 Loading class java/lang/Character$UnicodeBlock
Event: 32.450 Loading class java/lang/Character$Subset
Event: 32.451 Loading class java/lang/Character$Subset done
Event: 32.451 Loading class java/lang/Character$UnicodeBlock done
Event: 37.404 Loading class jdk/internal/math/FDBigInteger
Event: 37.409 Loading class jdk/internal/math/FDBigInteger done

Classes unloaded (0 events):
No events

Classes redefined (0 events):
No events

Internal exceptions (20 events):
Event: 30.148 Thread 0x00000273fe802a90 Exception <a 'java/lang/NoSuchMethodError'{0x00000000c381b690}: 'java.lang.Object java.lang.invoke.DirectMethodHandle$Holder.invokeStaticInit(java.lang.Object, java.lang.Object, java.lang.Object, java.lang.Object)'> (0x00000000c381b690) 
thrown [s\src\hotspot\share\interpreter\linkResolver.cpp, line 759]
Event: 30.270 Thread 0x00000273fe802a90 Exception <a 'java/lang/NoSuchMethodError'{0x00000000c436a140}: 'java.lang.Object java.lang.invoke.DirectMethodHandle$Holder.newInvokeSpecial(java.lang.Object, java.lang.Object, java.lang.Object, java.lang.Object, int, java.lang.Object)'> (0x00000000c436a140) 
thrown [s\src\hotspot\share\interpreter\linkResolver.cpp, line 759]
Event: 30.272 Thread 0x00000273fe802a90 Exception <a 'java/lang/NoSuchMethodError'{0x00000000c4371fe0}: 'java.lang.Object java.lang.invoke.Invokers$Holder.linkToTargetMethod(java.lang.Object, java.lang.Object, java.lang.Object, int, java.lang.Object, java.lang.Object)'> (0x00000000c4371fe0) 
thrown [s\src\hotspot\share\interpreter\linkResolver.cpp, line 759]
Event: 30.442 Thread 0x00000273fe802a90 Implicit null exception at 0x00000273ec9f2daf to 0x00000273ec9f2e29
Event: 31.237 Thread 0x00000273fe802a90 Exception <a 'java/lang/NoSuchMethodError'{0x00000000c4c3cbd0}: 'java.lang.Object java.lang.invoke.DirectMethodHandle$Holder.newInvokeSpecial(java.lang.Object, java.lang.Object, java.lang.Object, java.lang.Object, java.lang.Object, java.lang.Object, java.lang.Object, int)'> (0x00000000c4c3cbd0) 
thrown [s\src\hotspot\share\interpreter\linkResolver.cpp, line 759]
Event: 31.238 Thread 0x00000273fe802a90 Exception <a 'java/lang/NoSuchMethodError'{0x00000000c4c41f20}: 'java.lang.Object java.lang.invoke.DirectMethodHandle$Holder.invokeSpecial(java.lang.Object, java.lang.Object, java.lang.Object, java.lang.Object, java.lang.Object, java.lang.Object, java.lang.Object, java.lang.Object, int)'> (0x00000000c4c41f20) 
thrown [s\src\hotspot\share\interpreter\linkResolver.cpp, line 759]
Event: 31.293 Thread 0x00000273fe802a90 Implicit null exception at 0x00000273ec99e1ef to 0x00000273ec99e3bc
Event: 31.716 Thread 0x00000273fe802a90 Implicit null exception at 0x00000273ecb3f733 to 0x00000273ecb3fbdf
Event: 31.716 Thread 0x00000273fe802a90 Implicit null exception at 0x00000273ecb3b62f to 0x00000273ecb3b66c
Event: 31.862 Thread 0x00000273fe802a90 Exception <a 'java/lang/NoSuchMethodError'{0x00000000c55d7290}: 'java.lang.Object java.lang.invoke.DirectMethodHandle$Holder.invokeStatic(java.lang.Object, int, java.lang.Object)'> (0x00000000c55d7290) 
thrown [s\src\hotspot\share\interpreter\linkResolver.cpp, line 759]
Event: 31.992 Thread 0x00000273fe8034b0 Exception <a 'java/lang/NoSuchMethodError'{0x00000000c4b54338}: 'java.lang.Object java.lang.invoke.DirectMethodHandle$Holder.newInvokeSpecial(java.lang.Object, java.lang.Object, java.lang.Object, java.lang.Object, long)'> (0x00000000c4b54338) 
thrown [s\src\hotspot\share\interpreter\linkResolver.cpp, line 759]
Event: 31.993 Thread 0x00000273fe8034b0 Exception <a 'java/lang/NoSuchMethodError'{0x00000000c4b98090}: 'java.lang.Object java.lang.invoke.DirectMethodHandle$Holder.invokeSpecial(java.lang.Object, java.lang.Object, java.lang.Object, java.lang.Object, java.lang.Object, long)'> (0x00000000c4b98090) 
thrown [s\src\hotspot\share\interpreter\linkResolver.cpp, line 759]
Event: 31.993 Thread 0x00000273fe8034b0 Exception <a 'java/lang/NoSuchMethodError'{0x00000000c4b9bad0}: 'java.lang.Object java.lang.invoke.Invokers$Holder.linkToTargetMethod(java.lang.Object, java.lang.Object, java.lang.Object, long, java.lang.Object)'> (0x00000000c4b9bad0) 
thrown [s\src\hotspot\share\interpreter\linkResolver.cpp, line 759]
Event: 32.247 Thread 0x00000273fe802a90 Implicit null exception at 0x00000273ecb6bf4f to 0x00000273ecb6c029
Event: 32.875 Thread 0x00000273fe802a90 Exception <a 'java/lang/IncompatibleClassChangeError'{0x00000000c4b79c80}: Found class java.lang.Object, but interface was expected> (0x00000000c4b79c80) 
thrown [s\src\hotspot\share\interpreter\linkResolver.cpp, line 826]
Event: 32.878 Thread 0x00000273fe802a90 Exception <a 'java/lang/NoSuchMethodError'{0x00000000c4b85198}: 'java.lang.Object java.lang.invoke.DirectMethodHandle$Holder.invokeStatic(java.lang.Object, java.lang.Object, java.lang.Object, java.lang.Object, int)'> (0x00000000c4b85198) 
thrown [s\src\hotspot\share\interpreter\linkResolver.cpp, line 759]
Event: 32.929 Thread 0x00000273fe802a90 Implicit null exception at 0x00000273ec9a6ae0 to 0x00000273ec9a6d68
Event: 33.720 Thread 0x00000273fe802a90 Exception <a 'java/lang/NoSuchMethodError'{0x00000000c464d850}: 'java.lang.Object java.lang.invoke.DirectMethodHandle$Holder.newInvokeSpecial(java.lang.Object, java.lang.Object, java.lang.Object, java.lang.Object, java.lang.Object, java.lang.Object, java.lang.Object, java.lang.Object, java.lang.Object)'> (0x00000000c464d850) 
thrown [s\src\hotspot\share\interpreter\linkResolver.cpp, line 759]
Event: 33.721 Thread 0x00000273fe802a90 Exception <a 'java/lang/NoSuchMethodError'{0x00000000c4652e68}: 'java.lang.Object java.lang.invoke.DirectMethodHandle$Holder.invokeSpecial(java.lang.Object, java.lang.Object, java.lang.Object, java.lang.Object, java.lang.Object, java.lang.Object, java.lang.Object, java.lang.Object, java.lang.Object, java.lang.Object)'> (0x00000000c4652e68) 
thrown [s\src\hotspot\share\interpreter\linkResolver.cpp, line 759]
Event: 33.721 Thread 0x00000273fe802a90 Exception <a 'java/lang/NoSuchMethodError'{0x00000000c4657430}: 'java.lang.Object java.lang.invoke.Invokers$Holder.linkToTargetMethod(java.lang.Object, java.lang.Object, java.lang.Object, java.lang.Object, java.lang.Object, java.lang.Object, java.lang.Object, java.lang.Object, java.lang.Object)'> (0x00000000c4657430) 
thrown [s\src\hotspot\share\interpreter\linkResolver.cpp, line 759]

VM Operations (20 events):
Event: 42.851 Executing VM operation: G1CollectForAllocation
Event: 42.925 Executing VM operation: G1CollectForAllocation done
Event: 43.872 Executing VM operation: G1CollectForAllocation
Event: 43.942 Executing VM operation: G1CollectForAllocation done
Event: 44.949 Executing VM operation: Cleanup
Event: 44.981 Executing VM operation: Cleanup done
Event: 45.983 Executing VM operation: Cleanup
Event: 45.985 Executing VM operation: Cleanup done
Event: 46.248 Executing VM operation: G1CollectForAllocation
Event: 46.344 Executing VM operation: G1CollectForAllocation done
Event: 47.201 Executing VM operation: G1CollectForAllocation
Event: 47.276 Executing VM operation: G1CollectForAllocation done
Event: 48.294 Executing VM operation: Cleanup
Event: 48.294 Executing VM operation: Cleanup done
Event: 48.472 Executing VM operation: G1CollectForAllocation
Event: 48.620 Executing VM operation: G1CollectForAllocation done
Event: 49.633 Executing VM operation: Cleanup
Event: 49.633 Executing VM operation: Cleanup done
Event: 49.932 Executing VM operation: HandshakeAllThreads
Event: 49.939 Executing VM operation: HandshakeAllThreads done

Memory protections (0 events):
No events

Nmethod flushes (20 events):
Event: 37.203 Thread 0x00000273f88ac0f0 flushing  nmethod 0x00000273e5cd6910
Event: 37.203 Thread 0x00000273f88ac0f0 flushing  nmethod 0x00000273e5cd7590
Event: 37.203 Thread 0x00000273f88ac0f0 flushing  nmethod 0x00000273e5cd7910
Event: 37.203 Thread 0x00000273f88ac0f0 flushing  nmethod 0x00000273e5cd8810
Event: 37.203 Thread 0x00000273f88ac0f0 flushing  nmethod 0x00000273e5cd9190
Event: 37.203 Thread 0x00000273f88ac0f0 flushing  nmethod 0x00000273e5ce4110
Event: 37.203 Thread 0x00000273f88ac0f0 flushing  nmethod 0x00000273e5cea910
Event: 37.203 Thread 0x00000273f88ac0f0 flushing  nmethod 0x00000273e5cebc90
Event: 37.203 Thread 0x00000273f88ac0f0 flushing  nmethod 0x00000273e5cefb90
Event: 37.204 Thread 0x00000273f88ac0f0 flushing  nmethod 0x00000273e5cf8b90
Event: 37.204 Thread 0x00000273f88ac0f0 flushing  nmethod 0x00000273e5d01c10
Event: 37.204 Thread 0x00000273f88ac0f0 flushing  nmethod 0x00000273e5d05410
Event: 37.204 Thread 0x00000273f88ac0f0 flushing  nmethod 0x00000273e5d0b610
Event: 37.204 Thread 0x00000273f88ac0f0 flushing  nmethod 0x00000273e5d0e210
Event: 37.204 Thread 0x00000273f88ac0f0 flushing  nmethod 0x00000273e5d11a10
Event: 37.204 Thread 0x00000273f88ac0f0 flushing  nmethod 0x00000273e5d26c10
Event: 50.071 Thread 0x00000273f88ac0f0 flushing  nmethod 0x00000273e5cdb290
Event: 50.072 Thread 0x00000273f88ac0f0 flushing  nmethod 0x00000273e5cf7290
Event: 50.072 Thread 0x00000273f88ac0f0 flushing  nmethod 0x00000273e5d0f210
Event: 50.073 Thread 0x00000273f88ac0f0 flushing  nmethod 0x00000273e5d2da10

Events (20 events):
Event: 0.106 Thread 0x00000273dd2ce260 Thread added: 0x00000273f881f960
Event: 0.106 Thread 0x00000273dd2ce260 Thread added: 0x00000273f8823440
Event: 0.106 Thread 0x00000273dd2ce260 Thread added: 0x00000273f8823e00
Event: 0.106 Thread 0x00000273dd2ce260 Thread added: 0x00000273f88247c0
Event: 0.106 Thread 0x00000273dd2ce260 Thread added: 0x00000273f88254b0
Event: 0.113 Thread 0x00000273dd2ce260 Thread added: 0x00000273f888f6f0
Event: 0.116 Thread 0x00000273dd2ce260 Thread added: 0x00000273f88ac0f0
Event: 0.344 Thread 0x00000273dd2ce260 Thread added: 0x00000273f8a66870
Event: 0.584 Thread 0x00000273dd2ce260 Thread added: 0x00000273f8a78230
Event: 20.271 Thread 0x00000273dd2ce260 Thread added: 0x00000273fdfe5a10
Event: 20.279 Thread 0x00000273fdfe5a10 Thread exited: 0x00000273fdfe5a10
Event: 20.926 Thread 0x00000273dd2ce260 Thread added: 0x00000273fe598de0
Event: 20.927 Thread 0x00000273dd2ce260 Thread exited: 0x00000273dd2ce260
Event: 20.927 Thread 0x00000273dd2ce260 Thread added: 0x00000273dd2ce260
Event: 21.066 Thread 0x00000273fe598de0 Thread added: 0x00000273f8b9c350
Event: 22.970 Thread 0x00000273f8b9c350 Thread added: 0x00000273fe802580
Event: 23.170 Thread 0x00000273f8b9c350 Thread added: 0x00000273fe802a90
Event: 23.398 Thread 0x00000273fe598de0 Thread added: 0x00000273fe802070
Event: 31.403 Thread 0x00000273fe802070 Thread added: 0x00000273fe8034b0
Event: 33.825 Thread 0x00000273fe8034b0 Thread added: 0x00000273fe803ed0


Dynamic libraries:
0x00007ff70d4e0000 - 0x00007ff70d4ee000 	C:\Program Files\Eclipse Adoptium\jdk-17.0.20.101-hotspot\bin\java.exe
0x00007fffc4bd0000 - 0x00007fffc4dc9000 	C:\Windows\SYSTEM32\ntdll.dll
0x00007fffc3a60000 - 0x00007fffc3b22000 	C:\Windows\System32\KERNEL32.DLL
0x00007fffc25d0000 - 0x00007fffc28c7000 	C:\Windows\System32\KERNELBASE.dll
0x00007fffc2a30000 - 0x00007fffc2b30000 	C:\Windows\System32\ucrtbase.dll
0x00007fffbc170000 - 0x00007fffbc18e000 	C:\Program Files\Eclipse Adoptium\jdk-17.0.20.101-hotspot\bin\VCRUNTIME140.dll
0x00007fffaca00000 - 0x00007fffaca18000 	C:\Program Files\Eclipse Adoptium\jdk-17.0.20.101-hotspot\bin\jli.dll
0x00007fffc3560000 - 0x00007fffc36fd000 	C:\Windows\System32\USER32.dll
0x00007fffaf7a0000 - 0x00007fffafa3b000 	C:\Windows\WinSxS\amd64_microsoft.windows.common-controls_6595b64144ccf1df_6.0.19041.7663_none_60b9ed0b71f50c93\COMCTL32.dll
0x00007fffc2b80000 - 0x00007fffc2ba2000 	C:\Windows\System32\win32u.dll
0x00007fffc3b90000 - 0x00007fffc3bbb000 	C:\Windows\System32\GDI32.dll
0x00007fffc3940000 - 0x00007fffc39de000 	C:\Windows\System32\msvcrt.dll
0x00007fffc22c0000 - 0x00007fffc23da000 	C:\Windows\System32\gdi32full.dll
0x00007fffc2220000 - 0x00007fffc22bd000 	C:\Windows\System32\msvcp_win.dll
0x00007fffc3910000 - 0x00007fffc393f000 	C:\Windows\System32\IMM32.DLL
0x00007fffb8b30000 - 0x00007fffb8b3c000 	C:\Program Files\Eclipse Adoptium\jdk-17.0.20.101-hotspot\bin\vcruntime140_1.dll
0x00007fffab420000 - 0x00007fffab4ad000 	C:\Program Files\Eclipse Adoptium\jdk-17.0.20.101-hotspot\bin\msvcp140.dll
0x00007fff17ef0000 - 0x00007fff18b5c000 	C:\Program Files\Eclipse Adoptium\jdk-17.0.20.101-hotspot\bin\server\jvm.dll
0x00007fffc4ad0000 - 0x00007fffc4b82000 	C:\Windows\System32\ADVAPI32.dll
0x00007fffc3400000 - 0x00007fffc34a0000 	C:\Windows\System32\sechost.dll
0x00007fffc37e0000 - 0x00007fffc3906000 	C:\Windows\System32\RPCRT4.dll
0x00007fffc2460000 - 0x00007fffc2487000 	C:\Windows\System32\bcrypt.dll
0x00007fffc39e0000 - 0x00007fffc3a53000 	C:\Windows\System32\WS2_32.dll
0x00007fffc2070000 - 0x00007fffc20bb000 	C:\Windows\SYSTEM32\POWRPROF.dll
0x00007fffad060000 - 0x00007fffad087000 	C:\Windows\SYSTEM32\WINMM.dll
0x00007fffbb7b0000 - 0x00007fffbb7ba000 	C:\Windows\SYSTEM32\VERSION.dll
0x00007fffc2050000 - 0x00007fffc2062000 	C:\Windows\SYSTEM32\UMPDC.dll
0x00007fffc0030000 - 0x00007fffc0042000 	C:\Windows\SYSTEM32\kernel.appcore.dll
0x00007fffae220000 - 0x00007fffae22a000 	C:\Program Files\Eclipse Adoptium\jdk-17.0.20.101-hotspot\bin\jimage.dll
0x00007fffac260000 - 0x00007fffac46b000 	C:\Windows\SYSTEM32\DBGHELP.DLL
0x00007fffaae90000 - 0x00007fffaaec5000 	C:\Windows\SYSTEM32\dbgcore.DLL
0x00007fffc2540000 - 0x00007fffc25c2000 	C:\Windows\System32\bcryptPrimitives.dll
0x00007fff8d660000 - 0x00007fff8d685000 	C:\Program Files\Eclipse Adoptium\jdk-17.0.20.101-hotspot\bin\java.dll
0x00007fff39ca0000 - 0x00007fff39d77000 	C:\Program Files\Eclipse Adoptium\jdk-17.0.20.101-hotspot\bin\jsvml.dll
0x00007fffc2c80000 - 0x00007fffc33f1000 	C:\Windows\System32\SHELL32.dll
0x00007fffc0240000 - 0x00007fffc09ec000 	C:\Windows\SYSTEM32\windows.storage.dll
0x00007fffc4040000 - 0x00007fffc4394000 	C:\Windows\System32\combase.dll
0x00007fffc1b70000 - 0x00007fffc1b9b000 	C:\Windows\SYSTEM32\Wldp.dll
0x00007fffc34a0000 - 0x00007fffc354d000 	C:\Windows\System32\SHCORE.dll
0x00007fffc2c10000 - 0x00007fffc2c6b000 	C:\Windows\System32\shlwapi.dll
0x00007fffc2150000 - 0x00007fffc2175000 	C:\Windows\SYSTEM32\profapi.dll
0x00007fff8dec0000 - 0x00007fff8deda000 	C:\Program Files\Eclipse Adoptium\jdk-17.0.20.101-hotspot\bin\net.dll
0x00007fffb8a20000 - 0x00007fffb8b2d000 	C:\Windows\SYSTEM32\WINHTTP.dll
0x00007fffc1880000 - 0x00007fffc18ea000 	C:\Windows\system32\mswsock.dll
0x00007fff8dd70000 - 0x00007fff8dd86000 	C:\Program Files\Eclipse Adoptium\jdk-17.0.20.101-hotspot\bin\nio.dll
0x00007fff8d030000 - 0x00007fff8d048000 	C:\Program Files\Eclipse Adoptium\jdk-17.0.20.101-hotspot\bin\zip.dll
0x00007fffc1ad0000 - 0x00007fffc1ae8000 	C:\Windows\SYSTEM32\CRYPTSP.dll
0x00007fffc1180000 - 0x00007fffc11b8000 	C:\Windows\system32\rsaenh.dll
0x00007fffc20c0000 - 0x00007fffc20ee000 	C:\Windows\SYSTEM32\USERENV.dll
0x00007fffc1ac0000 - 0x00007fffc1acc000 	C:\Windows\SYSTEM32\CRYPTBASE.dll
0x00007fffc1550000 - 0x00007fffc158b000 	C:\Windows\SYSTEM32\IPHLPAPI.DLL
0x00007fffc2c70000 - 0x00007fffc2c78000 	C:\Windows\System32\NSI.dll
0x00007fffb9550000 - 0x00007fffb9567000 	C:\Windows\SYSTEM32\dhcpcsvc6.DLL
0x00007fffb9530000 - 0x00007fffb954d000 	C:\Windows\SYSTEM32\dhcpcsvc.DLL
0x00007fffc1590000 - 0x00007fffc165c000 	C:\Windows\SYSTEM32\DNSAPI.dll
0x00007fffac1c0000 - 0x00007fffac1d0000 	C:\Program Files\Eclipse Adoptium\jdk-17.0.20.101-hotspot\bin\verify.dll
0x00007fff246d0000 - 0x00007fff247b9000 	C:\Users\welcome\AppData\Local\Temp\sqlite-3.41.2.1-871f2c7c-f7f8-4edd-aeba-32be4fd9f109-sqlitejdbc.dll

dbghelp: loaded successfully - version: 4.0.5 - missing functions: none
symbol engine: initialized successfully - sym options: 0x614 - pdb path: .;C:\Program Files\Eclipse Adoptium\jdk-17.0.20.101-hotspot\bin;C:\Windows\SYSTEM32;C:\Windows\WinSxS\amd64_microsoft.windows.common-controls_6595b64144ccf1df_6.0.19041.7663_none_60b9ed0b71f50c93;C:\Program Files\Eclipse Adoptium\jdk-17.0.20.101-hotspot\bin\server;C:\Users\welcome\AppData\Local\Temp

VM Arguments:
jvm_args: -DkotlinLanguageServer.version=1.3.13 
java_command: org.javacs.kt.MainKt
java_class_path (initial): c:\Users\welcome\AppData\Roaming\Code\User\globalStorage\fwcd.kotlin\langServerInstall\server\lib\server-1.3.13.jar;c:\Users\welcome\AppData\Roaming\Code\User\globalStorage\fwcd.kotlin\langServerInstall\server\lib\shared-1.3.13.jar;c:\Users\welcome\AppData\Roaming\Code\User\globalStorage\fwcd.kotlin\langServerInstall\server\lib\kotlin-scripting-jvm-host-unshaded-2.1.0.jar;c:\Users\welcome\AppData\Roaming\Code\User\globalStorage\fwcd.kotlin\langServerInstall\server\lib\kotlin-scripting-compiler-2.1.0.jar;c:\Users\welcome\AppData\Roaming\Code\User\globalStorage\fwcd.kotlin\langServerInstall\server\lib\ktfmt-b5d31d1.jar;c:\Users\welcome\AppData\Roaming\Code\User\globalStorage\fwcd.kotlin\langServerInstall\server\lib\kotlin-compiler-2.1.0.jar;c:\Users\welcome\AppData\Roaming\Code\User\globalStorage\fwcd.kotlin\langServerInstall\server\lib\exposed-dao-0.37.3.jar;c:\Users\welcome\AppData\Roaming\Code\User\globalStorage\fwcd.kotlin\langServerInstall\server\lib\exposed-jdbc-0.37.3.jar;c:\Users\welcome\AppData\Roaming\Code\User\globalStorage\fwcd.kotlin\langServerInstall\server\lib\exposed-core-0.37.3.jar;c:\Users\welcome\AppData\Roaming\Code\User\globalStorage\fwcd.kotlin\langServerInstall\server\lib\kotlin-scripting-compiler-impl-2.1.0.jar;c:\Users\welcome\AppData\Roaming\Code\User\globalStorage\fwcd.kotlin\langServerInstall\server\lib\kotlin-reflect-2.1.0.jar;c:\Users\welcome\AppData\Roaming\Code\User\globalStorage\fwcd.kotlin\langServerInstall\server\lib\kotlin-scripting-jvm-2.1.0.jar;c:\Users\welcome\AppData\Roaming\Code\User\globalStorage\fwcd.kotlin\langServerInstall\server\lib\kotlin-scripting-common-2.1.0.jar;c:\Users\welcome\AppData\Roaming\Code\User\globalStorage\fwcd.kotlin\langServerInstall\server\lib\kotlinx-coroutines-core-jvm-1.6.4.jar;c:\Users\welcome\AppData\Roaming\Code\User\globalStorage\fwcd.kotlin\langServerInstall\server\lib\kotlin-stdlib-jdk8-2.1.0.jar;c:\Users\welcome\AppData\Roaming\Code\User\globalStorage\fwcd.kotlin\la
Launcher Type: SUN_STANDARD

[Global flags]
     intx CICompilerCount                          = 3                                         {product} {ergonomic}
     uint ConcGCThreads                            = 1                                         {product} {ergonomic}
     uint G1ConcRefinementThreads                  = 4                                         {product} {ergonomic}
   size_t G1HeapRegionSize                         = 1048576                                   {product} {ergonomic}
    uintx GCDrainStackTargetSize                   = 64                                        {product} {ergonomic}
   size_t InitialHeapSize                          = 67108864                                  {product} {ergonomic}
   size_t MarkStackSize                            = 4194304                                   {product} {ergonomic}
   size_t MaxHeapSize                              = 1050673152                                {product} {ergonomic}
   size_t MaxNewSize                               = 630194176                                 {product} {ergonomic}
   size_t MinHeapDeltaBytes                        = 1048576                                   {product} {ergonomic}
   size_t MinHeapSize                              = 8388608                                   {product} {ergonomic}
    uintx NonNMethodCodeHeapSize                   = 5832780                                {pd product} {ergonomic}
    uintx NonProfiledCodeHeapSize                  = 122912730                              {pd product} {ergonomic}
    uintx ProfiledCodeHeapSize                     = 122912730                              {pd product} {ergonomic}
    uintx ReservedCodeCacheSize                    = 251658240                              {pd product} {ergonomic}
     bool SegmentedCodeCache                       = true                                      {product} {ergonomic}
   size_t SoftMaxHeapSize                          = 1050673152                             {manageable} {ergonomic}
     bool UseCompressedClassPointers               = true                           {product lp64_product} {ergonomic}
     bool UseCompressedOops                        = true                           {product lp64_product} {ergonomic}
     bool UseG1GC                                  = true                                      {product} {ergonomic}
     bool UseLargePagesIndividualAllocation        = false                                  {pd product} {ergonomic}

Logging:
Log output configuration:
 #0: stdout all=warning uptime,level,tags
 #1: stderr all=off uptime,level,tags

Environment Variables:
CLASSPATH=c:\Users\welcome\AppData\Roaming\Code\User\globalStorage\fwcd.kotlin\langServerInstall\server\lib\server-1.3.13.jar;c:\Users\welcome\AppData\Roaming\Code\User\globalStorage\fwcd.kotlin\langServerInstall\server\lib\shared-1.3.13.jar;c:\Users\welcome\AppData\Roaming\Code\User\globalStorage\fwcd.kotlin\langServerInstall\server\lib\kotlin-scripting-jvm-host-unshaded-2.1.0.jar;c:\Users\welcome\AppData\Roaming\Code\User\globalStorage\fwcd.kotlin\langServerInstall\server\lib\kotlin-scripting-compiler-2.1.0.jar;c:\Users\welcome\AppData\Roaming\Code\User\globalStorage\fwcd.kotlin\langServerInstall\server\lib\ktfmt-b5d31d1.jar;c:\Users\welcome\AppData\Roaming\Code\User\globalStorage\fwcd.kotlin\langServerInstall\server\lib\kotlin-compiler-2.1.0.jar;c:\Users\welcome\AppData\Roaming\Code\User\globalStorage\fwcd.kotlin\langServerInstall\server\lib\exposed-dao-0.37.3.jar;c:\Users\welcome\AppData\Roaming\Code\User\globalStorage\fwcd.kotlin\langServerInstall\server\lib\exposed-jdbc-0.37.3.jar;c:\Users\welcome\AppData\Roaming\Code\User\globalStorage\fwcd.kotlin\langServerInstall\server\lib\exposed-core-0.37.3.jar;c:\Users\welcome\AppData\Roaming\Code\User\globalStorage\fwcd.kotlin\langServerInstall\server\lib\kotlin-scripting-compiler-impl-2.1.0.jar;c:\Users\welcome\AppData\Roaming\Code\User\globalStorage\fwcd.kotlin\langServerInstall\server\lib\kotlin-reflect-2.1.0.jar;c:\Users\welcome\AppData\Roaming\Code\User\globalStorage\fwcd.kotlin\langServerInstall\server\lib\kotlin-scripting-jvm-2.1.0.jar;c:\Users\welcome\AppData\Roaming\Code\User\globalStorage\fwcd.kotlin\langServerInstall\server\lib\kotlin-scripting-common-2.1.0.jar;c:\Users\welcome\AppData\Roaming\Code\User\globalStorage\fwcd.kotlin\langServerInstall\server\lib\kotlinx-coroutines-core-jvm-1.6.4.jar;c:\Users\welcome\AppData\Roaming\Code\User\globalStorage\fwcd.kotlin\langServerInstall\server\lib\kotlin-stdlib-jdk8-2.1.0.jar;c:\Users\welcome\AppData\Roaming\Code\User\globalStorage\fwcd.kotlin\langServerInstall\server\lib\kotlin-stdlib-jdk7-2.1.0.jar;c:\Users\welcome\AppData\Roaming\Code\User\globalStorage\fwcd.kotlin\langServerInstall\server\lib\kotlin-stdlib-2.1.0.jar;c:\Users\welcome\AppData\Roaming\Code\User\globalStorage\fwcd.kotlin\langServerInstall\server\lib\org.eclipse.lsp4j-0.21.2.jar;c:\Users\welcome\AppData\Roaming\Code\User\globalStorage\fwcd.kotlin\langServerInstall\server\lib\org.eclipse.lsp4j.jsonrpc-0.21.2.jar;c:\Users\welcome\AppData\Roaming\Code\User\globalStorage\fwcd.kotlin\langServerInstall\server\lib\kotlin-sam-with-receiver-compiler-plugin-2.1.0.jar;c:\Users\welcome\AppData\Roaming\Code\User\globalStorage\fwcd.kotlin\langServerInstall\server\lib\fernflower-1.0.jar;c:\Users\welcome\AppData\Roaming\Code\User\globalStorage\fwcd.kotlin\langServerInstall\server\lib\h2-1.4.200.jar;c:\Users\welcome\AppData\Roaming\Code\User\globalStorage\fwcd.kotlin\langServerInstall\server\lib\jcommander-1.78.jar;c:\Users\welcome\AppData\Roaming\Code\User\globalStorage\fwcd.kotlin\langServerInstall\server\lib\sqlite-jdbc-3.41.2.1.jar;c:\Users\welcome\AppData\Roaming\Code\User\globalStorage\fwcd.kotlin\langServerInstall\server\lib\google-java-format-1.8.jar;c:\Users\welcome\AppData\Roaming\Code\User\globalStorage\fwcd.kotlin\langServerInstall\server\lib\guava-33.3.0-jre.jar;c:\Users\welcome\AppData\Roaming\Code\User\globalStorage\fwcd.kotlin\langServerInstall\server\lib\annotations-13.0.jar;c:\Users\welcome\AppData\Roaming\Code\User\globalStorage\fwcd.kotlin\langServerInstall\server\lib\gson-2.10.1.jar;c:\Users\welcome\AppData\Roaming\Code\User\globalStorage\fwcd.kotlin\langServerInstall\server\lib\kotlin-script-runtime-2.1.0.jar;c:\Users\welcome\AppData\Roaming\Code\User\globalStorage\fwcd.kotlin\langServerInstall\server\lib\trove4j-1.0.20200330.jar;c:\Users\welcome\AppData\Roaming\Code\User\globalStorage\fwcd.kotlin\langServerInstall\server\lib\jline-3.24.1.jar;c:\Users\welcome\AppData\Roaming\Code\User\globalStorage\fwcd.kotlin\langServerInstall\server\lib\slf4j-api-1.7.25.jar;c:\Users\welcome\AppData\Roaming\Code\User\globalStorage\fwcd.kotlin\langServerInstall\server\lib\jna-4.2.2.jar;c:\Users\welcome\AppData\Roaming\Code\User\globalStorage\fwcd.kotlin\langServerInstall\server\lib\failureaccess-1.0.2.jar;c:\Users\welcome\AppData\Roaming\Code\User\globalStorage\fwcd.kotlin\langServerInstall\server\lib\listenablefuture-9999.0-empty-to-avoid-conflict-with-guava.jar;c:\Users\welcome\AppData\Roaming\Code\User\globalStorage\fwcd.kotlin\langServerInstall\server\lib\jsr305-3.0.2.jar;c:\Users\welcome\AppData\Roaming\Code\User\globalStorage\fwcd.kotlin\langServerInstall\server\lib\checker-qual-3.43.0.jar;c:\Users\welcome\AppData\Roaming\Code\User\globalStorage\fwcd.kotlin\langServerInstall\server\lib\error_prone_annotations-2.28.0.jar
PATH=C:\Program Files\Eclipse Adoptium\jdk-17.0.20.101-hotspot\bin;C:\Windows\system32;C:\Windows;C:\Windows\System32\Wbem;C:\Windows\System32\WindowsPowerShell\v1.0\;C:\Windows\System32\OpenSSH\;C:\Program Files\Git\cmd;C:\Program Files\nodejs\;C:\Users\welcome\AppData\Local\Microsoft\WindowsApps;C:\Users\welcome\AppData\Local\Programs\Microsoft VS Code\bin;C:\Users\welcome\AppData\Local\Programs\DockerDesktop\resources\bin;C:\Users\welcome\AppData\Roaming\npm
USERNAME=welcome
OS=Windows_NT
PROCESSOR_IDENTIFIER=Intel64 Family 6 Model 142 Stepping 9, GenuineIntel
TMP=C:\Users\welcome\AppData\Local\Temp
TEMP=C:\Users\welcome\AppData\Local\Temp



Periodic native trim disabled


---------------  S Y S T E M  ---------------

OS:
 Windows 10 , 64 bit Build 19041 (10.0.19041.7725)
OS uptime: 0 days 0:15 hours
Hyper-V role detected

CPU: total 4 (initial active 4) (2 cores per cpu, 2 threads per core) family 6 model 142 stepping 9 microcode 0xea, cx8, cmov, fxsr, ht, mmx, 3dnowpref, sse, sse2, sse3, ssse3, sse4.1, sse4.2, popcnt, lzcnt, tsc, tscinvbit, avx, avx2, aes, erms, clmul, bmi1, bmi2, adx, fma, vzeroupper, clflush, clflushopt, hv
Processor Information for processor 0
  Max Mhz: 2400, Current Mhz: 2400, Mhz Limit: 2400
Processor Information for processor 1
  Max Mhz: 2400, Current Mhz: 1500, Mhz Limit: 2400
Processor Information for processor 2
  Max Mhz: 2400, Current Mhz: 2400, Mhz Limit: 2400
Processor Information for processor 3
  Max Mhz: 2400, Current Mhz: 2400, Mhz Limit: 2400

Memory: 4k page, system-wide physical 4005M (127M free)
TotalPageFile size 11505M (AvailPageFile size 0M)
current process WorkingSet (physical memory assigned to process): 235M, peak: 309M
current process commit charge ("private bytes"): 634M, peak: 637M

vm_info: OpenJDK 64-Bit Server VM (17.0.20.1+1) for windows-amd64 JRE (17.0.20.1+1), built on Aug 18 2026 20:44:09 by "admin" with MS VC++ 17.12 (VS2022)

END.
