#
# There is insufficient memory for the Java Runtime Environment to continue.
# Native memory allocation (malloc) failed to allocate 1299696 bytes. Error detail: Chunk::new
# Possible reasons:
#   The system is out of physical RAM or swap space
#   This process is running with CompressedOops enabled, and the Java Heap may be blocking the growth of the native heap
# Possible solutions:
#   Reduce memory load on the system
#   Increase physical memory or swap space
#   Check if swap backing store is full
#   Decrease Java heap size (-Xmx/-Xms)
#   Decrease number of Java threads
#   Decrease Java thread stack sizes (-Xss)
#   Set larger code cache with -XX:ReservedCodeCacheSize=
#   JVM is running with Unscaled Compressed Oops mode in which the Java heap is
#     placed in the first 4GB address space. The Java Heap base address is the
#     maximum limit for the native heap growth. Please use -XX:HeapBaseMinAddress
#     to set the Java Heap base and to place the Java Heap above 4GB virtual address.
# This output file may be truncated or incomplete.
#
#  Out of Memory Error (arena.cpp:191), pid=10008, tid=17880
#
# JRE version: OpenJDK Runtime Environment Temurin-17.0.20.1+1 (17.0.20.1+1) (build 17.0.20.1+1)
# Java VM: OpenJDK 64-Bit Server VM Temurin-17.0.20.1+1 (17.0.20.1+1, mixed mode, sharing, tiered, compressed oops, compressed class ptrs, g1 gc, windows-amd64)
# No core dump will be written. Minidumps are not enabled by default on client versions of Windows
#

---------------  S U M M A R Y ------------

Command Line: --add-opens=java.base/java.util=ALL-UNNAMED --add-opens=java.base/java.lang=ALL-UNNAMED --add-opens=java.base/java.lang.invoke=ALL-UNNAMED --add-opens=java.prefs/java.util.prefs=ALL-UNNAMED --add-exports=jdk.compiler/com.sun.tools.javac.api=ALL-UNNAMED --add-exports=jdk.compiler/com.sun.tools.javac.util=ALL-UNNAMED --add-opens=java.base/java.nio.charset=ALL-UNNAMED --add-opens=java.base/java.net=ALL-UNNAMED --add-opens=java.base/java.util.concurrent.atomic=ALL-UNNAMED -XX:MaxMetaspaceSize=384m -XX:+HeapDumpOnOutOfMemoryError -Xms256m -Xmx512m -Dfile.encoding=utf8 -Duser.country=US -Duser.language=en -Duser.variant -javaagent:C:\Users\welcome\.gradle\wrapper\dists\gradle-8.9-bin\90cnw93cvbtalezasaz0blq0a\gradle-8.9\lib\agents\gradle-instrumentation-agent-8.9.jar org.gradle.launcher.daemon.bootstrap.GradleDaemon 8.9

Host: Intel(R) Core(TM) i3-7100U CPU @ 2.40GHz, 4 cores, 3G,  Windows 10 , 64 bit Build 19041 (10.0.19041.7725)
Time: Wed Sep 23 08:47:49 2026 India Standard Time elapsed time: 250.469787 seconds (0d 0h 4m 10s)

---------------  T H R E A D  ---------------

Current thread (0x000001485f5d62e0):  JavaThread "C2 CompilerThread0" daemon [_thread_in_native, id=17880, stack(0x0000004518400000,0x0000004518500000)]


Current CompileTask:
C2:250470 17409 %     4       org.objectweb.asm.ClassReader::readCode @ 2187 (5117 bytes)

Stack: [0x0000004518400000,0x0000004518500000]
Native frames: (J=compiled Java code, j=interpreted, Vv=VM code, C=native code)
V  [jvm.dll+0x684d39]
V  [jvm.dll+0x83a565]
V  [jvm.dll+0x83bfde]
V  [jvm.dll+0x83c663]
V  [jvm.dll+0x2490cf]
V  [jvm.dll+0xad536]
V  [jvm.dll+0xadbdc]
V  [jvm.dll+0x368d6f]
V  [jvm.dll+0x333215]
V  [jvm.dll+0x33267a]
V  [jvm.dll+0x219ed9]
V  [jvm.dll+0x21931f]
V  [jvm.dll+0x1a49e0]
V  [jvm.dll+0x229a6a]
V  [jvm.dll+0x227c1b]
V  [jvm.dll+0x7f0d18]
V  [jvm.dll+0x7eb17c]
V  [jvm.dll+0x683c07]
C  [ucrtbase.dll+0x21bb2]
C  [KERNEL32.DLL+0x17384]
C  [ntdll.dll+0x4cc91]


---------------  P R O C E S S  ---------------

Threads class SMR info:
_java_thread_list=0x0000014800e7caf0, length=74, elements={
0x0000014845266180, 0x000001485f5b4f70, 0x000001485f5b5d00, 0x000001485f5d0440,
0x000001485f5d1d20, 0x000001485f5d25f0, 0x000001485f5d2ec0, 0x000001485f5d62e0,
0x000001485f5da0f0, 0x000001485f5e4a20, 0x000001485f62dd20, 0x000001485f92ac70,
0x00000148797be5e0, 0x000001487a5d64a0, 0x000001487a29e520, 0x000001485fb253d0,
0x000001485fb24ec0, 0x000001485fb26300, 0x000001485fb258e0, 0x000001485fb25df0,
0x000001485fb26810, 0x000001485fb23060, 0x000001485fb244a0, 0x000001485fb23570,
0x000001485fb23a80, 0x000001485fb23f90, 0x000001485fb249b0, 0x000001487ac29c50,
0x000001487ac23710, 0x000001487ac29230, 0x000001487ac26ec0, 0x000001487ac28810,
0x000001487ac264a0, 0x000001487ac278e0, 0x000001487ac24640, 0x000001487ac24130,
0x000001487ac2a160, 0x000001487ac24b50, 0x000001487ac28d20, 0x000001487ac2a670,
0x000001487a927450, 0x000001487a92a1e0, 0x000001487a92ac00, 0x000001487a926f40,
0x000001487a927960, 0x000001487a926520, 0x000001487a92a6f0, 0x000001487a92b110,
0x000001487a928380, 0x000001487a9255f0, 0x000001487a92b620, 0x000001487a927e70,
0x000001487a9297c0, 0x000001487a926a30, 0x000001487a928890, 0x000001487a92ca60,
0x000001487a92bb30, 0x000001487a928da0, 0x000001487a9292b0, 0x000001487a929cd0,
0x000001487a92c040, 0x000001487a92c550, 0x000001487a92cf70, 0x000001487a925b00,
0x000001487a926010, 0x00000148790e9190, 0x00000148790e8260, 0x00000148790e8770,
0x00000148790e4fc0, 0x00000148790e54d0, 0x00000148790e7330, 0x00000148790e2c50,
0x00000148790e8c80, 0x00000148790e7840
}

Java Threads: ( => current thread )
  0x0000014845266180 JavaThread "main" [_thread_blocked, id=11080, stack(0x0000004517700000,0x0000004517800000)]
  0x000001485f5b4f70 JavaThread "Reference Handler" daemon [_thread_blocked, id=18976, stack(0x0000004517e00000,0x0000004517f00000)]
  0x000001485f5b5d00 JavaThread "Finalizer" daemon [_thread_blocked, id=16312, stack(0x0000004517f00000,0x0000004518000000)]
  0x000001485f5d0440 JavaThread "Signal Dispatcher" daemon [_thread_blocked, id=3028, stack(0x0000004518000000,0x0000004518100000)]
  0x000001485f5d1d20 JavaThread "Attach Listener" daemon [_thread_blocked, id=18664, stack(0x0000004518100000,0x0000004518200000)]
  0x000001485f5d25f0 JavaThread "Service Thread" daemon [_thread_blocked, id=10876, stack(0x0000004518200000,0x0000004518300000)]
  0x000001485f5d2ec0 JavaThread "Monitor Deflation Thread" daemon [_thread_blocked, id=4656, stack(0x0000004518300000,0x0000004518400000)]
=>0x000001485f5d62e0 JavaThread "C2 CompilerThread0" daemon [_thread_in_native, id=17880, stack(0x0000004518400000,0x0000004518500000)]
  0x000001485f5da0f0 JavaThread "C1 CompilerThread0" daemon [_thread_blocked, id=2116, stack(0x0000004518500000,0x0000004518600000)]
  0x000001485f5e4a20 JavaThread "Sweeper thread" daemon [_thread_blocked, id=10600, stack(0x0000004518600000,0x0000004518700000)]
  0x000001485f62dd20 JavaThread "Common-Cleaner" daemon [_thread_blocked, id=3760, stack(0x0000004518700000,0x0000004518800000)]
  0x000001485f92ac70 JavaThread "Notification Thread" daemon [_thread_blocked, id=18804, stack(0x0000004518800000,0x0000004518900000)]
  0x00000148797be5e0 JavaThread "Daemon health stats" [_thread_blocked, id=1516, stack(0x0000004518f00000,0x0000004519000000)]
  0x000001487a5d64a0 JavaThread "Incoming local TCP Connector on port 57861" [_thread_in_native, id=13840, stack(0x0000004519000000,0x0000004519100000)]
  0x000001487a29e520 JavaThread "Daemon periodic checks" [_thread_blocked, id=16884, stack(0x0000004519100000,0x0000004519200000)]
  0x000001485fb253d0 JavaThread "Daemon" [_thread_blocked, id=7372, stack(0x0000004519200000,0x0000004519300000)]
  0x000001485fb24ec0 JavaThread "Handler for socket connection from /127.0.0.1:57861 to /127.0.0.1:57863" [_thread_in_native, id=6352, stack(0x0000004519300000,0x0000004519400000)]
  0x000001485fb26300 JavaThread "Cancel handler" [_thread_blocked, id=5344, stack(0x0000004519400000,0x0000004519500000)]
  0x000001485fb258e0 JavaThread "Daemon worker" [_thread_in_native, id=20252, stack(0x0000004519500000,0x0000004519600000)]
  0x000001485fb25df0 JavaThread "Asynchronous log dispatcher for DefaultDaemonConnection: socket connection from /127.0.0.1:57861 to /127.0.0.1:57863" [_thread_blocked, id=2348, stack(0x0000004519600000,0x0000004519700000)]
  0x000001485fb26810 JavaThread "Stdin handler" [_thread_blocked, id=13388, stack(0x0000004519700000,0x0000004519800000)]
  0x000001485fb23060 JavaThread "Daemon client event forwarder" [_thread_blocked, id=14912, stack(0x0000004519800000,0x0000004519900000)]
  0x000001485fb244a0 JavaThread "Cache worker for journal cache (C:\Users\welcome\.gradle\caches\journal-1)" [_thread_blocked, id=16568, stack(0x0000004519900000,0x0000004519a00000)]
  0x000001485fb23570 JavaThread "File lock request listener" [_thread_in_native, id=15660, stack(0x0000004519a00000,0x0000004519b00000)]
  0x000001485fb23a80 JavaThread "Cache worker for file hash cache (C:\Users\welcome\.gradle\caches\8.9\fileHashes)" [_thread_blocked, id=14576, stack(0x0000004519b00000,0x0000004519c00000)]
  0x000001485fb23f90 JavaThread "Cache worker for file hash cache (C:\Users\welcome\Distributed-Flight-System\booking-service\.gradle\8.9\fileHashes)" [_thread_blocked, id=18536, stack(0x0000004519c00000,0x0000004519d00000)]
  0x000001485fb249b0 JavaThread "Cache worker for Build Output Cleanup Cache (C:\Users\welcome\Distributed-Flight-System\booking-service\.gradle\buildOutputCleanup)" [_thread_blocked, id=18892, stack(0x0000004519d00000,0x0000004519e00000)]
  0x000001487ac29c50 JavaThread "File watcher server" daemon [_thread_in_native, id=3136, stack(0x0000004519e00000,0x0000004519f00000)]
  0x000001487ac23710 JavaThread "File watcher consumer" daemon [_thread_blocked, id=17548, stack(0x0000004519f00000,0x000000451a000000)]
  0x000001487ac29230 JavaThread "jar transforms" [_thread_blocked, id=16152, stack(0x000000451a000000,0x000000451a100000)]
  0x000001487ac26ec0 JavaThread "jar transforms Thread 2" [_thread_blocked, id=6200, stack(0x000000451a100000,0x000000451a200000)]
  0x000001487ac28810 JavaThread "jar transforms Thread 3" [_thread_blocked, id=7904, stack(0x000000451a200000,0x000000451a300000)]
  0x000001487ac264a0 JavaThread "Cache worker for checksums cache (C:\Users\welcome\Distributed-Flight-System\booking-service\.gradle\8.9\checksums)" [_thread_blocked, id=1928, stack(0x000000451a300000,0x000000451a400000)]
  0x000001487ac278e0 JavaThread "Cache worker for file content cache (C:\Users\welcome\.gradle\caches\8.9\fileContent)" [_thread_blocked, id=1800, stack(0x000000451a400000,0x000000451a500000)]
  0x000001487ac24640 JavaThread "Cache worker for cache directory md-rule (C:\Users\welcome\.gradle\caches\8.9\md-rule)" [_thread_blocked, id=10532, stack(0x000000451a500000,0x000000451a600000)]
  0x000001487ac24130 JavaThread "Cache worker for cache directory md-supplier (C:\Users\welcome\.gradle\caches\8.9\md-supplier)" [_thread_blocked, id=10652, stack(0x000000451a600000,0x000000451a700000)]
  0x000001487ac2a160 JavaThread "jar transforms Thread 4" [_thread_blocked, id=16804, stack(0x000000451a700000,0x000000451a800000)]
  0x000001487ac24b50 JavaThread "Kotlin DSL Writer" [_thread_blocked, id=17192, stack(0x000000451a800000,0x000000451a900000)]
  0x000001487ac28d20 JavaThread "Unconstrained build operations" [_thread_blocked, id=17668, stack(0x0000004517500000,0x0000004517600000)]
  0x000001487ac2a670 JavaThread "Unconstrained build operations Thread 2" [_thread_blocked, id=18580, stack(0x0000004517600000,0x0000004517700000)]
  0x000001487a927450 JavaThread "Unconstrained build operations Thread 3" [_thread_blocked, id=15400, stack(0x000000451aa00000,0x000000451ab00000)]
  0x000001487a92a1e0 JavaThread "Unconstrained build operations Thread 4" [_thread_blocked, id=7000, stack(0x000000451ac00000,0x000000451ad00000)]
  0x000001487a92ac00 JavaThread "Unconstrained build operations Thread 5" [_thread_blocked, id=12228, stack(0x000000451ad00000,0x000000451ae00000)]
  0x000001487a926f40 JavaThread "Unconstrained build operations Thread 6" [_thread_blocked, id=16040, stack(0x000000451ae00000,0x000000451af00000)]
  0x000001487a927960 JavaThread "Unconstrained build operations Thread 7" [_thread_blocked, id=17160, stack(0x000000451ab00000,0x000000451ac00000)]
  0x000001487a926520 JavaThread "Unconstrained build operations Thread 8" [_thread_blocked, id=19200, stack(0x000000451af00000,0x000000451b000000)]
  0x000001487a92a6f0 JavaThread "Unconstrained build operations Thread 9" [_thread_blocked, id=18708, stack(0x000000451b000000,0x000000451b100000)]
  0x000001487a92b110 JavaThread "Unconstrained build operations Thread 10" [_thread_blocked, id=12244, stack(0x000000451b100000,0x000000451b200000)]
  0x000001487a928380 JavaThread "Unconstrained build operations Thread 11" [_thread_blocked, id=15404, stack(0x000000451b400000,0x000000451b500000)]
  0x000001487a9255f0 JavaThread "Unconstrained build operations Thread 12" [_thread_blocked, id=19820, stack(0x000000451b500000,0x000000451b600000)]
  0x000001487a92b620 JavaThread "Unconstrained build operations Thread 13" [_thread_blocked, id=7436, stack(0x000000451b600000,0x000000451b700000)]
  0x000001487a927e70 JavaThread "Unconstrained build operations Thread 14" [_thread_blocked, id=6444, stack(0x000000451b700000,0x000000451b800000)]
  0x000001487a9297c0 JavaThread "Unconstrained build operations Thread 15" [_thread_blocked, id=10420, stack(0x000000451b800000,0x000000451b900000)]
  0x000001487a926a30 JavaThread "Unconstrained build operations Thread 16" [_thread_blocked, id=18168, stack(0x000000451b900000,0x000000451ba00000)]
  0x000001487a928890 JavaThread "Unconstrained build operations Thread 17" [_thread_blocked, id=18120, stack(0x000000451ba00000,0x000000451bb00000)]
  0x000001487a92ca60 JavaThread "Unconstrained build operations Thread 18" [_thread_blocked, id=1560, stack(0x000000451bb00000,0x000000451bc00000)]
  0x000001487a92bb30 JavaThread "Unconstrained build operations Thread 19" [_thread_blocked, id=18952, stack(0x000000451bc00000,0x000000451bd00000)]
  0x000001487a928da0 JavaThread "Unconstrained build operations Thread 20" [_thread_blocked, id=7224, stack(0x000000451bd00000,0x000000451be00000)]
  0x000001487a9292b0 JavaThread "Unconstrained build operations Thread 21" [_thread_blocked, id=2800, stack(0x000000451be00000,0x000000451bf00000)]
  0x000001487a929cd0 JavaThread "Unconstrained build operations Thread 22" [_thread_blocked, id=18448, stack(0x000000451bf00000,0x000000451c000000)]
  0x000001487a92c040 JavaThread "Unconstrained build operations Thread 23" [_thread_blocked, id=20320, stack(0x000000451c000000,0x000000451c100000)]
  0x000001487a92c550 JavaThread "Unconstrained build operations Thread 24" [_thread_blocked, id=11596, stack(0x000000451c200000,0x000000451c300000)]
  0x000001487a92cf70 JavaThread "Unconstrained build operations Thread 25" [_thread_blocked, id=17220, stack(0x000000451c300000,0x000000451c400000)]
  0x000001487a925b00 JavaThread "Unconstrained build operations Thread 26" [_thread_blocked, id=19788, stack(0x000000451c100000,0x000000451c200000)]
  0x000001487a926010 JavaThread "Unconstrained build operations Thread 27" [_thread_blocked, id=16896, stack(0x000000451c400000,0x000000451c500000)]
  0x00000148790e9190 JavaThread "Unconstrained build operations Thread 28" [_thread_blocked, id=17112, stack(0x000000451c500000,0x000000451c600000)]
  0x00000148790e8260 JavaThread "Unconstrained build operations Thread 29" [_thread_blocked, id=9280, stack(0x000000451c600000,0x000000451c700000)]
  0x00000148790e8770 JavaThread "Unconstrained build operations Thread 30" [_thread_blocked, id=15600, stack(0x000000451c700000,0x000000451c800000)]
  0x00000148790e4fc0 JavaThread "Unconstrained build operations Thread 31" [_thread_blocked, id=17700, stack(0x000000451c800000,0x000000451c900000)]
  0x00000148790e54d0 JavaThread "Unconstrained build operations Thread 32" [_thread_blocked, id=19776, stack(0x000000451c900000,0x000000451ca00000)]
  0x00000148790e7330 JavaThread "Unconstrained build operations Thread 33" [_thread_blocked, id=2860, stack(0x000000451ca00000,0x000000451cb00000)]
  0x00000148790e2c50 JavaThread "Unconstrained build operations Thread 34" [_thread_blocked, id=2084, stack(0x000000451cb00000,0x000000451cc00000)]
  0x00000148790e8c80 JavaThread "build event listener" [_thread_blocked, id=11388, stack(0x000000451cd00000,0x000000451ce00000)]
  0x00000148790e7840 JavaThread "Memory manager" [_thread_blocked, id=11164, stack(0x000000451cc00000,0x000000451cd00000)]

Other Threads:
  0x000001485f5b0100 VMThread "VM Thread" [stack: 0x0000004517d00000,0x0000004517e00000] [id=7396]
  0x0000014845266df0 WatcherThread [stack: 0x0000004518900000,0x0000004518a00000] [id=240]
  0x0000014845292a90 GCTaskThread "GC Thread#0" [stack: 0x0000004517800000,0x0000004517900000] [id=17816]
  0x000001485fb095c0 GCTaskThread "GC Thread#1" [stack: 0x0000004518a00000,0x0000004518b00000] [id=18916]
  0x000001485faf9de0 GCTaskThread "GC Thread#2" [stack: 0x0000004518b00000,0x0000004518c00000] [id=7996]
  0x000001485fafa0a0 GCTaskThread "GC Thread#3" [stack: 0x0000004518c00000,0x0000004518d00000] [id=5964]
  0x00000148452968e0 ConcurrentGCThread "G1 Main Marker" [stack: 0x0000004517900000,0x0000004517a00000] [id=15724]
  0x000001484312b9b0 ConcurrentGCThread "G1 Conc#0" [stack: 0x0000004517a00000,0x0000004517b00000] [id=19032]
  0x000001485f4724d0 ConcurrentGCThread "G1 Refine#0" [stack: 0x0000004517b00000,0x0000004517c00000] [id=17148]
  0x00000148798afc40 ConcurrentGCThread "G1 Refine#1" [stack: 0x0000004518d00000,0x0000004518e00000] [id=4388]
  0x00000148798ff880 ConcurrentGCThread "G1 Refine#2" [stack: 0x0000004518e00000,0x0000004518f00000] [id=5880]
  0x000001487c0c18d0 ConcurrentGCThread "G1 Refine#3" [stack: 0x000000451a900000,0x000000451aa00000] [id=3384]
  0x000001485f472e10 ConcurrentGCThread "G1 Service" [stack: 0x0000004517c00000,0x0000004517d00000] [id=18172]

Threads with active compile tasks:
C2 CompilerThread0  250564 17409 %     4       org.objectweb.asm.ClassReader::readCode @ 2187 (5117 bytes)

VM state: not at safepoint (normal execution)

VM Mutex/Monitor currently owned by a thread: None

Heap address: 0x00000000e0000000, size: 512 MB, Compressed Oops mode: 32-bit

CDS archive(s) mapped at: [0x0000014860000000-0x0000014860bb0000-0x0000014860bb0000), size 12255232, SharedBaseAddress: 0x0000014860000000, ArchiveRelocationMode: 1.
Compressed class space mapped at: 0x0000014861000000-0x0000014875000000, reserved size: 335544320
Narrow klass base: 0x0000014860000000, Narrow klass shift: 0, Narrow klass range: 0x100000000

GC Precious Log:
 CPUs: 4 total, 4 available
 Memory: 4005M
 Large Page Support: Disabled
 NUMA Support: Disabled
 Compressed Oops: Enabled (32-bit)
 Heap Region Size: 1M
 Heap Min Capacity: 256M
 Heap Initial Capacity: 256M
 Heap Max Capacity: 512M
 Pre-touch: Disabled
 Parallel Workers: 4
 Concurrent Workers: 1
 Concurrent Refinement Workers: 4
 Periodic GC: Disabled

Heap:
 garbage-first heap   total 394240K, used 308944K [0x00000000e0000000, 0x0000000100000000)
  region size 1024K, 156 young (159744K), 8 survivors (8192K)
 Metaspace       used 90013K, committed 90688K, reserved 458752K
  class space    used 12283K, committed 12608K, reserved 327680K

Heap Regions: E=young(eden), S=young(survivor), O=old, HS=humongous(starts), HC=humongous(continues), CS=collection set, F=free, OA=open archive, CA=closed archive, TAMS=top-at-mark-start (previous, next)
|   0|0x00000000e0000000, 0x00000000e0100000, 0x00000000e0100000|100%|HS|  |TAMS 0x00000000e0100000, 0x00000000e0000000| Complete 
|   1|0x00000000e0100000, 0x00000000e0200000, 0x00000000e0200000|100%|HC|  |TAMS 0x00000000e0200000, 0x00000000e0100000| Complete 
|   2|0x00000000e0200000, 0x00000000e0300000, 0x00000000e0300000|100%|HC|  |TAMS 0x00000000e0300000, 0x00000000e0200000| Complete 
|   3|0x00000000e0300000, 0x00000000e0400000, 0x00000000e0400000|100%|HC|  |TAMS 0x00000000e0400000, 0x00000000e0300000| Complete 
|   4|0x00000000e0400000, 0x00000000e0500000, 0x00000000e0500000|100%| O|  |TAMS 0x00000000e0500000, 0x00000000e0400000| Untracked 
|   5|0x00000000e0500000, 0x00000000e0600000, 0x00000000e0600000|100%| O|  |TAMS 0x00000000e0600000, 0x00000000e0500000| Untracked 
|   6|0x00000000e0600000, 0x00000000e0700000, 0x00000000e0700000|100%| O|  |TAMS 0x00000000e0700000, 0x00000000e0600000| Untracked 
|   7|0x00000000e0700000, 0x00000000e0800000, 0x00000000e0800000|100%| O|  |TAMS 0x00000000e0800000, 0x00000000e0700000| Untracked 
|   8|0x00000000e0800000, 0x00000000e0900000, 0x00000000e0900000|100%|HS|  |TAMS 0x00000000e0900000, 0x00000000e0800000| Complete 
|   9|0x00000000e0900000, 0x00000000e0a00000, 0x00000000e0a00000|100%| O|  |TAMS 0x00000000e0a00000, 0x00000000e0900000| Untracked 
|  10|0x00000000e0a00000, 0x00000000e0b00000, 0x00000000e0b00000|100%| O|  |TAMS 0x00000000e0b00000, 0x00000000e0a00000| Untracked 
|  11|0x00000000e0b00000, 0x00000000e0c00000, 0x00000000e0c00000|100%| O|  |TAMS 0x00000000e0c00000, 0x00000000e0b00000| Untracked 
|  12|0x00000000e0c00000, 0x00000000e0d00000, 0x00000000e0d00000|100%| O|  |TAMS 0x00000000e0d00000, 0x00000000e0c00000| Untracked 
|  13|0x00000000e0d00000, 0x00000000e0e00000, 0x00000000e0e00000|100%| O|  |TAMS 0x00000000e0e00000, 0x00000000e0d00000| Untracked 
|  14|0x00000000e0e00000, 0x00000000e0f00000, 0x00000000e0f00000|100%| O|  |TAMS 0x00000000e0f00000, 0x00000000e0e00000| Untracked 
|  15|0x00000000e0f00000, 0x00000000e1000000, 0x00000000e1000000|100%| O|  |TAMS 0x00000000e1000000, 0x00000000e0f00000| Untracked 
|  16|0x00000000e1000000, 0x00000000e1100000, 0x00000000e1100000|100%| O|  |TAMS 0x00000000e1100000, 0x00000000e1000000| Untracked 
|  17|0x00000000e1100000, 0x00000000e1200000, 0x00000000e1200000|100%|HS|  |TAMS 0x00000000e1200000, 0x00000000e1100000| Complete 
|  18|0x00000000e1200000, 0x00000000e1300000, 0x00000000e1300000|100%| O|  |TAMS 0x00000000e1300000, 0x00000000e1200000| Untracked 
|  19|0x00000000e1300000, 0x00000000e1400000, 0x00000000e1400000|100%| O|  |TAMS 0x00000000e1400000, 0x00000000e1300000| Untracked 
|  20|0x00000000e1400000, 0x00000000e1500000, 0x00000000e1500000|100%| O|  |TAMS 0x00000000e1500000, 0x00000000e1400000| Untracked 
|  21|0x00000000e1500000, 0x00000000e1600000, 0x00000000e1600000|100%| O|  |TAMS 0x00000000e1600000, 0x00000000e1500000| Untracked 
|  22|0x00000000e1600000, 0x00000000e1700000, 0x00000000e1700000|100%| O|  |TAMS 0x00000000e1700000, 0x00000000e1600000| Untracked 
|  23|0x00000000e1700000, 0x00000000e1800000, 0x00000000e1800000|100%| O|  |TAMS 0x00000000e1800000, 0x00000000e1700000| Untracked 
|  24|0x00000000e1800000, 0x00000000e1900000, 0x00000000e1900000|100%| O|  |TAMS 0x00000000e1900000, 0x00000000e1800000| Untracked 
|  25|0x00000000e1900000, 0x00000000e1a00000, 0x00000000e1a00000|100%| O|  |TAMS 0x00000000e1a00000, 0x00000000e1900000| Untracked 
|  26|0x00000000e1a00000, 0x00000000e1b00000, 0x00000000e1b00000|100%| O|  |TAMS 0x00000000e1b00000, 0x00000000e1a00000| Untracked 
|  27|0x00000000e1b00000, 0x00000000e1c00000, 0x00000000e1c00000|100%| O|  |TAMS 0x00000000e1c00000, 0x00000000e1b00000| Untracked 
|  28|0x00000000e1c00000, 0x00000000e1d00000, 0x00000000e1d00000|100%| O|  |TAMS 0x00000000e1d00000, 0x00000000e1c00000| Untracked 
|  29|0x00000000e1d00000, 0x00000000e1e00000, 0x00000000e1e00000|100%| O|  |TAMS 0x00000000e1e00000, 0x00000000e1d00000| Untracked 
|  30|0x00000000e1e00000, 0x00000000e1f00000, 0x00000000e1f00000|100%| O|  |TAMS 0x00000000e1f00000, 0x00000000e1e00000| Untracked 
|  31|0x00000000e1f00000, 0x00000000e2000000, 0x00000000e2000000|100%| O|  |TAMS 0x00000000e2000000, 0x00000000e1f00000| Untracked 
|  32|0x00000000e2000000, 0x00000000e2100000, 0x00000000e2100000|100%| O|  |TAMS 0x00000000e2100000, 0x00000000e2000000| Untracked 
|  33|0x00000000e2100000, 0x00000000e2200000, 0x00000000e2200000|100%| O|  |TAMS 0x00000000e2200000, 0x00000000e2100000| Untracked 
|  34|0x00000000e2200000, 0x00000000e2300000, 0x00000000e2300000|100%| O|  |TAMS 0x00000000e2300000, 0x00000000e2200000| Untracked 
|  35|0x00000000e2300000, 0x00000000e2400000, 0x00000000e2400000|100%| O|  |TAMS 0x00000000e2400000, 0x00000000e2300000| Untracked 
|  36|0x00000000e2400000, 0x00000000e2500000, 0x00000000e2500000|100%| O|  |TAMS 0x00000000e2500000, 0x00000000e2400000| Untracked 
|  37|0x00000000e2500000, 0x00000000e2600000, 0x00000000e2600000|100%| O|  |TAMS 0x00000000e2600000, 0x00000000e2500000| Untracked 
|  38|0x00000000e2600000, 0x00000000e2700000, 0x00000000e2700000|100%| O|  |TAMS 0x00000000e2700000, 0x00000000e2600000| Untracked 
|  39|0x00000000e2700000, 0x00000000e2800000, 0x00000000e2800000|100%| O|  |TAMS 0x00000000e2800000, 0x00000000e2700000| Untracked 
|  40|0x00000000e2800000, 0x00000000e2900000, 0x00000000e2900000|100%| O|  |TAMS 0x00000000e2900000, 0x00000000e2800000| Untracked 
|  41|0x00000000e2900000, 0x00000000e2a00000, 0x00000000e2a00000|100%| O|  |TAMS 0x00000000e2a00000, 0x00000000e2900000| Untracked 
|  42|0x00000000e2a00000, 0x00000000e2b00000, 0x00000000e2b00000|100%| O|  |TAMS 0x00000000e2b00000, 0x00000000e2a00000| Untracked 
|  43|0x00000000e2b00000, 0x00000000e2c00000, 0x00000000e2c00000|100%| O|  |TAMS 0x00000000e2c00000, 0x00000000e2b00000| Untracked 
|  44|0x00000000e2c00000, 0x00000000e2d00000, 0x00000000e2d00000|100%| O|  |TAMS 0x00000000e2d00000, 0x00000000e2c00000| Untracked 
|  45|0x00000000e2d00000, 0x00000000e2e00000, 0x00000000e2e00000|100%| O|  |TAMS 0x00000000e2e00000, 0x00000000e2d00000| Untracked 
|  46|0x00000000e2e00000, 0x00000000e2f00000, 0x00000000e2f00000|100%| O|  |TAMS 0x00000000e2f00000, 0x00000000e2e00000| Untracked 
|  47|0x00000000e2f00000, 0x00000000e3000000, 0x00000000e3000000|100%| O|  |TAMS 0x00000000e3000000, 0x00000000e2f00000| Untracked 
|  48|0x00000000e3000000, 0x00000000e3100000, 0x00000000e3100000|100%| O|  |TAMS 0x00000000e3100000, 0x00000000e3000000| Untracked 
|  49|0x00000000e3100000, 0x00000000e3200000, 0x00000000e3200000|100%| O|  |TAMS 0x00000000e3200000, 0x00000000e3100000| Untracked 
|  50|0x00000000e3200000, 0x00000000e3300000, 0x00000000e3300000|100%| O|  |TAMS 0x00000000e3300000, 0x00000000e3200000| Untracked 
|  51|0x00000000e3300000, 0x00000000e3400000, 0x00000000e3400000|100%| O|  |TAMS 0x00000000e3400000, 0x00000000e3300000| Untracked 
|  52|0x00000000e3400000, 0x00000000e3500000, 0x00000000e3500000|100%| O|  |TAMS 0x00000000e3500000, 0x00000000e3400000| Untracked 
|  53|0x00000000e3500000, 0x00000000e3600000, 0x00000000e3600000|100%| O|  |TAMS 0x00000000e3600000, 0x00000000e3500000| Untracked 
|  54|0x00000000e3600000, 0x00000000e3700000, 0x00000000e3700000|100%| O|  |TAMS 0x00000000e3700000, 0x00000000e3600000| Untracked 
|  55|0x00000000e3700000, 0x00000000e3800000, 0x00000000e3800000|100%| O|  |TAMS 0x00000000e3800000, 0x00000000e3700000| Untracked 
|  56|0x00000000e3800000, 0x00000000e3900000, 0x00000000e3900000|100%| O|  |TAMS 0x00000000e3900000, 0x00000000e3800000| Untracked 
|  57|0x00000000e3900000, 0x00000000e3a00000, 0x00000000e3a00000|100%| O|  |TAMS 0x00000000e3a00000, 0x00000000e3900000| Untracked 
|  58|0x00000000e3a00000, 0x00000000e3b00000, 0x00000000e3b00000|100%| O|  |TAMS 0x00000000e3b00000, 0x00000000e3a00000| Untracked 
|  59|0x00000000e3b00000, 0x00000000e3c00000, 0x00000000e3c00000|100%| O|  |TAMS 0x00000000e3c00000, 0x00000000e3b00000| Untracked 
|  60|0x00000000e3c00000, 0x00000000e3d00000, 0x00000000e3d00000|100%| O|  |TAMS 0x00000000e3d00000, 0x00000000e3c00000| Untracked 
|  61|0x00000000e3d00000, 0x00000000e3e00000, 0x00000000e3e00000|100%| O|  |TAMS 0x00000000e3e00000, 0x00000000e3d00000| Untracked 
|  62|0x00000000e3e00000, 0x00000000e3f00000, 0x00000000e3f00000|100%| O|  |TAMS 0x00000000e3f00000, 0x00000000e3e00000| Untracked 
|  63|0x00000000e3f00000, 0x00000000e4000000, 0x00000000e4000000|100%| O|  |TAMS 0x00000000e4000000, 0x00000000e3f00000| Untracked 
|  64|0x00000000e4000000, 0x00000000e4100000, 0x00000000e4100000|100%| O|  |TAMS 0x00000000e4100000, 0x00000000e4000000| Untracked 
|  65|0x00000000e4100000, 0x00000000e4200000, 0x00000000e4200000|100%| O|  |TAMS 0x00000000e4200000, 0x00000000e4100000| Untracked 
|  66|0x00000000e4200000, 0x00000000e4300000, 0x00000000e4300000|100%| O|  |TAMS 0x00000000e4300000, 0x00000000e4200000| Complete 
|  67|0x00000000e4300000, 0x00000000e4400000, 0x00000000e4400000|100%| O|  |TAMS 0x00000000e4400000, 0x00000000e4300000| Untracked 
|  68|0x00000000e4400000, 0x00000000e4500000, 0x00000000e4500000|100%| O|  |TAMS 0x00000000e4500000, 0x00000000e4400000| Untracked 
|  69|0x00000000e4500000, 0x00000000e4600000, 0x00000000e4600000|100%| O|  |TAMS 0x00000000e4600000, 0x00000000e4500000| Untracked 
|  70|0x00000000e4600000, 0x00000000e4700000, 0x00000000e4700000|100%| O|  |TAMS 0x00000000e4700000, 0x00000000e4600000| Untracked 
|  71|0x00000000e4700000, 0x00000000e4800000, 0x00000000e4800000|100%| O|  |TAMS 0x00000000e4800000, 0x00000000e4700000| Untracked 
|  72|0x00000000e4800000, 0x00000000e4900000, 0x00000000e4900000|100%| O|  |TAMS 0x00000000e4900000, 0x00000000e4800000| Untracked 
|  73|0x00000000e4900000, 0x00000000e4a00000, 0x00000000e4a00000|100%| O|  |TAMS 0x00000000e4a00000, 0x00000000e4900000| Untracked 
|  74|0x00000000e4a00000, 0x00000000e4b00000, 0x00000000e4b00000|100%| O|  |TAMS 0x00000000e4b00000, 0x00000000e4a00000| Untracked 
|  75|0x00000000e4b00000, 0x00000000e4c00000, 0x00000000e4c00000|100%| O|  |TAMS 0x00000000e4c00000, 0x00000000e4b00000| Untracked 
|  76|0x00000000e4c00000, 0x00000000e4d00000, 0x00000000e4d00000|100%| O|  |TAMS 0x00000000e4d00000, 0x00000000e4c00000| Untracked 
|  77|0x00000000e4d00000, 0x00000000e4e00000, 0x00000000e4e00000|100%| O|  |TAMS 0x00000000e4e00000, 0x00000000e4d00000| Untracked 
|  78|0x00000000e4e00000, 0x00000000e4f00000, 0x00000000e4f00000|100%| O|  |TAMS 0x00000000e4f00000, 0x00000000e4e00000| Untracked 
|  79|0x00000000e4f00000, 0x00000000e5000000, 0x00000000e5000000|100%| O|  |TAMS 0x00000000e5000000, 0x00000000e4f00000| Untracked 
|  80|0x00000000e5000000, 0x00000000e5100000, 0x00000000e5100000|100%| O|  |TAMS 0x00000000e5100000, 0x00000000e5000000| Untracked 
|  81|0x00000000e5100000, 0x00000000e5200000, 0x00000000e5200000|100%| O|  |TAMS 0x00000000e5200000, 0x00000000e5100000| Untracked 
|  82|0x00000000e5200000, 0x00000000e5300000, 0x00000000e5300000|100%| O|  |TAMS 0x00000000e5300000, 0x00000000e5200000| Untracked 
|  83|0x00000000e5300000, 0x00000000e5400000, 0x00000000e5400000|100%| O|  |TAMS 0x00000000e5400000, 0x00000000e5300000| Untracked 
|  84|0x00000000e5400000, 0x00000000e5500000, 0x00000000e5500000|100%|HS|  |TAMS 0x00000000e5400000, 0x00000000e5400000| Complete 
|  85|0x00000000e5500000, 0x00000000e5600000, 0x00000000e5600000|100%| O|  |TAMS 0x00000000e5600000, 0x00000000e5500000| Complete 
|  86|0x00000000e5600000, 0x00000000e5700000, 0x00000000e5700000|100%| O|  |TAMS 0x00000000e5700000, 0x00000000e5600000| Untracked 
|  87|0x00000000e5700000, 0x00000000e5800000, 0x00000000e5800000|100%| O|  |TAMS 0x00000000e5800000, 0x00000000e5700000| Untracked 
|  88|0x00000000e5800000, 0x00000000e5900000, 0x00000000e5900000|100%| O|  |TAMS 0x00000000e5900000, 0x00000000e5800000| Untracked 
|  89|0x00000000e5900000, 0x00000000e59ffff8, 0x00000000e5a00000| 99%| O|  |TAMS 0x00000000e59ffff8, 0x00000000e5900000| Complete 
|  90|0x00000000e5a00000, 0x00000000e5a00000, 0x00000000e5b00000|  0%| F|  |TAMS 0x00000000e5a00000, 0x00000000e5a00000| Untracked 
|  91|0x00000000e5b00000, 0x00000000e5b00000, 0x00000000e5c00000|  0%| F|  |TAMS 0x00000000e5b00000, 0x00000000e5b00000| Untracked 
|  92|0x00000000e5c00000, 0x00000000e5c00000, 0x00000000e5d00000|  0%| F|  |TAMS 0x00000000e5c00000, 0x00000000e5c00000| Untracked 
|  93|0x00000000e5d00000, 0x00000000e5e00000, 0x00000000e5e00000|100%| O|  |TAMS 0x00000000e5e00000, 0x00000000e5d00000| Untracked 
|  94|0x00000000e5e00000, 0x00000000e5f00000, 0x00000000e5f00000|100%| O|  |TAMS 0x00000000e5f00000, 0x00000000e5e00000| Untracked 
|  95|0x00000000e5f00000, 0x00000000e6000000, 0x00000000e6000000|100%| O|  |TAMS 0x00000000e6000000, 0x00000000e5f00000| Complete 
|  96|0x00000000e6000000, 0x00000000e6100000, 0x00000000e6100000|100%|HS|  |TAMS 0x00000000e6100000, 0x00000000e6000000| Complete 
|  97|0x00000000e6100000, 0x00000000e6200000, 0x00000000e6200000|100%|HC|  |TAMS 0x00000000e6200000, 0x00000000e6100000| Complete 
|  98|0x00000000e6200000, 0x00000000e6300000, 0x00000000e6300000|100%| O|  |TAMS 0x00000000e6300000, 0x00000000e6200000| Untracked 
|  99|0x00000000e6300000, 0x00000000e6400000, 0x00000000e6400000|100%| O|  |TAMS 0x00000000e6400000, 0x00000000e6300000| Untracked 
| 100|0x00000000e6400000, 0x00000000e6500000, 0x00000000e6500000|100%| O|  |TAMS 0x00000000e6500000, 0x00000000e6400000| Untracked 
| 101|0x00000000e6500000, 0x00000000e6600000, 0x00000000e6600000|100%| O|  |TAMS 0x00000000e6600000, 0x00000000e6500000| Untracked 
| 102|0x00000000e6600000, 0x00000000e6700000, 0x00000000e6700000|100%| O|  |TAMS 0x00000000e6700000, 0x00000000e6600000| Untracked 
| 103|0x00000000e6700000, 0x00000000e6800000, 0x00000000e6800000|100%| O|  |TAMS 0x00000000e6800000, 0x00000000e6700000| Untracked 
| 104|0x00000000e6800000, 0x00000000e6900000, 0x00000000e6900000|100%| O|  |TAMS 0x00000000e6900000, 0x00000000e6800000| Untracked 
| 105|0x00000000e6900000, 0x00000000e6a00000, 0x00000000e6a00000|100%| O|  |TAMS 0x00000000e6a00000, 0x00000000e6900000| Untracked 
| 106|0x00000000e6a00000, 0x00000000e6b00000, 0x00000000e6b00000|100%| O|  |TAMS 0x00000000e6b00000, 0x00000000e6a00000| Untracked 
| 107|0x00000000e6b00000, 0x00000000e6c00000, 0x00000000e6c00000|100%| O|  |TAMS 0x00000000e6c00000, 0x00000000e6b00000| Untracked 
| 108|0x00000000e6c00000, 0x00000000e6d00000, 0x00000000e6d00000|100%| O|  |TAMS 0x00000000e6d00000, 0x00000000e6c00000| Untracked 
| 109|0x00000000e6d00000, 0x00000000e6e00000, 0x00000000e6e00000|100%|HS|  |TAMS 0x00000000e6e00000, 0x00000000e6d00000| Complete 
| 110|0x00000000e6e00000, 0x00000000e6f00000, 0x00000000e6f00000|100%|HC|  |TAMS 0x00000000e6f00000, 0x00000000e6e00000| Complete 
| 111|0x00000000e6f00000, 0x00000000e7000000, 0x00000000e7000000|100%| O|  |TAMS 0x00000000e7000000, 0x00000000e6f00000| Untracked 
| 112|0x00000000e7000000, 0x00000000e7100000, 0x00000000e7100000|100%| O|  |TAMS 0x00000000e7100000, 0x00000000e7000000| Untracked 
| 113|0x00000000e7100000, 0x00000000e7200000, 0x00000000e7200000|100%| O|  |TAMS 0x00000000e7200000, 0x00000000e7100000| Untracked 
| 114|0x00000000e7200000, 0x00000000e7300000, 0x00000000e7300000|100%| O|  |TAMS 0x00000000e7300000, 0x00000000e7200000| Untracked 
| 115|0x00000000e7300000, 0x00000000e7300000, 0x00000000e7400000|  0%| F|  |TAMS 0x00000000e7300000, 0x00000000e7300000| Untracked 
| 116|0x00000000e7400000, 0x00000000e7500000, 0x00000000e7500000|100%| O|  |TAMS 0x00000000e7500000, 0x00000000e7400000| Untracked 
| 117|0x00000000e7500000, 0x00000000e7600000, 0x00000000e7600000|100%| O|  |TAMS 0x00000000e7600000, 0x00000000e7500000| Untracked 
| 118|0x00000000e7600000, 0x00000000e7700000, 0x00000000e7700000|100%| O|  |TAMS 0x00000000e7700000, 0x00000000e7600000| Untracked 
| 119|0x00000000e7700000, 0x00000000e7800000, 0x00000000e7800000|100%| O|  |TAMS 0x00000000e7800000, 0x00000000e7700000| Complete 
| 120|0x00000000e7800000, 0x00000000e7900000, 0x00000000e7900000|100%| O|  |TAMS 0x00000000e7900000, 0x00000000e7800000| Untracked 
| 121|0x00000000e7900000, 0x00000000e7a00000, 0x00000000e7a00000|100%| O|  |TAMS 0x00000000e7a00000, 0x00000000e7900000| Untracked 
| 122|0x00000000e7a00000, 0x00000000e7b00000, 0x00000000e7b00000|100%| O|  |TAMS 0x00000000e7b00000, 0x00000000e7a00000| Untracked 
| 123|0x00000000e7b00000, 0x00000000e7c00000, 0x00000000e7c00000|100%| O|  |TAMS 0x00000000e7c00000, 0x00000000e7b00000| Untracked 
| 124|0x00000000e7c00000, 0x00000000e7c00000, 0x00000000e7d00000|  0%| F|  |TAMS 0x00000000e7c00000, 0x00000000e7c00000| Untracked 
| 125|0x00000000e7d00000, 0x00000000e7e00000, 0x00000000e7e00000|100%| O|  |TAMS 0x00000000e7e00000, 0x00000000e7d00000| Untracked 
| 126|0x00000000e7e00000, 0x00000000e7f00000, 0x00000000e7f00000|100%| O|  |TAMS 0x00000000e7f00000, 0x00000000e7e00000| Untracked 
| 127|0x00000000e7f00000, 0x00000000e8000000, 0x00000000e8000000|100%| O|  |TAMS 0x00000000e8000000, 0x00000000e7f00000| Untracked 
| 128|0x00000000e8000000, 0x00000000e8100000, 0x00000000e8100000|100%|HS|  |TAMS 0x00000000e8100000, 0x00000000e8000000| Complete 
| 129|0x00000000e8100000, 0x00000000e8200000, 0x00000000e8200000|100%|HC|  |TAMS 0x00000000e8200000, 0x00000000e8100000| Complete 
| 130|0x00000000e8200000, 0x00000000e8300000, 0x00000000e8300000|100%|HC|  |TAMS 0x00000000e8300000, 0x00000000e8200000| Complete 
| 131|0x00000000e8300000, 0x00000000e8400000, 0x00000000e8400000|100%|HC|  |TAMS 0x00000000e8400000, 0x00000000e8300000| Complete 
| 132|0x00000000e8400000, 0x00000000e8500000, 0x00000000e8500000|100%| O|  |TAMS 0x00000000e8500000, 0x00000000e8400000| Untracked 
| 133|0x00000000e8500000, 0x00000000e8600000, 0x00000000e8600000|100%| O|  |TAMS 0x00000000e8600000, 0x00000000e8500000| Untracked 
| 134|0x00000000e8600000, 0x00000000e8700000, 0x00000000e8700000|100%| O|  |TAMS 0x00000000e8700000, 0x00000000e8600000| Untracked 
| 135|0x00000000e8700000, 0x00000000e8800000, 0x00000000e8800000|100%| O|  |TAMS 0x00000000e8800000, 0x00000000e8700000| Untracked 
| 136|0x00000000e8800000, 0x00000000e8900000, 0x00000000e8900000|100%|HS|  |TAMS 0x00000000e8900000, 0x00000000e8800000| Complete 
| 137|0x00000000e8900000, 0x00000000e8a00000, 0x00000000e8a00000|100%|HC|  |TAMS 0x00000000e8a00000, 0x00000000e8900000| Complete 
| 138|0x00000000e8a00000, 0x00000000e8b00000, 0x00000000e8b00000|100%|HC|  |TAMS 0x00000000e8b00000, 0x00000000e8a00000| Complete 
| 139|0x00000000e8b00000, 0x00000000e8c00000, 0x00000000e8c00000|100%|HC|  |TAMS 0x00000000e8c00000, 0x00000000e8b00000| Complete 
| 140|0x00000000e8c00000, 0x00000000e8d00000, 0x00000000e8d00000|100%| O|  |TAMS 0x00000000e8d00000, 0x00000000e8c00000| Untracked 
| 141|0x00000000e8d00000, 0x00000000e8e00000, 0x00000000e8e00000|100%| O|  |TAMS 0x00000000e8e00000, 0x00000000e8d00000| Untracked 
| 142|0x00000000e8e00000, 0x00000000e8ed5c00, 0x00000000e8f00000| 83%| O|  |TAMS 0x00000000e8ed5c00, 0x00000000e8e00000| Untracked 
| 143|0x00000000e8f00000, 0x00000000e9000000, 0x00000000e9000000|100%| O|  |TAMS 0x00000000e9000000, 0x00000000e8f00000| Untracked 
| 144|0x00000000e9000000, 0x00000000e9000000, 0x00000000e9100000|  0%| F|  |TAMS 0x00000000e9000000, 0x00000000e9000000| Untracked 
| 145|0x00000000e9100000, 0x00000000e9200000, 0x00000000e9200000|100%| O|  |TAMS 0x00000000e9200000, 0x00000000e9100000| Untracked 
| 146|0x00000000e9200000, 0x00000000e9300000, 0x00000000e9300000|100%| O|  |TAMS 0x00000000e9300000, 0x00000000e9200000| Untracked 
| 147|0x00000000e9300000, 0x00000000e9400000, 0x00000000e9400000|100%| O|  |TAMS 0x00000000e9400000, 0x00000000e9300000| Untracked 
| 148|0x00000000e9400000, 0x00000000e9500000, 0x00000000e9500000|100%|HS|  |TAMS 0x00000000e9400000, 0x00000000e9400000| Complete 
| 149|0x00000000e9500000, 0x00000000e9600000, 0x00000000e9600000|100%|HC|  |TAMS 0x00000000e9500000, 0x00000000e9500000| Complete 
| 150|0x00000000e9600000, 0x00000000e9700000, 0x00000000e9700000|100%|HC|  |TAMS 0x00000000e9600000, 0x00000000e9600000| Complete 
| 151|0x00000000e9700000, 0x00000000e9800000, 0x00000000e9800000|100%|HC|  |TAMS 0x00000000e9700000, 0x00000000e9700000| Complete 
| 152|0x00000000e9800000, 0x00000000e9900000, 0x00000000e9900000|100%|HC|  |TAMS 0x00000000e9800000, 0x00000000e9800000| Complete 
| 153|0x00000000e9900000, 0x00000000e9a00000, 0x00000000e9a00000|100%|HC|  |TAMS 0x00000000e9900000, 0x00000000e9900000| Complete 
| 154|0x00000000e9a00000, 0x00000000e9a00000, 0x00000000e9b00000|  0%| F|  |TAMS 0x00000000e9a00000, 0x00000000e9a00000| Untracked 
| 155|0x00000000e9b00000, 0x00000000e9b00000, 0x00000000e9c00000|  0%| F|  |TAMS 0x00000000e9b00000, 0x00000000e9b00000| Untracked 
| 156|0x00000000e9c00000, 0x00000000e9c00000, 0x00000000e9d00000|  0%| F|  |TAMS 0x00000000e9c00000, 0x00000000e9c00000| Untracked 
| 157|0x00000000e9d00000, 0x00000000e9d00000, 0x00000000e9e00000|  0%| F|  |TAMS 0x00000000e9d00000, 0x00000000e9d00000| Untracked 
| 158|0x00000000e9e00000, 0x00000000e9e00000, 0x00000000e9f00000|  0%| F|  |TAMS 0x00000000e9e00000, 0x00000000e9e00000| Untracked 
| 159|0x00000000e9f00000, 0x00000000e9f00000, 0x00000000ea000000|  0%| F|  |TAMS 0x00000000e9f00000, 0x00000000e9f00000| Untracked 
| 160|0x00000000ea000000, 0x00000000ea000000, 0x00000000ea100000|  0%| F|  |TAMS 0x00000000ea000000, 0x00000000ea000000| Untracked 
| 161|0x00000000ea100000, 0x00000000ea100000, 0x00000000ea200000|  0%| F|  |TAMS 0x00000000ea100000, 0x00000000ea100000| Untracked 
| 162|0x00000000ea200000, 0x00000000ea200000, 0x00000000ea300000|  0%| F|  |TAMS 0x00000000ea200000, 0x00000000ea200000| Untracked 
| 163|0x00000000ea300000, 0x00000000ea300000, 0x00000000ea400000|  0%| F|  |TAMS 0x00000000ea300000, 0x00000000ea300000| Untracked 
| 164|0x00000000ea400000, 0x00000000ea400000, 0x00000000ea500000|  0%| F|  |TAMS 0x00000000ea400000, 0x00000000ea400000| Untracked 
| 165|0x00000000ea500000, 0x00000000ea500000, 0x00000000ea600000|  0%| F|  |TAMS 0x00000000ea500000, 0x00000000ea500000| Untracked 
| 166|0x00000000ea600000, 0x00000000ea600000, 0x00000000ea700000|  0%| F|  |TAMS 0x00000000ea600000, 0x00000000ea600000| Untracked 
| 167|0x00000000ea700000, 0x00000000ea700000, 0x00000000ea800000|  0%| F|  |TAMS 0x00000000ea700000, 0x00000000ea700000| Untracked 
| 168|0x00000000ea800000, 0x00000000ea800000, 0x00000000ea900000|  0%| F|  |TAMS 0x00000000ea800000, 0x00000000ea800000| Untracked 
| 169|0x00000000ea900000, 0x00000000ea900000, 0x00000000eaa00000|  0%| F|  |TAMS 0x00000000ea900000, 0x00000000ea900000| Untracked 
| 170|0x00000000eaa00000, 0x00000000eaa00000, 0x00000000eab00000|  0%| F|  |TAMS 0x00000000eaa00000, 0x00000000eaa00000| Untracked 
| 171|0x00000000eab00000, 0x00000000eab00000, 0x00000000eac00000|  0%| F|  |TAMS 0x00000000eab00000, 0x00000000eab00000| Untracked 
| 172|0x00000000eac00000, 0x00000000eac00000, 0x00000000ead00000|  0%| F|  |TAMS 0x00000000eac00000, 0x00000000eac00000| Untracked 
| 173|0x00000000ead00000, 0x00000000ead00000, 0x00000000eae00000|  0%| F|  |TAMS 0x00000000ead00000, 0x00000000ead00000| Untracked 
| 174|0x00000000eae00000, 0x00000000eae00000, 0x00000000eaf00000|  0%| F|  |TAMS 0x00000000eae00000, 0x00000000eae00000| Untracked 
| 175|0x00000000eaf00000, 0x00000000eaf00000, 0x00000000eb000000|  0%| F|  |TAMS 0x00000000eaf00000, 0x00000000eaf00000| Untracked 
| 176|0x00000000eb000000, 0x00000000eb000000, 0x00000000eb100000|  0%| F|  |TAMS 0x00000000eb000000, 0x00000000eb000000| Untracked 
| 177|0x00000000eb100000, 0x00000000eb100000, 0x00000000eb200000|  0%| F|  |TAMS 0x00000000eb100000, 0x00000000eb100000| Untracked 
| 178|0x00000000eb200000, 0x00000000eb200000, 0x00000000eb300000|  0%| F|  |TAMS 0x00000000eb200000, 0x00000000eb200000| Untracked 
| 179|0x00000000eb300000, 0x00000000eb300000, 0x00000000eb400000|  0%| F|  |TAMS 0x00000000eb300000, 0x00000000eb300000| Untracked 
| 180|0x00000000eb400000, 0x00000000eb400000, 0x00000000eb500000|  0%| F|  |TAMS 0x00000000eb400000, 0x00000000eb400000| Untracked 
| 181|0x00000000eb500000, 0x00000000eb500000, 0x00000000eb600000|  0%| F|  |TAMS 0x00000000eb500000, 0x00000000eb500000| Untracked 
| 182|0x00000000eb600000, 0x00000000eb600000, 0x00000000eb700000|  0%| F|  |TAMS 0x00000000eb600000, 0x00000000eb600000| Untracked 
| 183|0x00000000eb700000, 0x00000000eb700000, 0x00000000eb800000|  0%| F|  |TAMS 0x00000000eb700000, 0x00000000eb700000| Untracked 
| 184|0x00000000eb800000, 0x00000000eb800000, 0x00000000eb900000|  0%| F|  |TAMS 0x00000000eb800000, 0x00000000eb800000| Untracked 
| 185|0x00000000eb900000, 0x00000000eb900000, 0x00000000eba00000|  0%| F|  |TAMS 0x00000000eb900000, 0x00000000eb900000| Untracked 
| 186|0x00000000eba00000, 0x00000000eba00000, 0x00000000ebb00000|  0%| F|  |TAMS 0x00000000eba00000, 0x00000000eba00000| Untracked 
| 187|0x00000000ebb00000, 0x00000000ebb00000, 0x00000000ebc00000|  0%| F|  |TAMS 0x00000000ebb00000, 0x00000000ebb00000| Untracked 
| 188|0x00000000ebc00000, 0x00000000ebcde420, 0x00000000ebd00000| 86%| S|CS|TAMS 0x00000000ebc00000, 0x00000000ebc00000| Complete 
| 189|0x00000000ebd00000, 0x00000000ebe00000, 0x00000000ebe00000|100%| S|CS|TAMS 0x00000000ebd00000, 0x00000000ebd00000| Complete 
| 190|0x00000000ebe00000, 0x00000000ebe00000, 0x00000000ebf00000|  0%| F|  |TAMS 0x00000000ebe00000, 0x00000000ebe00000| Untracked 
| 191|0x00000000ebf00000, 0x00000000ebf00000, 0x00000000ec000000|  0%| F|  |TAMS 0x00000000ebf00000, 0x00000000ebf00000| Untracked 
| 192|0x00000000ec000000, 0x00000000ec000000, 0x00000000ec100000|  0%| F|  |TAMS 0x00000000ec000000, 0x00000000ec000000| Untracked 
| 193|0x00000000ec100000, 0x00000000ec200000, 0x00000000ec200000|100%| S|CS|TAMS 0x00000000ec100000, 0x00000000ec100000| Complete 
| 194|0x00000000ec200000, 0x00000000ec300000, 0x00000000ec300000|100%| S|CS|TAMS 0x00000000ec200000, 0x00000000ec200000| Complete 
| 195|0x00000000ec300000, 0x00000000ec400000, 0x00000000ec400000|100%| S|CS|TAMS 0x00000000ec300000, 0x00000000ec300000| Complete 
| 196|0x00000000ec400000, 0x00000000ec400000, 0x00000000ec500000|  0%| F|  |TAMS 0x00000000ec400000, 0x00000000ec400000| Untracked 
| 197|0x00000000ec500000, 0x00000000ec500000, 0x00000000ec600000|  0%| F|  |TAMS 0x00000000ec500000, 0x00000000ec500000| Untracked 
| 198|0x00000000ec600000, 0x00000000ec600000, 0x00000000ec700000|  0%| F|  |TAMS 0x00000000ec600000, 0x00000000ec600000| Untracked 
| 199|0x00000000ec700000, 0x00000000ec800000, 0x00000000ec800000|100%| S|CS|TAMS 0x00000000ec700000, 0x00000000ec700000| Complete 
| 200|0x00000000ec800000, 0x00000000ec900000, 0x00000000ec900000|100%| S|CS|TAMS 0x00000000ec800000, 0x00000000ec800000| Complete 
| 201|0x00000000ec900000, 0x00000000eca00000, 0x00000000eca00000|100%| S|CS|TAMS 0x00000000ec900000, 0x00000000ec900000| Complete 
| 202|0x00000000eca00000, 0x00000000eca00000, 0x00000000ecb00000|  0%| F|  |TAMS 0x00000000eca00000, 0x00000000eca00000| Untracked 
| 203|0x00000000ecb00000, 0x00000000ecb00000, 0x00000000ecc00000|  0%| F|  |TAMS 0x00000000ecb00000, 0x00000000ecb00000| Untracked 
| 204|0x00000000ecc00000, 0x00000000ecc00000, 0x00000000ecd00000|  0%| F|  |TAMS 0x00000000ecc00000, 0x00000000ecc00000| Untracked 
| 205|0x00000000ecd00000, 0x00000000ecd00000, 0x00000000ece00000|  0%| F|  |TAMS 0x00000000ecd00000, 0x00000000ecd00000| Untracked 
| 206|0x00000000ece00000, 0x00000000ece00000, 0x00000000ecf00000|  0%| F|  |TAMS 0x00000000ece00000, 0x00000000ece00000| Untracked 
| 207|0x00000000ecf00000, 0x00000000ecf00000, 0x00000000ed000000|  0%| F|  |TAMS 0x00000000ecf00000, 0x00000000ecf00000| Untracked 
| 208|0x00000000ed000000, 0x00000000ed000000, 0x00000000ed100000|  0%| F|  |TAMS 0x00000000ed000000, 0x00000000ed000000| Untracked 
| 209|0x00000000ed100000, 0x00000000ed100000, 0x00000000ed200000|  0%| F|  |TAMS 0x00000000ed100000, 0x00000000ed100000| Untracked 
| 210|0x00000000ed200000, 0x00000000ed200000, 0x00000000ed300000|  0%| F|  |TAMS 0x00000000ed200000, 0x00000000ed200000| Untracked 
| 211|0x00000000ed300000, 0x00000000ed300000, 0x00000000ed400000|  0%| F|  |TAMS 0x00000000ed300000, 0x00000000ed300000| Untracked 
| 212|0x00000000ed400000, 0x00000000ed400000, 0x00000000ed500000|  0%| F|  |TAMS 0x00000000ed400000, 0x00000000ed400000| Untracked 
| 213|0x00000000ed500000, 0x00000000ed500000, 0x00000000ed600000|  0%| F|  |TAMS 0x00000000ed500000, 0x00000000ed500000| Untracked 
| 214|0x00000000ed600000, 0x00000000ed600000, 0x00000000ed700000|  0%| F|  |TAMS 0x00000000ed600000, 0x00000000ed600000| Untracked 
| 215|0x00000000ed700000, 0x00000000ed700000, 0x00000000ed800000|  0%| F|  |TAMS 0x00000000ed700000, 0x00000000ed700000| Untracked 
| 216|0x00000000ed800000, 0x00000000ed800000, 0x00000000ed900000|  0%| F|  |TAMS 0x00000000ed800000, 0x00000000ed800000| Untracked 
| 217|0x00000000ed900000, 0x00000000ed900000, 0x00000000eda00000|  0%| F|  |TAMS 0x00000000ed900000, 0x00000000ed900000| Untracked 
| 218|0x00000000eda00000, 0x00000000eda00000, 0x00000000edb00000|  0%| F|  |TAMS 0x00000000eda00000, 0x00000000eda00000| Untracked 
| 219|0x00000000edb00000, 0x00000000edb00000, 0x00000000edc00000|  0%| F|  |TAMS 0x00000000edb00000, 0x00000000edb00000| Untracked 
| 220|0x00000000edc00000, 0x00000000edc00000, 0x00000000edd00000|  0%| F|  |TAMS 0x00000000edc00000, 0x00000000edc00000| Untracked 
| 221|0x00000000edd00000, 0x00000000edd00000, 0x00000000ede00000|  0%| F|  |TAMS 0x00000000edd00000, 0x00000000edd00000| Untracked 
| 222|0x00000000ede00000, 0x00000000ede00000, 0x00000000edf00000|  0%| F|  |TAMS 0x00000000ede00000, 0x00000000ede00000| Untracked 
| 223|0x00000000edf00000, 0x00000000edf00000, 0x00000000ee000000|  0%| F|  |TAMS 0x00000000edf00000, 0x00000000edf00000| Untracked 
| 224|0x00000000ee000000, 0x00000000ee000000, 0x00000000ee100000|  0%| F|  |TAMS 0x00000000ee000000, 0x00000000ee000000| Untracked 
| 225|0x00000000ee100000, 0x00000000ee100000, 0x00000000ee200000|  0%| F|  |TAMS 0x00000000ee100000, 0x00000000ee100000| Untracked 
| 226|0x00000000ee200000, 0x00000000ee200000, 0x00000000ee300000|  0%| F|  |TAMS 0x00000000ee200000, 0x00000000ee200000| Untracked 
| 227|0x00000000ee300000, 0x00000000ee300000, 0x00000000ee400000|  0%| F|  |TAMS 0x00000000ee300000, 0x00000000ee300000| Untracked 
| 228|0x00000000ee400000, 0x00000000ee400000, 0x00000000ee500000|  0%| F|  |TAMS 0x00000000ee400000, 0x00000000ee400000| Untracked 
| 229|0x00000000ee500000, 0x00000000ee500000, 0x00000000ee600000|  0%| F|  |TAMS 0x00000000ee500000, 0x00000000ee500000| Untracked 
| 230|0x00000000ee600000, 0x00000000ee600000, 0x00000000ee700000|  0%| F|  |TAMS 0x00000000ee600000, 0x00000000ee600000| Untracked 
| 231|0x00000000ee700000, 0x00000000ee700000, 0x00000000ee800000|  0%| F|  |TAMS 0x00000000ee700000, 0x00000000ee700000| Untracked 
| 232|0x00000000ee800000, 0x00000000ee800000, 0x00000000ee900000|  0%| F|  |TAMS 0x00000000ee800000, 0x00000000ee800000| Untracked 
| 233|0x00000000ee900000, 0x00000000ee900000, 0x00000000eea00000|  0%| F|  |TAMS 0x00000000ee900000, 0x00000000ee900000| Untracked 
| 234|0x00000000eea00000, 0x00000000eea00000, 0x00000000eeb00000|  0%| F|  |TAMS 0x00000000eea00000, 0x00000000eea00000| Untracked 
| 235|0x00000000eeb00000, 0x00000000eeb00000, 0x00000000eec00000|  0%| F|  |TAMS 0x00000000eeb00000, 0x00000000eeb00000| Untracked 
| 236|0x00000000eec00000, 0x00000000eec00000, 0x00000000eed00000|  0%| F|  |TAMS 0x00000000eec00000, 0x00000000eec00000| Untracked 
| 237|0x00000000eed00000, 0x00000000eed9e8f0, 0x00000000eee00000| 61%| E|  |TAMS 0x00000000eed00000, 0x00000000eed00000| Complete 
| 238|0x00000000eee00000, 0x00000000eef00000, 0x00000000eef00000|100%| E|CS|TAMS 0x00000000eee00000, 0x00000000eee00000| Complete 
| 239|0x00000000eef00000, 0x00000000ef000000, 0x00000000ef000000|100%| E|CS|TAMS 0x00000000eef00000, 0x00000000eef00000| Complete 
| 240|0x00000000ef000000, 0x00000000ef0ffe28, 0x00000000ef100000| 99%| E|  |TAMS 0x00000000ef000000, 0x00000000ef000000| Complete 
| 241|0x00000000ef100000, 0x00000000ef200000, 0x00000000ef200000|100%| E|CS|TAMS 0x00000000ef100000, 0x00000000ef100000| Complete 
| 242|0x00000000ef200000, 0x00000000ef300000, 0x00000000ef300000|100%| E|CS|TAMS 0x00000000ef200000, 0x00000000ef200000| Complete 
| 243|0x00000000ef300000, 0x00000000ef400000, 0x00000000ef400000|100%| E|CS|TAMS 0x00000000ef300000, 0x00000000ef300000| Complete 
| 244|0x00000000ef400000, 0x00000000ef500000, 0x00000000ef500000|100%| E|CS|TAMS 0x00000000ef400000, 0x00000000ef400000| Complete 
| 245|0x00000000ef500000, 0x00000000ef600000, 0x00000000ef600000|100%| E|CS|TAMS 0x00000000ef500000, 0x00000000ef500000| Complete 
| 246|0x00000000ef600000, 0x00000000ef700000, 0x00000000ef700000|100%| E|CS|TAMS 0x00000000ef600000, 0x00000000ef600000| Complete 
| 247|0x00000000ef700000, 0x00000000ef800000, 0x00000000ef800000|100%| E|CS|TAMS 0x00000000ef700000, 0x00000000ef700000| Complete 
| 248|0x00000000ef800000, 0x00000000ef900000, 0x00000000ef900000|100%| E|CS|TAMS 0x00000000ef800000, 0x00000000ef800000| Complete 
| 249|0x00000000ef900000, 0x00000000efa00000, 0x00000000efa00000|100%| E|CS|TAMS 0x00000000ef900000, 0x00000000ef900000| Complete 
| 250|0x00000000efa00000, 0x00000000efb00000, 0x00000000efb00000|100%| E|CS|TAMS 0x00000000efa00000, 0x00000000efa00000| Complete 
| 251|0x00000000efb00000, 0x00000000efc00000, 0x00000000efc00000|100%| E|CS|TAMS 0x00000000efb00000, 0x00000000efb00000| Complete 
| 252|0x00000000efc00000, 0x00000000efd00000, 0x00000000efd00000|100%| E|CS|TAMS 0x00000000efc00000, 0x00000000efc00000| Complete 
| 253|0x00000000efd00000, 0x00000000efe00000, 0x00000000efe00000|100%| E|CS|TAMS 0x00000000efd00000, 0x00000000efd00000| Complete 
| 254|0x00000000efe00000, 0x00000000eff00000, 0x00000000eff00000|100%| E|CS|TAMS 0x00000000efe00000, 0x00000000efe00000| Complete 
| 255|0x00000000eff00000, 0x00000000f0000000, 0x00000000f0000000|100%| E|CS|TAMS 0x00000000eff00000, 0x00000000eff00000| Complete 
| 256|0x00000000f0000000, 0x00000000f0100000, 0x00000000f0100000|100%| E|CS|TAMS 0x00000000f0000000, 0x00000000f0000000| Complete 
| 257|0x00000000f0100000, 0x00000000f0200000, 0x00000000f0200000|100%| E|CS|TAMS 0x00000000f0100000, 0x00000000f0100000| Complete 
| 258|0x00000000f0200000, 0x00000000f0300000, 0x00000000f0300000|100%| E|CS|TAMS 0x00000000f0200000, 0x00000000f0200000| Complete 
| 259|0x00000000f0300000, 0x00000000f0400000, 0x00000000f0400000|100%| E|CS|TAMS 0x00000000f0300000, 0x00000000f0300000| Complete 
| 260|0x00000000f0400000, 0x00000000f0500000, 0x00000000f0500000|100%| E|CS|TAMS 0x00000000f0400000, 0x00000000f0400000| Complete 
| 261|0x00000000f0500000, 0x00000000f0600000, 0x00000000f0600000|100%| E|CS|TAMS 0x00000000f0500000, 0x00000000f0500000| Complete 
| 262|0x00000000f0600000, 0x00000000f0700000, 0x00000000f0700000|100%| E|CS|TAMS 0x00000000f0600000, 0x00000000f0600000| Complete 
| 263|0x00000000f0700000, 0x00000000f0800000, 0x00000000f0800000|100%| E|CS|TAMS 0x00000000f0700000, 0x00000000f0700000| Complete 
| 264|0x00000000f0800000, 0x00000000f0900000, 0x00000000f0900000|100%| E|CS|TAMS 0x00000000f0800000, 0x00000000f0800000| Complete 
| 265|0x00000000f0900000, 0x00000000f0a00000, 0x00000000f0a00000|100%| E|CS|TAMS 0x00000000f0900000, 0x00000000f0900000| Complete 
| 266|0x00000000f0a00000, 0x00000000f0b00000, 0x00000000f0b00000|100%| E|CS|TAMS 0x00000000f0a00000, 0x00000000f0a00000| Complete 
| 267|0x00000000f0b00000, 0x00000000f0c00000, 0x00000000f0c00000|100%| E|CS|TAMS 0x00000000f0b00000, 0x00000000f0b00000| Complete 
| 268|0x00000000f0c00000, 0x00000000f0d00000, 0x00000000f0d00000|100%| E|CS|TAMS 0x00000000f0c00000, 0x00000000f0c00000| Complete 
| 269|0x00000000f0d00000, 0x00000000f0e00000, 0x00000000f0e00000|100%| E|CS|TAMS 0x00000000f0d00000, 0x00000000f0d00000| Complete 
| 270|0x00000000f0e00000, 0x00000000f0f00000, 0x00000000f0f00000|100%| E|CS|TAMS 0x00000000f0e00000, 0x00000000f0e00000| Complete 
| 271|0x00000000f0f00000, 0x00000000f1000000, 0x00000000f1000000|100%| E|CS|TAMS 0x00000000f0f00000, 0x00000000f0f00000| Complete 
| 272|0x00000000f1000000, 0x00000000f1100000, 0x00000000f1100000|100%| E|CS|TAMS 0x00000000f1000000, 0x00000000f1000000| Complete 
| 273|0x00000000f1100000, 0x00000000f1200000, 0x00000000f1200000|100%| E|CS|TAMS 0x00000000f1100000, 0x00000000f1100000| Complete 
| 274|0x00000000f1200000, 0x00000000f1300000, 0x00000000f1300000|100%| E|CS|TAMS 0x00000000f1200000, 0x00000000f1200000| Complete 
| 275|0x00000000f1300000, 0x00000000f1400000, 0x00000000f1400000|100%| E|CS|TAMS 0x00000000f1300000, 0x00000000f1300000| Complete 
| 276|0x00000000f1400000, 0x00000000f1500000, 0x00000000f1500000|100%| E|CS|TAMS 0x00000000f1400000, 0x00000000f1400000| Complete 
| 277|0x00000000f1500000, 0x00000000f1600000, 0x00000000f1600000|100%| E|CS|TAMS 0x00000000f1500000, 0x00000000f1500000| Complete 
| 278|0x00000000f1600000, 0x00000000f1700000, 0x00000000f1700000|100%| E|CS|TAMS 0x00000000f1600000, 0x00000000f1600000| Complete 
| 279|0x00000000f1700000, 0x00000000f1800000, 0x00000000f1800000|100%| E|CS|TAMS 0x00000000f1700000, 0x00000000f1700000| Complete 
| 280|0x00000000f1800000, 0x00000000f1900000, 0x00000000f1900000|100%| E|CS|TAMS 0x00000000f1800000, 0x00000000f1800000| Complete 
| 281|0x00000000f1900000, 0x00000000f1a00000, 0x00000000f1a00000|100%| E|CS|TAMS 0x00000000f1900000, 0x00000000f1900000| Complete 
| 282|0x00000000f1a00000, 0x00000000f1b00000, 0x00000000f1b00000|100%| E|CS|TAMS 0x00000000f1a00000, 0x00000000f1a00000| Complete 
| 283|0x00000000f1b00000, 0x00000000f1c00000, 0x00000000f1c00000|100%| E|CS|TAMS 0x00000000f1b00000, 0x00000000f1b00000| Complete 
| 284|0x00000000f1c00000, 0x00000000f1d00000, 0x00000000f1d00000|100%| E|CS|TAMS 0x00000000f1c00000, 0x00000000f1c00000| Complete 
| 285|0x00000000f1d00000, 0x00000000f1e00000, 0x00000000f1e00000|100%| E|CS|TAMS 0x00000000f1d00000, 0x00000000f1d00000| Complete 
| 286|0x00000000f1e00000, 0x00000000f1f00000, 0x00000000f1f00000|100%| E|CS|TAMS 0x00000000f1e00000, 0x00000000f1e00000| Complete 
| 287|0x00000000f1f00000, 0x00000000f2000000, 0x00000000f2000000|100%| E|CS|TAMS 0x00000000f1f00000, 0x00000000f1f00000| Complete 
| 288|0x00000000f2000000, 0x00000000f2100000, 0x00000000f2100000|100%| E|CS|TAMS 0x00000000f2000000, 0x00000000f2000000| Complete 
| 289|0x00000000f2100000, 0x00000000f2200000, 0x00000000f2200000|100%| E|CS|TAMS 0x00000000f2100000, 0x00000000f2100000| Complete 
| 290|0x00000000f2200000, 0x00000000f2300000, 0x00000000f2300000|100%| E|CS|TAMS 0x00000000f2200000, 0x00000000f2200000| Complete 
| 291|0x00000000f2300000, 0x00000000f2400000, 0x00000000f2400000|100%| E|CS|TAMS 0x00000000f2300000, 0x00000000f2300000| Complete 
| 292|0x00000000f2400000, 0x00000000f2500000, 0x00000000f2500000|100%| E|CS|TAMS 0x00000000f2400000, 0x00000000f2400000| Complete 
| 293|0x00000000f2500000, 0x00000000f2600000, 0x00000000f2600000|100%| E|CS|TAMS 0x00000000f2500000, 0x00000000f2500000| Complete 
| 294|0x00000000f2600000, 0x00000000f2700000, 0x00000000f2700000|100%| E|CS|TAMS 0x00000000f2600000, 0x00000000f2600000| Complete 
| 295|0x00000000f2700000, 0x00000000f2800000, 0x00000000f2800000|100%| E|CS|TAMS 0x00000000f2700000, 0x00000000f2700000| Complete 
| 296|0x00000000f2800000, 0x00000000f2900000, 0x00000000f2900000|100%| E|CS|TAMS 0x00000000f2800000, 0x00000000f2800000| Complete 
| 297|0x00000000f2900000, 0x00000000f2a00000, 0x00000000f2a00000|100%| E|CS|TAMS 0x00000000f2900000, 0x00000000f2900000| Complete 
| 298|0x00000000f2a00000, 0x00000000f2b00000, 0x00000000f2b00000|100%| E|CS|TAMS 0x00000000f2a00000, 0x00000000f2a00000| Complete 
| 299|0x00000000f2b00000, 0x00000000f2c00000, 0x00000000f2c00000|100%| E|CS|TAMS 0x00000000f2b00000, 0x00000000f2b00000| Complete 
| 300|0x00000000f2c00000, 0x00000000f2d00000, 0x00000000f2d00000|100%| E|CS|TAMS 0x00000000f2c00000, 0x00000000f2c00000| Complete 
| 301|0x00000000f2d00000, 0x00000000f2e00000, 0x00000000f2e00000|100%| E|CS|TAMS 0x00000000f2d00000, 0x00000000f2d00000| Complete 
| 302|0x00000000f2e00000, 0x00000000f2f00000, 0x00000000f2f00000|100%| E|CS|TAMS 0x00000000f2e00000, 0x00000000f2e00000| Complete 
| 303|0x00000000f2f00000, 0x00000000f3000000, 0x00000000f3000000|100%| E|CS|TAMS 0x00000000f2f00000, 0x00000000f2f00000| Complete 
| 304|0x00000000f3000000, 0x00000000f3100000, 0x00000000f3100000|100%| E|CS|TAMS 0x00000000f3000000, 0x00000000f3000000| Complete 
| 305|0x00000000f3100000, 0x00000000f3200000, 0x00000000f3200000|100%| E|CS|TAMS 0x00000000f3100000, 0x00000000f3100000| Complete 
| 306|0x00000000f3200000, 0x00000000f3300000, 0x00000000f3300000|100%| E|CS|TAMS 0x00000000f3200000, 0x00000000f3200000| Complete 
| 307|0x00000000f3300000, 0x00000000f3400000, 0x00000000f3400000|100%| E|CS|TAMS 0x00000000f3300000, 0x00000000f3300000| Complete 
| 308|0x00000000f3400000, 0x00000000f3500000, 0x00000000f3500000|100%| E|CS|TAMS 0x00000000f3400000, 0x00000000f3400000| Complete 
| 309|0x00000000f3500000, 0x00000000f3600000, 0x00000000f3600000|100%| E|CS|TAMS 0x00000000f3500000, 0x00000000f3500000| Complete 
| 310|0x00000000f3600000, 0x00000000f3700000, 0x00000000f3700000|100%| E|CS|TAMS 0x00000000f3600000, 0x00000000f3600000| Complete 
| 311|0x00000000f3700000, 0x00000000f3800000, 0x00000000f3800000|100%| E|CS|TAMS 0x00000000f3700000, 0x00000000f3700000| Complete 
| 312|0x00000000f3800000, 0x00000000f3900000, 0x00000000f3900000|100%| E|CS|TAMS 0x00000000f3800000, 0x00000000f3800000| Complete 
| 313|0x00000000f3900000, 0x00000000f3a00000, 0x00000000f3a00000|100%| E|CS|TAMS 0x00000000f3900000, 0x00000000f3900000| Complete 
| 314|0x00000000f3a00000, 0x00000000f3b00000, 0x00000000f3b00000|100%| E|CS|TAMS 0x00000000f3a00000, 0x00000000f3a00000| Complete 
| 315|0x00000000f3b00000, 0x00000000f3c00000, 0x00000000f3c00000|100%| E|CS|TAMS 0x00000000f3b00000, 0x00000000f3b00000| Complete 
| 316|0x00000000f3c00000, 0x00000000f3d00000, 0x00000000f3d00000|100%| E|CS|TAMS 0x00000000f3c00000, 0x00000000f3c00000| Complete 
| 317|0x00000000f3d00000, 0x00000000f3e00000, 0x00000000f3e00000|100%| E|CS|TAMS 0x00000000f3d00000, 0x00000000f3d00000| Complete 
| 318|0x00000000f3e00000, 0x00000000f3f00000, 0x00000000f3f00000|100%| E|CS|TAMS 0x00000000f3e00000, 0x00000000f3e00000| Complete 
| 319|0x00000000f3f00000, 0x00000000f4000000, 0x00000000f4000000|100%| E|CS|TAMS 0x00000000f3f00000, 0x00000000f3f00000| Complete 
| 320|0x00000000f4000000, 0x00000000f4100000, 0x00000000f4100000|100%| E|CS|TAMS 0x00000000f4000000, 0x00000000f4000000| Complete 
| 321|0x00000000f4100000, 0x00000000f4200000, 0x00000000f4200000|100%| E|CS|TAMS 0x00000000f4100000, 0x00000000f4100000| Complete 
| 322|0x00000000f4200000, 0x00000000f4300000, 0x00000000f4300000|100%| E|CS|TAMS 0x00000000f4200000, 0x00000000f4200000| Complete 
| 323|0x00000000f4300000, 0x00000000f4400000, 0x00000000f4400000|100%| E|CS|TAMS 0x00000000f4300000, 0x00000000f4300000| Complete 
| 324|0x00000000f4400000, 0x00000000f4500000, 0x00000000f4500000|100%| E|CS|TAMS 0x00000000f4400000, 0x00000000f4400000| Complete 
| 325|0x00000000f4500000, 0x00000000f4600000, 0x00000000f4600000|100%| E|CS|TAMS 0x00000000f4500000, 0x00000000f4500000| Complete 
| 326|0x00000000f4600000, 0x00000000f4700000, 0x00000000f4700000|100%| E|CS|TAMS 0x00000000f4600000, 0x00000000f4600000| Complete 
| 327|0x00000000f4700000, 0x00000000f4800000, 0x00000000f4800000|100%| E|CS|TAMS 0x00000000f4700000, 0x00000000f4700000| Complete 
| 328|0x00000000f4800000, 0x00000000f4900000, 0x00000000f4900000|100%| E|CS|TAMS 0x00000000f4800000, 0x00000000f4800000| Complete 
| 329|0x00000000f4900000, 0x00000000f4a00000, 0x00000000f4a00000|100%| E|CS|TAMS 0x00000000f4900000, 0x00000000f4900000| Complete 
| 330|0x00000000f4a00000, 0x00000000f4b00000, 0x00000000f4b00000|100%| E|CS|TAMS 0x00000000f4a00000, 0x00000000f4a00000| Complete 
| 331|0x00000000f4b00000, 0x00000000f4c00000, 0x00000000f4c00000|100%| E|CS|TAMS 0x00000000f4b00000, 0x00000000f4b00000| Complete 
| 332|0x00000000f4c00000, 0x00000000f4d00000, 0x00000000f4d00000|100%| E|CS|TAMS 0x00000000f4c00000, 0x00000000f4c00000| Complete 
| 333|0x00000000f4d00000, 0x00000000f4e00000, 0x00000000f4e00000|100%| E|CS|TAMS 0x00000000f4d00000, 0x00000000f4d00000| Complete 
| 334|0x00000000f4e00000, 0x00000000f4f00000, 0x00000000f4f00000|100%| E|CS|TAMS 0x00000000f4e00000, 0x00000000f4e00000| Complete 
| 335|0x00000000f4f00000, 0x00000000f5000000, 0x00000000f5000000|100%| E|CS|TAMS 0x00000000f4f00000, 0x00000000f4f00000| Complete 
| 336|0x00000000f5000000, 0x00000000f5100000, 0x00000000f5100000|100%| E|CS|TAMS 0x00000000f5000000, 0x00000000f5000000| Complete 
| 337|0x00000000f5100000, 0x00000000f5200000, 0x00000000f5200000|100%| E|CS|TAMS 0x00000000f5100000, 0x00000000f5100000| Complete 
| 338|0x00000000f5200000, 0x00000000f5300000, 0x00000000f5300000|100%| E|CS|TAMS 0x00000000f5200000, 0x00000000f5200000| Complete 
| 339|0x00000000f5300000, 0x00000000f5400000, 0x00000000f5400000|100%| E|CS|TAMS 0x00000000f5300000, 0x00000000f5300000| Complete 
| 340|0x00000000f5400000, 0x00000000f5500000, 0x00000000f5500000|100%| E|CS|TAMS 0x00000000f5400000, 0x00000000f5400000| Complete 
| 341|0x00000000f5500000, 0x00000000f5600000, 0x00000000f5600000|100%| E|CS|TAMS 0x00000000f5500000, 0x00000000f5500000| Complete 
| 342|0x00000000f5600000, 0x00000000f5700000, 0x00000000f5700000|100%| E|CS|TAMS 0x00000000f5600000, 0x00000000f5600000| Complete 
| 343|0x00000000f5700000, 0x00000000f5800000, 0x00000000f5800000|100%| E|CS|TAMS 0x00000000f5700000, 0x00000000f5700000| Complete 
| 344|0x00000000f5800000, 0x00000000f5900000, 0x00000000f5900000|100%| E|CS|TAMS 0x00000000f5800000, 0x00000000f5800000| Complete 
| 345|0x00000000f5900000, 0x00000000f5a00000, 0x00000000f5a00000|100%| E|CS|TAMS 0x00000000f5900000, 0x00000000f5900000| Complete 
| 346|0x00000000f5a00000, 0x00000000f5b00000, 0x00000000f5b00000|100%| E|CS|TAMS 0x00000000f5a00000, 0x00000000f5a00000| Complete 
| 347|0x00000000f5b00000, 0x00000000f5c00000, 0x00000000f5c00000|100%| E|CS|TAMS 0x00000000f5b00000, 0x00000000f5b00000| Complete 
| 348|0x00000000f5c00000, 0x00000000f5d00000, 0x00000000f5d00000|100%| E|CS|TAMS 0x00000000f5c00000, 0x00000000f5c00000| Complete 
| 349|0x00000000f5d00000, 0x00000000f5e00000, 0x00000000f5e00000|100%| E|CS|TAMS 0x00000000f5d00000, 0x00000000f5d00000| Complete 
| 350|0x00000000f5e00000, 0x00000000f5f00000, 0x00000000f5f00000|100%| E|CS|TAMS 0x00000000f5e00000, 0x00000000f5e00000| Complete 
| 351|0x00000000f5f00000, 0x00000000f6000000, 0x00000000f6000000|100%| E|CS|TAMS 0x00000000f5f00000, 0x00000000f5f00000| Complete 
| 352|0x00000000f6000000, 0x00000000f6100000, 0x00000000f6100000|100%| E|CS|TAMS 0x00000000f6000000, 0x00000000f6000000| Complete 
| 353|0x00000000f6100000, 0x00000000f6200000, 0x00000000f6200000|100%| E|CS|TAMS 0x00000000f6100000, 0x00000000f6100000| Complete 
| 354|0x00000000f6200000, 0x00000000f6300000, 0x00000000f6300000|100%| E|CS|TAMS 0x00000000f6200000, 0x00000000f6200000| Complete 
| 355|0x00000000f6300000, 0x00000000f6400000, 0x00000000f6400000|100%| E|CS|TAMS 0x00000000f6300000, 0x00000000f6300000| Complete 
| 356|0x00000000f6400000, 0x00000000f6500000, 0x00000000f6500000|100%| E|CS|TAMS 0x00000000f6400000, 0x00000000f6400000| Complete 
| 357|0x00000000f6500000, 0x00000000f6600000, 0x00000000f6600000|100%| E|CS|TAMS 0x00000000f6500000, 0x00000000f6500000| Complete 
| 358|0x00000000f6600000, 0x00000000f6700000, 0x00000000f6700000|100%| E|CS|TAMS 0x00000000f6600000, 0x00000000f6600000| Complete 
| 359|0x00000000f6700000, 0x00000000f6800000, 0x00000000f6800000|100%| E|CS|TAMS 0x00000000f6700000, 0x00000000f6700000| Complete 
| 360|0x00000000f6800000, 0x00000000f6900000, 0x00000000f6900000|100%| E|CS|TAMS 0x00000000f6800000, 0x00000000f6800000| Complete 
| 361|0x00000000f6900000, 0x00000000f6a00000, 0x00000000f6a00000|100%| E|CS|TAMS 0x00000000f6900000, 0x00000000f6900000| Complete 
| 362|0x00000000f6a00000, 0x00000000f6b00000, 0x00000000f6b00000|100%| E|CS|TAMS 0x00000000f6a00000, 0x00000000f6a00000| Complete 
| 363|0x00000000f6b00000, 0x00000000f6c00000, 0x00000000f6c00000|100%| E|CS|TAMS 0x00000000f6b00000, 0x00000000f6b00000| Complete 
| 364|0x00000000f6c00000, 0x00000000f6d00000, 0x00000000f6d00000|100%| E|CS|TAMS 0x00000000f6c00000, 0x00000000f6c00000| Complete 
| 365|0x00000000f6d00000, 0x00000000f6e00000, 0x00000000f6e00000|100%| E|CS|TAMS 0x00000000f6d00000, 0x00000000f6d00000| Complete 
| 366|0x00000000f6e00000, 0x00000000f6f00000, 0x00000000f6f00000|100%| E|CS|TAMS 0x00000000f6e00000, 0x00000000f6e00000| Complete 
| 367|0x00000000f6f00000, 0x00000000f7000000, 0x00000000f7000000|100%| E|CS|TAMS 0x00000000f6f00000, 0x00000000f6f00000| Complete 
| 368|0x00000000f7000000, 0x00000000f7100000, 0x00000000f7100000|100%| E|CS|TAMS 0x00000000f7000000, 0x00000000f7000000| Complete 
| 369|0x00000000f7100000, 0x00000000f7200000, 0x00000000f7200000|100%| E|CS|TAMS 0x00000000f7100000, 0x00000000f7100000| Complete 
| 370|0x00000000f7200000, 0x00000000f7300000, 0x00000000f7300000|100%| E|CS|TAMS 0x00000000f7200000, 0x00000000f7200000| Complete 
| 371|0x00000000f7300000, 0x00000000f7400000, 0x00000000f7400000|100%| E|CS|TAMS 0x00000000f7300000, 0x00000000f7300000| Complete 
| 372|0x00000000f7400000, 0x00000000f7500000, 0x00000000f7500000|100%| E|CS|TAMS 0x00000000f7400000, 0x00000000f7400000| Complete 
| 373|0x00000000f7500000, 0x00000000f7600000, 0x00000000f7600000|100%| E|CS|TAMS 0x00000000f7500000, 0x00000000f7500000| Complete 
| 374|0x00000000f7600000, 0x00000000f7700000, 0x00000000f7700000|100%| E|CS|TAMS 0x00000000f7600000, 0x00000000f7600000| Complete 
| 375|0x00000000f7700000, 0x00000000f7800000, 0x00000000f7800000|100%| E|CS|TAMS 0x00000000f7700000, 0x00000000f7700000| Complete 
| 376|0x00000000f7800000, 0x00000000f7900000, 0x00000000f7900000|100%| E|CS|TAMS 0x00000000f7800000, 0x00000000f7800000| Complete 
| 377|0x00000000f7900000, 0x00000000f7a00000, 0x00000000f7a00000|100%| E|CS|TAMS 0x00000000f7900000, 0x00000000f7900000| Complete 
| 378|0x00000000f7a00000, 0x00000000f7b00000, 0x00000000f7b00000|100%| E|CS|TAMS 0x00000000f7a00000, 0x00000000f7a00000| Complete 
| 379|0x00000000f7b00000, 0x00000000f7c00000, 0x00000000f7c00000|100%| E|CS|TAMS 0x00000000f7b00000, 0x00000000f7b00000| Complete 
| 380|0x00000000f7c00000, 0x00000000f7d00000, 0x00000000f7d00000|100%| E|CS|TAMS 0x00000000f7c00000, 0x00000000f7c00000| Complete 
| 381|0x00000000f7d00000, 0x00000000f7e00000, 0x00000000f7e00000|100%| E|CS|TAMS 0x00000000f7d00000, 0x00000000f7d00000| Complete 
| 382|0x00000000f7e00000, 0x00000000f7f00000, 0x00000000f7f00000|100%| E|CS|TAMS 0x00000000f7e00000, 0x00000000f7e00000| Complete 
| 383|0x00000000f7f00000, 0x00000000f8000000, 0x00000000f8000000|100%| E|CS|TAMS 0x00000000f7f00000, 0x00000000f7f00000| Complete 
| 384|0x00000000f8000000, 0x00000000f8100000, 0x00000000f8100000|100%| E|CS|TAMS 0x00000000f8000000, 0x00000000f8000000| Complete 

Card table byte_map: [0x000001485bdf0000,0x000001485bef0000] _byte_map_base: 0x000001485b6f0000

Marking Bits (Prev, Next): (CMBitMap*) 0x0000014845293000, (CMBitMap*) 0x0000014845292fc0
 Prev Bits: [0x000001485c7f0000, 0x000001485cff0000)
 Next Bits: [0x000001485bff0000, 0x000001485c7f0000)

Polling page: 0x00000148433f0000

Metaspace:

Usage:
  Non-class:     75.91 MB used.
      Class:     12.00 MB used.
       Both:     87.90 MB used.

Virtual space:
  Non-class space:      128.00 MB reserved,      76.25 MB ( 60%) committed,  2 nodes.
      Class space:      320.00 MB reserved,      12.31 MB (  4%) committed,  1 nodes.
             Both:      448.00 MB reserved,      88.56 MB ( 20%) committed. 

Chunk freelists:
   Non-Class:  2.89 MB
       Class:  3.52 MB
        Both:  6.41 MB

MaxMetaspaceSize: 384.00 MB
CompressedClassSpaceSize: 320.00 MB
Initial GC threshold: 21.00 MB
Current GC threshold: 144.19 MB
CDS: on
MetaspaceReclaimPolicy: balanced
 - commit_granule_bytes: 65536.
 - commit_granule_words: 8192.
 - virtual_space_node_default_size: 8388608.
 - enlarge_chunks_in_place: 1.
 - new_chunks_are_fully_committed: 0.
 - uncommit_free_chunks: 1.
 - use_allocation_guard: 0.
 - handle_deallocations: 1.


Internal statistics:

num_allocs_failed_limit: 18.
num_arena_births: 952.
num_arena_deaths: 14.
num_vsnodes_births: 3.
num_vsnodes_deaths: 0.
num_space_committed: 1417.
num_space_uncommitted: 0.
num_chunks_returned_to_freelist: 49.
num_chunks_taken_from_freelist: 4387.
num_chunk_merges: 20.
num_chunk_splits: 2957.
num_chunks_enlarged: 2048.
num_inconsistent_stats: 0.

CodeHeap 'non-profiled nmethods': size=120000Kb used=10612Kb max_used=10612Kb free=109387Kb
 bounds [0x00000148548c0000, 0x0000014855320000, 0x000001485bdf0000]
CodeHeap 'profiled nmethods': size=120000Kb used=24496Kb max_used=24496Kb free=95503Kb
 bounds [0x000001484cdf0000, 0x000001484e5e0000, 0x0000014854320000]
CodeHeap 'non-nmethods': size=5760Kb used=2432Kb max_used=2504Kb free=3327Kb
 bounds [0x0000014854320000, 0x00000148545b0000, 0x00000148548c0000]
 total_blobs=14224 nmethods=13256 adapters=879
 compilation: enabled
              stopped_count=0, restarted_count=0
 full_count=0

Compilation events (20 events):
Event: 250.177 Thread 0x000001485f5d62e0 nmethod 17401 0x000001485531be90 code [0x000001485531c020, 0x000001485531c118]
Event: 250.177 Thread 0x000001485f5d62e0 17399       4       kotlinx.metadata.internal.protobuf.CodedInputStream::readMessage (74 bytes)
Event: 250.178 Thread 0x000001485f5da0f0 17405       3       kotlinx.metadata.KmPackage::<init> (161 bytes)
Event: 250.181 Thread 0x000001485f5da0f0 nmethod 17405 0x000001484e5ce090 code [0x000001484e5ce4a0, 0x000001484e5d0648]
Event: 250.181 Thread 0x000001485f5da0f0 17406       3       kotlinx.metadata.internal.metadata.ProtoBuf$Package::isInitialized (165 bytes)
Event: 250.184 Thread 0x000001485f5da0f0 nmethod 17406 0x000001484e5d1190 code [0x000001484e5d14c0, 0x000001484e5d27e8]
Event: 250.184 Thread 0x000001485f5da0f0 17404       3       kotlinx.metadata.jvm.KotlinClassMetadata$FileFacade$packageData$2::<init> (11 bytes)
Event: 250.184 Thread 0x000001485f5da0f0 nmethod 17404 0x000001484e5d2d90 code [0x000001484e5d2f40, 0x000001484e5d3178]
Event: 250.193 Thread 0x000001485f5d62e0 nmethod 17399 0x000001485531c210 code [0x000001485531c3c0, 0x000001485531c918]
Event: 250.193 Thread 0x000001485f5d62e0 17403       4       kotlinx.metadata.internal.metadata.ProtoBuf$Type$1::parsePartialFrom (7 bytes)
Event: 250.194 Thread 0x000001485f5da0f0 17407       3       kotlin.sequences.TransformingSequence::iterator (12 bytes)
Event: 250.195 Thread 0x000001485f5da0f0 nmethod 17407 0x000001484e5d3290 code [0x000001484e5d3460, 0x000001484e5d3828]
Event: 250.195 Thread 0x000001485f5d62e0 nmethod 17403 0x000001485531cc90 code [0x000001485531ce20, 0x000001485531cf88]
Event: 250.206 Thread 0x000001485f5da0f0 17408       3       kotlinx.metadata.jvm.KotlinClassMetadata$FileFacade::<init> (34 bytes)
Event: 250.207 Thread 0x000001485f5da0f0 nmethod 17408 0x000001484e5d3990 code [0x000001484e5d3c00, 0x000001484e5d45a8]
Event: 250.211 Thread 0x000001485f5d62e0 17409 %     4       org.objectweb.asm.ClassReader::readCode @ 2187 (5117 bytes)
Event: 250.298 Thread 0x000001485f5da0f0 17410       3       java.util.ArrayDeque$DeqIterator::hasNext (13 bytes)
Event: 250.300 Thread 0x000001485f5da0f0 nmethod 17410 0x000001484e5d4910 code [0x000001484e5d4aa0, 0x000001484e5d4bf8]
Event: 250.321 Thread 0x000001485f5da0f0 17411       3       java.util.ArrayDeque$DeqIterator::next (62 bytes)
Event: 250.322 Thread 0x000001485f5da0f0 nmethod 17411 0x000001484e5d4c90 code [0x000001484e5d4e80, 0x000001484e5d52d8]

GC Heap History (20 events):
Event: 205.233 GC heap before
{Heap before GC invocations=115 (full 0):
 garbage-first heap   total 394240K, used 353112K [0x00000000e0000000, 0x0000000100000000)
  region size 1024K, 213 young (218112K), 2 survivors (2048K)
 Metaspace       used 74768K, committed 75456K, reserved 458752K
  class space    used 10197K, committed 10560K, reserved 327680K
}
Event: 205.238 GC heap after
{Heap after GC invocations=116 (full 0):
 garbage-first heap   total 394240K, used 134860K [0x00000000e0000000, 0x0000000100000000)
  region size 1024K, 1 young (1024K), 1 survivors (1024K)
 Metaspace       used 74768K, committed 75456K, reserved 458752K
  class space    used 10197K, committed 10560K, reserved 327680K
}
Event: 205.357 GC heap before
{Heap before GC invocations=116 (full 0):
 garbage-first heap   total 394240K, used 153292K [0x00000000e0000000, 0x0000000100000000)
  region size 1024K, 19 young (19456K), 1 survivors (1024K)
 Metaspace       used 74768K, committed 75456K, reserved 458752K
  class space    used 10197K, committed 10560K, reserved 327680K
}
Event: 205.359 GC heap after
{Heap after GC invocations=117 (full 0):
 garbage-first heap   total 394240K, used 129267K [0x00000000e0000000, 0x0000000100000000)
  region size 1024K, 2 young (2048K), 2 survivors (2048K)
 Metaspace       used 74768K, committed 75456K, reserved 458752K
  class space    used 10197K, committed 10560K, reserved 327680K
}
Event: 206.946 GC heap before
{Heap before GC invocations=117 (full 0):
 garbage-first heap   total 394240K, used 347379K [0x00000000e0000000, 0x0000000100000000)
  region size 1024K, 215 young (220160K), 2 survivors (2048K)
 Metaspace       used 74768K, committed 75456K, reserved 458752K
  class space    used 10197K, committed 10560K, reserved 327680K
}
Event: 206.951 GC heap after
{Heap after GC invocations=118 (full 0):
 garbage-first heap   total 394240K, used 131886K [0x00000000e0000000, 0x0000000100000000)
  region size 1024K, 4 young (4096K), 4 survivors (4096K)
 Metaspace       used 74768K, committed 75456K, reserved 458752K
  class space    used 10197K, committed 10560K, reserved 327680K
}
Event: 208.516 GC heap before
{Heap before GC invocations=118 (full 0):
 garbage-first heap   total 394240K, used 346926K [0x00000000e0000000, 0x0000000100000000)
  region size 1024K, 214 young (219136K), 4 survivors (4096K)
 Metaspace       used 74771K, committed 75456K, reserved 458752K
  class space    used 10197K, committed 10560K, reserved 327680K
}
Event: 208.519 GC heap after
{Heap after GC invocations=119 (full 0):
 garbage-first heap   total 394240K, used 124625K [0x00000000e0000000, 0x0000000100000000)
  region size 1024K, 1 young (1024K), 1 survivors (1024K)
 Metaspace       used 74771K, committed 75456K, reserved 458752K
  class space    used 10197K, committed 10560K, reserved 327680K
}
Event: 208.883 GC heap before
{Heap before GC invocations=119 (full 0):
 garbage-first heap   total 394240K, used 149201K [0x00000000e0000000, 0x0000000100000000)
  region size 1024K, 26 young (26624K), 1 survivors (1024K)
 Metaspace       used 75005K, committed 75648K, reserved 458752K
  class space    used 10227K, committed 10560K, reserved 327680K
}
Event: 208.887 GC heap after
{Heap after GC invocations=120 (full 0):
 garbage-first heap   total 394240K, used 124717K [0x00000000e0000000, 0x0000000100000000)
  region size 1024K, 1 young (1024K), 1 survivors (1024K)
 Metaspace       used 75005K, committed 75648K, reserved 458752K
  class space    used 10227K, committed 10560K, reserved 327680K
}
Event: 216.575 GC heap before
{Heap before GC invocations=121 (full 0):
 garbage-first heap   total 394240K, used 367405K [0x00000000e0000000, 0x0000000100000000)
  region size 1024K, 220 young (225280K), 1 survivors (1024K)
 Metaspace       used 87839K, committed 88512K, reserved 458752K
  class space    used 12077K, committed 12416K, reserved 327680K
}
Event: 216.623 GC heap after
{Heap after GC invocations=122 (full 0):
 garbage-first heap   total 394240K, used 154316K [0x00000000e0000000, 0x0000000100000000)
  region size 1024K, 11 young (11264K), 11 survivors (11264K)
 Metaspace       used 87839K, committed 88512K, reserved 458752K
  class space    used 12077K, committed 12416K, reserved 327680K
}
Event: 226.662 GC heap before
{Heap before GC invocations=122 (full 0):
 garbage-first heap   total 394240K, used 162508K [0x00000000e0000000, 0x0000000100000000)
  region size 1024K, 19 young (19456K), 11 survivors (11264K)
 Metaspace       used 87853K, committed 88512K, reserved 458752K
  class space    used 12080K, committed 12416K, reserved 327680K
}
Event: 226.719 GC heap after
{Heap after GC invocations=123 (full 0):
 garbage-first heap   total 394240K, used 152406K [0x00000000e0000000, 0x0000000100000000)
  region size 1024K, 1 young (1024K), 1 survivors (1024K)
 Metaspace       used 87853K, committed 88512K, reserved 458752K
  class space    used 12080K, committed 12416K, reserved 327680K
}
Event: 228.747 GC heap before
{Heap before GC invocations=123 (full 0):
 garbage-first heap   total 394240K, used 344918K [0x00000000e0000000, 0x0000000100000000)
  region size 1024K, 189 young (193536K), 1 survivors (1024K)
 Metaspace       used 87853K, committed 88512K, reserved 458752K
  class space    used 12080K, committed 12416K, reserved 327680K
}
Event: 228.751 GC heap after
{Heap after GC invocations=124 (full 0):
 garbage-first heap   total 394240K, used 154270K [0x00000000e0000000, 0x0000000100000000)
  region size 1024K, 3 young (3072K), 3 survivors (3072K)
 Metaspace       used 87853K, committed 88512K, reserved 458752K
  class space    used 12080K, committed 12416K, reserved 327680K
}
Event: 230.442 GC heap before
{Heap before GC invocations=124 (full 0):
 garbage-first heap   total 394240K, used 344734K [0x00000000e0000000, 0x0000000100000000)
  region size 1024K, 189 young (193536K), 3 survivors (3072K)
 Metaspace       used 87853K, committed 88512K, reserved 458752K
  class space    used 12080K, committed 12416K, reserved 327680K
}
Event: 230.451 GC heap after
{Heap after GC invocations=125 (full 0):
 garbage-first heap   total 394240K, used 156963K [0x00000000e0000000, 0x0000000100000000)
  region size 1024K, 6 young (6144K), 6 survivors (6144K)
 Metaspace       used 87853K, committed 88512K, reserved 458752K
  class space    used 12080K, committed 12416K, reserved 327680K
}
Event: 232.449 GC heap before
{Heap before GC invocations=125 (full 0):
 garbage-first heap   total 394240K, used 344355K [0x00000000e0000000, 0x0000000100000000)
  region size 1024K, 189 young (193536K), 6 survivors (6144K)
 Metaspace       used 87857K, committed 88576K, reserved 458752K
  class space    used 12080K, committed 12416K, reserved 327680K
}
Event: 232.461 GC heap after
{Heap after GC invocations=126 (full 0):
 garbage-first heap   total 394240K, used 152272K [0x00000000e0000000, 0x0000000100000000)
  region size 1024K, 8 young (8192K), 8 survivors (8192K)
 Metaspace       used 87857K, committed 88576K, reserved 458752K
  class space    used 12080K, committed 12416K, reserved 327680K
}

Dll operation events (15 events):
Event: 0.024 Loaded shared library C:\Program Files\Eclipse Adoptium\jdk-17.0.20.101-hotspot\bin\java.dll
Event: 0.102 Loaded shared library C:\Program Files\Eclipse Adoptium\jdk-17.0.20.101-hotspot\bin\jsvml.dll
Event: 0.250 Loaded shared library C:\Program Files\Eclipse Adoptium\jdk-17.0.20.101-hotspot\bin\zip.dll
Event: 0.257 Loaded shared library C:\Program Files\Eclipse Adoptium\jdk-17.0.20.101-hotspot\bin\instrument.dll
Event: 0.269 Loaded shared library C:\Program Files\Eclipse Adoptium\jdk-17.0.20.101-hotspot\bin\net.dll
Event: 0.277 Loaded shared library C:\Program Files\Eclipse Adoptium\jdk-17.0.20.101-hotspot\bin\nio.dll
Event: 0.281 Loaded shared library C:\Program Files\Eclipse Adoptium\jdk-17.0.20.101-hotspot\bin\zip.dll
Event: 0.901 Loaded shared library C:\Program Files\Eclipse Adoptium\jdk-17.0.20.101-hotspot\bin\jimage.dll
Event: 1.581 Loaded shared library C:\Program Files\Eclipse Adoptium\jdk-17.0.20.101-hotspot\bin\verify.dll
Event: 1.852 Loaded shared library C:\Users\welcome\.gradle\native\c067742578af261105cb4f569cf0c3c89f3d7b1fecec35dd04571415982c5e48\windows-amd64\native-platform.dll
Event: 1.910 Loaded shared library C:\Users\welcome\.gradle\native\100fb08df4bc3b14c8652ba06237920a3bd2aa13389f12d3474272988ae205f9\windows-amd64\native-platform-file-events.dll
Event: 4.236 Loaded shared library C:\Program Files\Eclipse Adoptium\jdk-17.0.20.101-hotspot\bin\management.dll
Event: 4.246 Loaded shared library C:\Program Files\Eclipse Adoptium\jdk-17.0.20.101-hotspot\bin\management_ext.dll
Event: 4.900 Loaded shared library C:\Program Files\Eclipse Adoptium\jdk-17.0.20.101-hotspot\bin\extnet.dll
Event: 6.097 Loaded shared library C:\Program Files\Eclipse Adoptium\jdk-17.0.20.101-hotspot\bin\sunmscapi.dll

Deoptimization events (20 events):
Event: 244.476 Thread 0x000001485fb258e0 DEOPT PACKING pc=0x00000148552f7994 sp=0x00000045195f6a40
Event: 244.476 Thread 0x000001485fb258e0 DEOPT UNPACKING pc=0x00000148543769a3 sp=0x00000045195f6a30 mode 2
Event: 244.476 Thread 0x000001485fb258e0 Uncommon trap: trap_request=0xffffffc6 fr.pc=0x00000148552f7994 relative=0x0000000000000954
Event: 244.476 Thread 0x000001485fb258e0 Uncommon trap: reason=bimorphic_or_optimized_type_check action=maybe_recompile pc=0x00000148552f7994 method=kotlinx.metadata.internal.protobuf.CodedOutputStream.refreshBuffer()V @ 28 c2
Event: 244.476 Thread 0x000001485fb258e0 DEOPT PACKING pc=0x00000148552f7994 sp=0x00000045195f6d40
Event: 244.476 Thread 0x000001485fb258e0 DEOPT UNPACKING pc=0x00000148543769a3 sp=0x00000045195f6d30 mode 2
Event: 244.477 Thread 0x000001485fb258e0 Uncommon trap: trap_request=0xffffffc6 fr.pc=0x0000014854e986c4 relative=0x00000000000007e4
Event: 244.477 Thread 0x000001485fb258e0 Uncommon trap: reason=bimorphic_or_optimized_type_check action=maybe_recompile pc=0x0000014854e986c4 method=kotlinx.metadata.internal.protobuf.CodedInputStream.tryRefillBuffer(I)Z @ 177 c2
Event: 244.477 Thread 0x000001485fb258e0 DEOPT PACKING pc=0x0000014854e986c4 sp=0x00000045195f6910
Event: 244.478 Thread 0x000001485fb258e0 DEOPT UNPACKING pc=0x00000148543769a3 sp=0x00000045195f6808 mode 2
Event: 244.479 Thread 0x000001485fb258e0 Uncommon trap: trap_request=0xffffffc6 fr.pc=0x0000014854e986c4 relative=0x00000000000007e4
Event: 244.479 Thread 0x000001485fb258e0 Uncommon trap: reason=bimorphic_or_optimized_type_check action=maybe_recompile pc=0x0000014854e986c4 method=kotlinx.metadata.internal.protobuf.CodedInputStream.tryRefillBuffer(I)Z @ 177 c2
Event: 244.479 Thread 0x000001485fb258e0 DEOPT PACKING pc=0x0000014854e986c4 sp=0x00000045195f6910
Event: 244.479 Thread 0x000001485fb258e0 DEOPT UNPACKING pc=0x00000148543769a3 sp=0x00000045195f6808 mode 2
Event: 249.039 Thread 0x000001485fb258e0 Uncommon trap: trap_request=0xffffff45 fr.pc=0x0000014855312ffc relative=0x00000000000000dc
Event: 249.040 Thread 0x000001485fb258e0 Uncommon trap: reason=unstable_if action=reinterpret pc=0x0000014855312ffc method=java.util.concurrent.locks.AbstractQueuedSynchronizer.hasQueuedPredecessors()Z @ 33 c2
Event: 249.040 Thread 0x000001485fb258e0 DEOPT PACKING pc=0x0000014855312ffc sp=0x00000045195f5670
Event: 249.040 Thread 0x000001485fb258e0 DEOPT UNPACKING pc=0x00000148543769a3 sp=0x00000045195f55f0 mode 2
Event: 250.316 Thread 0x000001485fb258e0 DEOPT PACKING pc=0x000001484e323181 sp=0x00000045195f7120
Event: 250.317 Thread 0x000001485fb258e0 DEOPT UNPACKING pc=0x0000014854377143 sp=0x00000045195f65d0 mode 0

Classes loaded (20 events):
Event: 210.573 Loading class sun/reflect/misc/MethodUtil$1
Event: 210.573 Loading class sun/reflect/misc/MethodUtil$1 done
Event: 212.182 Loading class java/util/ArrayList$SubList$1
Event: 212.184 Loading class java/util/ArrayList$SubList$1 done
Event: 212.657 Loading class javax/xml/xpath/XPathFactory
Event: 212.658 Loading class javax/xml/xpath/XPathFactory done
Event: 212.658 Loading class javax/xml/xpath/XPathFactoryFinder
Event: 212.659 Loading class javax/xml/xpath/XPathFactoryFinder done
Event: 212.662 Loading class javax/xml/xpath/XPathFactoryFinder$2
Event: 212.662 Loading class javax/xml/xpath/XPathFactoryFinder$2 done
Event: 212.663 Loading class com/sun/org/apache/xpath/internal/jaxp/XPathFactoryImpl
Event: 212.664 Loading class com/sun/org/apache/xpath/internal/jaxp/XPathFactoryImpl done
Event: 212.664 Loading class jdk/xml/internal/JdkXmlFeatures
Event: 212.664 Loading class jdk/xml/internal/JdkXmlFeatures done
Event: 212.664 Loading class jdk/xml/internal/JdkXmlFeatures$XmlFeature
Event: 212.668 Loading class jdk/xml/internal/JdkXmlFeatures$XmlFeature done
Event: 212.668 Loading class jdk/xml/internal/JdkProperty$ImplPropMap
Event: 212.668 Loading class jdk/xml/internal/JdkProperty$ImplPropMap done
Event: 214.230 Loading class java/util/regex/Pattern$1
Event: 214.231 Loading class java/util/regex/Pattern$1 done

Classes unloaded (20 events):
Event: 116.254 Thread 0x000001485f5b0100 Unloading class 0x000001486164d000 '_BuildScript_$_run_closure1$_closure2$_closure3'
Event: 116.254 Thread 0x000001485f5b0100 Unloading class 0x000001486164c918 '_BuildScript_$_run_closure1$_closure2'
Event: 116.254 Thread 0x000001485f5b0100 Unloading class 0x000001486164c530 '_BuildScript_$_run_closure1'
Event: 116.254 Thread 0x000001485f5b0100 Unloading class 0x000001486164c000 '_BuildScript_'
Event: 116.254 Thread 0x000001485f5b0100 Unloading class 0x00000148616423e8 '_BuildScript_$_run_closure1$_closure2$_closure3$_closure4'
Event: 116.254 Thread 0x000001485f5b0100 Unloading class 0x0000014861642000 '_BuildScript_$_run_closure1$_closure2$_closure3'
Event: 116.254 Thread 0x000001485f5b0100 Unloading class 0x0000014861641918 '_BuildScript_$_run_closure1$_closure2'
Event: 116.254 Thread 0x000001485f5b0100 Unloading class 0x0000014861641530 '_BuildScript_$_run_closure1'
Event: 116.254 Thread 0x000001485f5b0100 Unloading class 0x0000014861641000 '_BuildScript_'
Event: 116.254 Thread 0x000001485f5b0100 Unloading class 0x000001486163e000 '_BuildScript_$_run_closure1$_closure2'
Event: 116.254 Thread 0x000001485f5b0100 Unloading class 0x000001486163d918 '_BuildScript_$_run_closure1'
Event: 116.254 Thread 0x000001485f5b0100 Unloading class 0x000001486163d3e8 '_BuildScript_'
Event: 116.254 Thread 0x000001485f5b0100 Unloading class 0x000001486163d000 'ProtobufPatchPlugin$_apply_closure1$_closure2$_closure3$_closure4'
Event: 116.254 Thread 0x000001485f5b0100 Unloading class 0x000001486163ca98 'ProtobufPatchPlugin$_apply_closure1$_closure2$_closure3'
Event: 116.254 Thread 0x000001485f5b0100 Unloading class 0x000001486163c6b0 'ProtobufPatchPlugin$_apply_closure1$_closure2'
Event: 116.254 Thread 0x000001485f5b0100 Unloading class 0x000001486163c2c8 'ProtobufPatchPlugin$_apply_closure1'
Event: 116.254 Thread 0x000001485f5b0100 Unloading class 0x000001486163c000 'ProtobufPatchPlugin'
Event: 116.255 Thread 0x000001485f5b0100 Unloading class 0x00000148615a83e8 '_BuildScript_$_run_closure1$_closure2'
Event: 116.255 Thread 0x000001485f5b0100 Unloading class 0x00000148615a8000 '_BuildScript_$_run_closure1'
Event: 116.255 Thread 0x000001485f5b0100 Unloading class 0x0000014861598800 '_BuildScript_'

Classes redefined (0 events):
No events

Internal exceptions (20 events):
Event: 212.605 Thread 0x000001485fb258e0 Implicit null exception at 0x00000148551dbdaf to 0x00000148551dd754
Event: 212.606 Thread 0x000001485fb258e0 Implicit null exception at 0x00000148551dbdaf to 0x00000148551dd754
Event: 212.606 Thread 0x000001485fb258e0 Implicit null exception at 0x00000148551dbdaf to 0x00000148551dd754
Event: 212.606 Thread 0x000001485fb258e0 Implicit null exception at 0x00000148551dbdaf to 0x00000148551dd754
Event: 212.606 Thread 0x000001485fb258e0 Implicit null exception at 0x00000148551dbdaf to 0x00000148551dd754
Event: 212.606 Thread 0x000001485fb258e0 Implicit null exception at 0x00000148551dbdaf to 0x00000148551dd754
Event: 214.002 Thread 0x000001485fb258e0 Exception <a 'java/lang/NoSuchMethodError'{0x00000000f0f5f3e8}: 'int java.lang.invoke.DirectMethodHandle$Holder.invokeSpecialIFC(java.lang.Object, java.lang.Object, java.lang.Object, java.lang.Object, java.lang.Object)'> (0x00000000f0f5f3e8) 
thrown [s\src\hotspot\share\interpreter\linkResolver.cpp, line 759]
Event: 214.721 Thread 0x000001485fb258e0 Exception <a 'java/lang/ClassNotFoundException'{0x00000000f001ac58}: org/jetbrains/kotlin/gradle/targets/js/npm/DefaultNpmDependencyExtensionBeanInfo> (0x00000000f001ac58) 
thrown [s\src\hotspot\share\classfile\systemDictionary.cpp, line 257]
Event: 214.722 Thread 0x000001485fb258e0 Exception <a 'java/lang/ClassNotFoundException'{0x00000000f0024ee8}: org/jetbrains/kotlin/gradle/targets/js/npm/DefaultNpmDependencyExtensionCustomizer> (0x00000000f0024ee8) 
thrown [s\src\hotspot\share\classfile\systemDictionary.cpp, line 257]
Event: 214.743 Thread 0x000001485fb258e0 Exception <a 'java/lang/ClassNotFoundException'{0x00000000f00ac860}: org/jetbrains/kotlin/gradle/targets/js/npm/NpmDependencyExtensionKt$defaultNpmDependencyDelegate$1BeanInfo> (0x00000000f00ac860) 
thrown [s\src\hotspot\share\classfile\systemDictionary.cpp, line 257]
Event: 214.744 Thread 0x000001485fb258e0 Exception <a 'java/lang/ClassNotFoundException'{0x00000000f00b6b30}: org/jetbrains/kotlin/gradle/targets/js/npm/NpmDependencyExtensionDelegateBeanInfo> (0x00000000f00b6b30) 
thrown [s\src\hotspot\share\classfile\systemDictionary.cpp, line 257]
Event: 214.745 Thread 0x000001485fb258e0 Exception <a 'java/lang/ClassNotFoundException'{0x00000000f00c0dd0}: org/jetbrains/kotlin/gradle/targets/js/npm/NpmDependencyExtensionDelegateCustomizer> (0x00000000f00c0dd0) 
thrown [s\src\hotspot\share\classfile\systemDictionary.cpp, line 257]
Event: 214.749 Thread 0x000001485fb258e0 Exception <a 'java/lang/ClassNotFoundException'{0x00000000f00ee630}: org/jetbrains/kotlin/gradle/targets/js/npm/NpmDependencyExtensionKt$defaultNpmDependencyDelegate$1Customizer> (0x00000000f00ee630) 
thrown [s\src\hotspot\share\classfile\systemDictionary.cpp, line 257]
Event: 214.758 Thread 0x000001485fb258e0 Exception <a 'java/lang/ClassNotFoundException'{0x00000000eff2b0a8}: org/jetbrains/kotlin/gradle/targets/js/npm/DefaultDevNpmDependencyExtensionBeanInfo> (0x00000000eff2b0a8) 
thrown [s\src\hotspot\share\classfile\systemDictionary.cpp, line 257]
Event: 214.761 Thread 0x000001485fb258e0 Exception <a 'java/lang/ClassNotFoundException'{0x00000000eff35350}: org/jetbrains/kotlin/gradle/targets/js/npm/DefaultDevNpmDependencyExtensionCustomizer> (0x00000000eff35350) 
thrown [s\src\hotspot\share\classfile\systemDictionary.cpp, line 257]
Event: 214.768 Thread 0x000001485fb258e0 Exception <a 'java/lang/ClassNotFoundException'{0x00000000eff79758}: org/jetbrains/kotlin/gradle/targets/js/npm/DefaultPeerNpmDependencyExtensionBeanInfo> (0x00000000eff79758) 
thrown [s\src\hotspot\share\classfile\systemDictionary.cpp, line 257]
Event: 214.768 Thread 0x000001485fb258e0 Exception <a 'java/lang/ClassNotFoundException'{0x00000000eff83c50}: org/jetbrains/kotlin/gradle/targets/js/npm/DefaultPeerNpmDependencyExtensionCustomizer> (0x00000000eff83c50) 
thrown [s\src\hotspot\share\classfile\systemDictionary.cpp, line 257]
Event: 214.777 Thread 0x000001485fb258e0 Exception <a 'java/lang/ClassNotFoundException'{0x00000000effd0f30}: org/jetbrains/kotlin/gradle/targets/js/npm/DefaultPeerNpmDependencyExtension$delegate$1BeanInfo> (0x00000000effd0f30) 
thrown [s\src\hotspot\share\classfile\systemDictionary.cpp, line 257]
Event: 214.778 Thread 0x000001485fb258e0 Exception <a 'java/lang/ClassNotFoundException'{0x00000000effdb310}: org/jetbrains/kotlin/gradle/targets/js/npm/DefaultPeerNpmDependencyExtension$delegate$1Customizer> (0x00000000effdb310) 
thrown [s\src\hotspot\share\classfile\systemDictionary.cpp, line 257]
Event: 214.825 Thread 0x000001485fb258e0 Exception <a 'java/lang/NoSuchMethodError'{0x00000000efd016f8}: static Lorg/jetbrains/kotlin/gradle/plugin/internal/DefaultIdeaSyncDetector$createIdeaPropertiesEvaluator$1;.<clinit>()V> (0x00000000efd016f8) 
thrown [s\src\hotspot\share\prims\jni.cpp, line 1112]

VM Operations (20 events):
Event: 243.560 Executing VM operation: HandshakeAllThreads
Event: 243.561 Executing VM operation: HandshakeAllThreads done
Event: 243.636 Executing VM operation: HandshakeAllThreads
Event: 243.636 Executing VM operation: HandshakeAllThreads done
Event: 243.661 Executing VM operation: HandshakeAllThreads
Event: 243.661 Executing VM operation: HandshakeAllThreads done
Event: 244.671 Executing VM operation: Cleanup
Event: 244.671 Executing VM operation: Cleanup done
Event: 245.674 Executing VM operation: Cleanup
Event: 245.674 Executing VM operation: Cleanup done
Event: 246.682 Executing VM operation: Cleanup
Event: 246.698 Executing VM operation: Cleanup done
Event: 247.712 Executing VM operation: Cleanup
Event: 247.712 Executing VM operation: Cleanup done
Event: 248.719 Executing VM operation: Cleanup
Event: 248.719 Executing VM operation: Cleanup done
Event: 249.729 Executing VM operation: Cleanup
Event: 249.729 Executing VM operation: Cleanup done
Event: 250.102 Executing VM operation: HandshakeAllThreads
Event: 250.103 Executing VM operation: HandshakeAllThreads done

Memory protections (0 events):
No events

Nmethod flushes (20 events):
Event: 210.519 Thread 0x000001485f5e4a20 flushing  nmethod 0x000001484d610910
Event: 210.519 Thread 0x000001485f5e4a20 flushing  nmethod 0x000001484d644590
Event: 210.520 Thread 0x000001485f5e4a20 flushing  nmethod 0x000001484d745590
Event: 210.522 Thread 0x000001485f5e4a20 flushing  nmethod 0x000001484d881a90
Event: 210.523 Thread 0x000001485f5e4a20 flushing  nmethod 0x000001484d94af90
Event: 210.525 Thread 0x000001485f5e4a20 flushing  nmethod 0x000001484db41190
Event: 210.526 Thread 0x000001485f5e4a20 flushing  nmethod 0x000001484dc82590
Event: 210.526 Thread 0x000001485f5e4a20 flushing  nmethod 0x000001484dc94610
Event: 210.526 Thread 0x000001485f5e4a20 flushing  nmethod 0x000001484dc94b90
Event: 210.527 Thread 0x000001485f5e4a20 flushing  nmethod 0x000001484dd70590
Event: 210.528 Thread 0x000001485f5e4a20 flushing  nmethod 0x000001484de49590
Event: 210.531 Thread 0x000001485f5e4a20 flushing  nmethod 0x000001484e101010
Event: 210.531 Thread 0x000001485f5e4a20 flushing  nmethod 0x000001484e1a1690
Event: 210.532 Thread 0x000001485f5e4a20 flushing  nmethod 0x000001484e1b7890
Event: 210.532 Thread 0x000001485f5e4a20 flushing  nmethod 0x000001484e1b9310
Event: 210.532 Thread 0x000001485f5e4a20 flushing  nmethod 0x000001484e1b9690
Event: 210.532 Thread 0x000001485f5e4a20 flushing  nmethod 0x000001484e1f9d90
Event: 210.532 Thread 0x000001485f5e4a20 flushing  nmethod 0x000001484e242910
Event: 210.532 Thread 0x000001485f5e4a20 flushing  nmethod 0x000001484e263190
Event: 210.533 Thread 0x000001485f5e4a20 flushing  nmethod 0x000001484e389b10

Events (20 events):
Event: 161.357 Thread 0x000001485fb258e0 Thread added: 0x00000148790e8260
Event: 161.372 Thread 0x000001485fb258e0 Thread added: 0x00000148790e8770
Event: 161.376 Thread 0x000001485fb258e0 Thread added: 0x00000148790e4fc0
Event: 161.428 Thread 0x000001485f5da0f0 Thread added: 0x000001487ce8bcb0
Event: 164.478 Thread 0x000001487ce8bcb0 Thread exited: 0x000001487ce8bcb0
Event: 164.752 Thread 0x000001485f5da0f0 Thread added: 0x000001487ce8bcb0
Event: 164.996 Thread 0x000001487ce8bcb0 Thread exited: 0x000001487ce8bcb0
Event: 165.487 Thread 0x000001485f5da0f0 Thread added: 0x000001487ce8d740
Event: 167.213 Thread 0x000001487ce8d740 Thread exited: 0x000001487ce8d740
Event: 170.588 Thread 0x000001485fb258e0 Thread added: 0x00000148790e54d0
Event: 170.590 Thread 0x000001485fb258e0 Thread added: 0x00000148790e7330
Event: 170.591 Thread 0x000001485fb258e0 Thread added: 0x00000148790e2c50
Event: 170.760 Thread 0x000001485f5da0f0 Thread added: 0x000001487ce8acc0
Event: 187.714 Thread 0x000001487ce8acc0 Thread exited: 0x000001487ce8acc0
Event: 208.877 Thread 0x000001485f5d62e0 Thread added: 0x000001487ce8c750
Event: 210.427 Thread 0x000001485fb258e0 Thread added: 0x00000148790e8c80
Event: 211.434 Thread 0x000001487ce8c750 Thread exited: 0x000001487ce8c750
Event: 212.817 Thread 0x000001485fb258e0 Thread added: 0x00000148790e7840
Event: 214.392 Thread 0x000001485f5da0f0 Thread added: 0x000001487af6eb00
Event: 215.445 Thread 0x000001487af6eb00 Thread exited: 0x000001487af6eb00


Dynamic libraries:
0x00007ff7e6030000 - 0x00007ff7e603e000 	C:\Program Files\Eclipse Adoptium\jdk-17.0.20.101-hotspot\bin\java.exe
0x00007ff9ea3b0000 - 0x00007ff9ea5a9000 	C:\Windows\SYSTEM32\ntdll.dll
0x00007ff9e8650000 - 0x00007ff9e8712000 	C:\Windows\System32\KERNEL32.DLL
0x00007ff9e7a00000 - 0x00007ff9e7cf7000 	C:\Windows\System32\KERNELBASE.dll
0x00007ff9e8000000 - 0x00007ff9e8100000 	C:\Windows\System32\ucrtbase.dll
0x00007ff9e1390000 - 0x00007ff9e13a8000 	C:\Program Files\Eclipse Adoptium\jdk-17.0.20.101-hotspot\bin\jli.dll
0x00007ff9e13b0000 - 0x00007ff9e13ce000 	C:\Program Files\Eclipse Adoptium\jdk-17.0.20.101-hotspot\bin\VCRUNTIME140.dll
0x00007ff9e9c20000 - 0x00007ff9e9dbd000 	C:\Windows\System32\USER32.dll
0x00007ff9e6e20000 - 0x00007ff9e70bb000 	C:\Windows\WinSxS\amd64_microsoft.windows.common-controls_6595b64144ccf1df_6.0.19041.7663_none_60b9ed0b71f50c93\COMCTL32.dll
0x00007ff9e8150000 - 0x00007ff9e8172000 	C:\Windows\System32\win32u.dll
0x00007ff9e91b0000 - 0x00007ff9e924e000 	C:\Windows\System32\msvcrt.dll
0x00007ff9e8940000 - 0x00007ff9e896b000 	C:\Windows\System32\GDI32.dll
0x00007ff9e7ee0000 - 0x00007ff9e7ffa000 	C:\Windows\System32\gdi32full.dll
0x00007ff9e81b0000 - 0x00007ff9e824d000 	C:\Windows\System32\msvcp_win.dll
0x00007ff9e90f0000 - 0x00007ff9e911f000 	C:\Windows\System32\IMM32.DLL
0x00007ff9c5eb0000 - 0x00007ff9c5ebc000 	C:\Program Files\Eclipse Adoptium\jdk-17.0.20.101-hotspot\bin\vcruntime140_1.dll
0x00007ff9773d0000 - 0x00007ff97745d000 	C:\Program Files\Eclipse Adoptium\jdk-17.0.20.101-hotspot\bin\msvcp140.dll
0x00007ff948ba0000 - 0x00007ff94980c000 	C:\Program Files\Eclipse Adoptium\jdk-17.0.20.101-hotspot\bin\server\jvm.dll
0x00007ff9e9b60000 - 0x00007ff9e9c12000 	C:\Windows\System32\ADVAPI32.dll
0x00007ff9e9810000 - 0x00007ff9e98b0000 	C:\Windows\System32\sechost.dll
0x00007ff9e83f0000 - 0x00007ff9e8516000 	C:\Windows\System32\RPCRT4.dll
0x00007ff9e8180000 - 0x00007ff9e81a7000 	C:\Windows\System32\bcrypt.dll
0x00007ff9e9130000 - 0x00007ff9e91a3000 	C:\Windows\System32\WS2_32.dll
0x00007ff9d13f0000 - 0x00007ff9d1417000 	C:\Windows\SYSTEM32\WINMM.dll
0x00007ff9e7850000 - 0x00007ff9e789b000 	C:\Windows\SYSTEM32\POWRPROF.dll
0x00007ff9df810000 - 0x00007ff9df81a000 	C:\Windows\SYSTEM32\VERSION.dll
0x00007ff9e7830000 - 0x00007ff9e7842000 	C:\Windows\SYSTEM32\UMPDC.dll
0x00007ff9e5170000 - 0x00007ff9e5182000 	C:\Windows\SYSTEM32\kernel.appcore.dll
0x00007ff9e1380000 - 0x00007ff9e138a000 	C:\Program Files\Eclipse Adoptium\jdk-17.0.20.101-hotspot\bin\jimage.dll
0x00007ff9e72d0000 - 0x00007ff9e74db000 	C:\Windows\SYSTEM32\DBGHELP.DLL
0x00007ff9e7290000 - 0x00007ff9e72c5000 	C:\Windows\SYSTEM32\dbgcore.DLL
0x00007ff9e8300000 - 0x00007ff9e8382000 	C:\Windows\System32\bcryptPrimitives.dll
0x00007ff9e2280000 - 0x00007ff9e228e000 	C:\Program Files\Eclipse Adoptium\jdk-17.0.20.101-hotspot\bin\instrument.dll
0x00007ff9bf4f0000 - 0x00007ff9bf515000 	C:\Program Files\Eclipse Adoptium\jdk-17.0.20.101-hotspot\bin\java.dll
0x00007ff9772f0000 - 0x00007ff9773c7000 	C:\Program Files\Eclipse Adoptium\jdk-17.0.20.101-hotspot\bin\jsvml.dll
0x00007ff9e8970000 - 0x00007ff9e90e1000 	C:\Windows\System32\SHELL32.dll
0x00007ff9e5380000 - 0x00007ff9e5b2c000 	C:\Windows\SYSTEM32\windows.storage.dll
0x00007ff9ea010000 - 0x00007ff9ea364000 	C:\Windows\System32\combase.dll
0x00007ff9e6b50000 - 0x00007ff9e6b7b000 	C:\Windows\SYSTEM32\Wldp.dll
0x00007ff9e99d0000 - 0x00007ff9e9a7d000 	C:\Windows\System32\SHCORE.dll
0x00007ff9e88e0000 - 0x00007ff9e893b000 	C:\Windows\System32\shlwapi.dll
0x00007ff9e7920000 - 0x00007ff9e7945000 	C:\Windows\SYSTEM32\profapi.dll
0x00007ff97f220000 - 0x00007ff97f238000 	C:\Program Files\Eclipse Adoptium\jdk-17.0.20.101-hotspot\bin\zip.dll
0x00007ff9bf4d0000 - 0x00007ff9bf4ea000 	C:\Program Files\Eclipse Adoptium\jdk-17.0.20.101-hotspot\bin\net.dll
0x00007ff9dd020000 - 0x00007ff9dd12d000 	C:\Windows\SYSTEM32\WINHTTP.dll
0x00007ff9e69c0000 - 0x00007ff9e6a2a000 	C:\Windows\system32\mswsock.dll
0x00007ff99ca30000 - 0x00007ff99ca46000 	C:\Program Files\Eclipse Adoptium\jdk-17.0.20.101-hotspot\bin\nio.dll
0x00007ff97cd30000 - 0x00007ff97cd40000 	C:\Program Files\Eclipse Adoptium\jdk-17.0.20.101-hotspot\bin\verify.dll
0x00007ff9c6000000 - 0x00007ff9c6027000 	C:\Users\welcome\.gradle\native\c067742578af261105cb4f569cf0c3c89f3d7b1fecec35dd04571415982c5e48\windows-amd64\native-platform.dll
0x00007ff9ad6b0000 - 0x00007ff9ad7f4000 	C:\Users\welcome\.gradle\native\100fb08df4bc3b14c8652ba06237920a3bd2aa13389f12d3474272988ae205f9\windows-amd64\native-platform-file-events.dll
0x00007ff9e2270000 - 0x00007ff9e227a000 	C:\Program Files\Eclipse Adoptium\jdk-17.0.20.101-hotspot\bin\management.dll
0x00007ff9dd340000 - 0x00007ff9dd34c000 	C:\Program Files\Eclipse Adoptium\jdk-17.0.20.101-hotspot\bin\management_ext.dll
0x00007ff9e9dc0000 - 0x00007ff9e9dc8000 	C:\Windows\System32\PSAPI.DLL
0x00007ff9e7690000 - 0x00007ff9e76a8000 	C:\Windows\SYSTEM32\CRYPTSP.dll
0x00007ff9e6300000 - 0x00007ff9e6338000 	C:\Windows\system32\rsaenh.dll
0x00007ff9e78e0000 - 0x00007ff9e790e000 	C:\Windows\SYSTEM32\USERENV.dll
0x00007ff9e6c10000 - 0x00007ff9e6c1c000 	C:\Windows\SYSTEM32\CRYPTBASE.dll
0x00007ff9e6680000 - 0x00007ff9e66bb000 	C:\Windows\SYSTEM32\IPHLPAPI.DLL
0x00007ff9ea000000 - 0x00007ff9ea008000 	C:\Windows\System32\NSI.dll
0x00007ff9ddf70000 - 0x00007ff9ddf87000 	C:\Windows\SYSTEM32\dhcpcsvc6.DLL
0x00007ff9dded0000 - 0x00007ff9ddeed000 	C:\Windows\SYSTEM32\dhcpcsvc.DLL
0x00007ff9e66e0000 - 0x00007ff9e67ac000 	C:\Windows\SYSTEM32\DNSAPI.dll
0x00007ff9db280000 - 0x00007ff9db289000 	C:\Program Files\Eclipse Adoptium\jdk-17.0.20.101-hotspot\bin\extnet.dll
0x00007ff9db270000 - 0x00007ff9db27e000 	C:\Program Files\Eclipse Adoptium\jdk-17.0.20.101-hotspot\bin\sunmscapi.dll
0x00007ff9e7d80000 - 0x00007ff9e7edd000 	C:\Windows\System32\CRYPT32.dll
0x00007ff9e6d00000 - 0x00007ff9e6d27000 	C:\Windows\SYSTEM32\ncrypt.dll
0x00007ff9e6cc0000 - 0x00007ff9e6cfb000 	C:\Windows\SYSTEM32\NTASN1.dll
0x00007ff99c3c0000 - 0x00007ff99c3c7000 	C:\Windows\system32\wshunix.dll
0x00007ff9e7650000 - 0x00007ff9e7683000 	C:\Windows\SYSTEM32\ntmarta.dll
0x00007ff9df800000 - 0x00007ff9df80a000 	C:\Windows\System32\rasadhlp.dll
0x00007ff9d4ef0000 - 0x00007ff9d4f70000 	C:\Windows\System32\fwpuclnt.dll

dbghelp: loaded successfully - version: 4.0.5 - missing functions: none
symbol engine: initialized successfully - sym options: 0x614 - pdb path: .;C:\Program Files\Eclipse Adoptium\jdk-17.0.20.101-hotspot\bin;C:\Windows\SYSTEM32;C:\Windows\WinSxS\amd64_microsoft.windows.common-controls_6595b64144ccf1df_6.0.19041.7663_none_60b9ed0b71f50c93;C:\Program Files\Eclipse Adoptium\jdk-17.0.20.101-hotspot\bin\server;C:\Users\welcome\.gradle\native\c067742578af261105cb4f569cf0c3c89f3d7b1fecec35dd04571415982c5e48\windows-amd64;C:\Users\welcome\.gradle\native\100fb08df4bc3b14c8652ba06237920a3bd2aa13389f12d3474272988ae205f9\windows-amd64

VM Arguments:
jvm_args: --add-opens=java.base/java.util=ALL-UNNAMED --add-opens=java.base/java.lang=ALL-UNNAMED --add-opens=java.base/java.lang.invoke=ALL-UNNAMED --add-opens=java.prefs/java.util.prefs=ALL-UNNAMED --add-exports=jdk.compiler/com.sun.tools.javac.api=ALL-UNNAMED --add-exports=jdk.compiler/com.sun.tools.javac.util=ALL-UNNAMED --add-opens=java.base/java.nio.charset=ALL-UNNAMED --add-opens=java.base/java.net=ALL-UNNAMED --add-opens=java.base/java.util.concurrent.atomic=ALL-UNNAMED -XX:MaxMetaspaceSize=384m -XX:+HeapDumpOnOutOfMemoryError -Xms256m -Xmx512m -Dfile.encoding=utf8 -Duser.country=US -Duser.language=en -Duser.variant -javaagent:C:\Users\welcome\.gradle\wrapper\dists\gradle-8.9-bin\90cnw93cvbtalezasaz0blq0a\gradle-8.9\lib\agents\gradle-instrumentation-agent-8.9.jar 
java_command: org.gradle.launcher.daemon.bootstrap.GradleDaemon 8.9
java_class_path (initial): C:\Users\welcome\.gradle\wrapper\dists\gradle-8.9-bin\90cnw93cvbtalezasaz0blq0a\gradle-8.9\lib\gradle-daemon-main-8.9.jar
Launcher Type: SUN_STANDARD

[Global flags]
     intx CICompilerCount                          = 3                                         {product} {ergonomic}
   size_t CompressedClassSpaceSize                 = 335544320                                 {product} {ergonomic}
     uint ConcGCThreads                            = 1                                         {product} {ergonomic}
     uint G1ConcRefinementThreads                  = 4                                         {product} {ergonomic}
   size_t G1HeapRegionSize                         = 1048576                                   {product} {ergonomic}
    uintx GCDrainStackTargetSize                   = 64                                        {product} {ergonomic}
     bool HeapDumpOnOutOfMemoryError               = true                                   {manageable} {command line}
   size_t InitialHeapSize                          = 268435456                                 {product} {command line}
   size_t MarkStackSize                            = 4194304                                   {product} {ergonomic}
   size_t MaxHeapSize                              = 536870912                                 {product} {command line}
   size_t MaxMetaspaceSize                         = 402653184                                 {product} {command line}
   size_t MaxNewSize                               = 321912832                                 {product} {ergonomic}
   size_t MinHeapDeltaBytes                        = 1048576                                   {product} {ergonomic}
   size_t MinHeapSize                              = 268435456                                 {product} {command line}
    uintx NonNMethodCodeHeapSize                   = 5832780                                {pd product} {ergonomic}
    uintx NonProfiledCodeHeapSize                  = 122912730                              {pd product} {ergonomic}
    uintx ProfiledCodeHeapSize                     = 122912730                              {pd product} {ergonomic}
    uintx ReservedCodeCacheSize                    = 251658240                              {pd product} {ergonomic}
     bool SegmentedCodeCache                       = true                                      {product} {ergonomic}
   size_t SoftMaxHeapSize                          = 536870912                              {manageable} {ergonomic}
     bool UseCompressedClassPointers               = true                           {product lp64_product} {ergonomic}
     bool UseCompressedOops                        = true                           {product lp64_product} {ergonomic}
     bool UseG1GC                                  = true                                      {product} {ergonomic}
     bool UseLargePagesIndividualAllocation        = false                                  {pd product} {ergonomic}

Logging:
Log output configuration:
 #0: stdout all=warning uptime,level,tags
 #1: stderr all=off uptime,level,tags

Environment Variables:
PATH=C:\Program Files\Eclipse Adoptium\jdk-17.0.20.101-hotspot\bin;C:\Windows\system32;C:\Windows;C:\Windows\System32\Wbem;C:\Windows\System32\WindowsPowerShell\v1.0\;C:\Windows\System32\OpenSSH\;C:\Program Files\Git\cmd;C:\Program Files\nodejs\;C:\Users\welcome\AppData\Local\Microsoft\WindowsApps;C:\Users\welcome\AppData\Local\Programs\Microsoft VS Code\bin;C:\Users\welcome\AppData\Local\Programs\DockerDesktop\resources\bin;C:\Users\welcome\AppData\Roaming\npm
USERNAME=welcome
OS=Windows_NT
PROCESSOR_IDENTIFIER=Intel64 Family 6 Model 142 Stepping 9, GenuineIntel
TMP=C:\Users\welcome\AppData\Local\Temp
TEMP=C:\Users\welcome\AppData\Local\Temp



Periodic native trim disabled


---------------  S Y S T E M  ---------------

OS:
 Windows 10 , 64 bit Build 19041 (10.0.19041.7725)
OS uptime: 0 days 9:33 hours
Hyper-V role detected

CPU: total 4 (initial active 4) (2 cores per cpu, 2 threads per core) family 6 model 142 stepping 9 microcode 0xea, cx8, cmov, fxsr, ht, mmx, 3dnowpref, sse, sse2, sse3, ssse3, sse4.1, sse4.2, popcnt, lzcnt, tsc, tscinvbit, avx, avx2, aes, erms, clmul, bmi1, bmi2, adx, fma, vzeroupper, clflush, clflushopt, hv
Processor Information for all 4 processors :
  Max Mhz: 2400, Current Mhz: 2400, Mhz Limit: 2400

Memory: 4k page, system-wide physical 4005M (193M free)
TotalPageFile size 11505M (AvailPageFile size 1M)
current process WorkingSet (physical memory assigned to process): 204M, peak: 582M
current process commit charge ("private bytes"): 684M, peak: 685M

vm_info: OpenJDK 64-Bit Server VM (17.0.20.1+1) for windows-amd64 JRE (17.0.20.1+1), built on Aug 18 2026 20:44:09 by "admin" with MS VC++ 17.12 (VS2022)

END.
