JvmtiExport can_access_local_variables 0
JvmtiExport can_hotswap_or_post_breakpoint 0
JvmtiExport can_post_on_exceptions 0
# 511 ciObject found
instanceKlass com/intellij/psi/impl/compiled/StubBuildingVisitor
ciInstanceKlass java/lang/Cloneable 1 0 7 100 1 100 1 1 1
instanceKlass org/jetbrains/kotlin/utils/SmartList$1
instanceKlass jdk/internal/math/FDBigInteger
instanceKlass com/intellij/psi/impl/compiled/FirstPassData$1
instanceKlass com/intellij/psi/impl/compiled/StubBuildingVisitor$1
instanceKlass org/jetbrains/org/objectweb/asm/Handle
instanceKlass org/h2/result/RowList
instanceKlass org/jetbrains/kotlin/diagnostics/PositioningStrategyKt
instanceKlass org/jetbrains/exposed/sql/statements/DeleteStatement$Companion
instanceKlass org/javacs/kt/diagnostic/ConvertDiagnosticKt$WhenMappings
instanceKlass org/jetbrains/kotlin/diagnostics/rendering/RenderingContext$Companion
instanceKlass org/jetbrains/kotlin/diagnostics/RenderedDiagnostic
instanceKlass org/jetbrains/kotlin/resolve/VarianceConflictDiagnosticData
instanceKlass org/jetbrains/kotlin/diagnostics/rendering/LanguageFeatureMessageRenderer
instanceKlass org/jetbrains/kotlin/serialization/deserialization/IncompatibleVersionErrorData
instanceKlass org/jetbrains/kotlin/metadata/deserialization/VersionRequirement$Version
instanceKlass org/jetbrains/kotlin/resolve/multiplatform/ExpectActualAnnotationsIncompatibilityType
instanceKlass org/jetbrains/kotlin/diagnostics/rendering/ExpectActualAnnotationIncompatibilityDiagnosticRenderers
instanceKlass org/jetbrains/kotlin/diagnostics/rendering/ExpectActualScopeDiffRenderer
instanceKlass org/jetbrains/kotlin/diagnostics/rendering/ExpectActualScopeDiffsRenderer$Companion
instanceKlass org/jetbrains/kotlin/diagnostics/rendering/ExpectActualScopeDiffsRenderer
instanceKlass org/jetbrains/kotlin/diagnostics/rendering/IncompatibleExpectedActualClassScopesRenderer$Companion
instanceKlass org/jetbrains/kotlin/diagnostics/rendering/IncompatibleExpectedActualClassScopesRenderer
instanceKlass org/jetbrains/kotlin/diagnostics/rendering/PlatformIncompatibilityDiagnosticRenderer$Companion
instanceKlass org/jetbrains/kotlin/diagnostics/rendering/PlatformIncompatibilityDiagnosticRenderer
instanceKlass org/jetbrains/kotlin/diagnostics/TypeMismatchDueToTypeProjectionsData
instanceKlass org/jetbrains/kotlin/diagnostics/rendering/MultiRenderer
instanceKlass org/jetbrains/kotlin/wasm/resolve/diagnostics/ErrorsWasm$1
instanceKlass org/jetbrains/kotlin/wasm/resolve/diagnostics/ErrorsWasm
instanceKlass org/jetbrains/kotlin/wasm/resolve/diagnostics/DefaultErrorMessagesWasmKt
instanceKlass org/jetbrains/kotlin/wasm/resolve/diagnostics/DefaultErrorMessagesWasm
instanceKlass java/util/concurrent/ForkJoinPool$DefaultCommonPoolForkJoinWorkerThreadFactory$1
instanceKlass jdk/internal/util/random/RandomSupport
instanceKlass com/google/gson/JsonParser
instanceKlass org/eclipse/lsp4j/jsonrpc/RemoteEndpoint$PendingRequestInfo
instanceKlass org/jetbrains/kotlin/resolve/konan/diagnostics/ErrorsNative
instanceKlass org/jetbrains/kotlin/resolve/konan/diagnostics/DefaultErrorMessagesNativeKt
instanceKlass org/jetbrains/kotlin/resolve/konan/diagnostics/DefaultErrorMessagesNative
instanceKlass org/jetbrains/kotlin/js/resolve/diagnostics/RenderFirstLineOfElementText
instanceKlass org/jetbrains/kotlin/js/resolve/diagnostics/JsCallDataRenderer
instanceKlass org/jetbrains/kotlin/js/resolve/diagnostics/ErrorsJs$1
instanceKlass org/jetbrains/kotlin/js/resolve/diagnostics/ErrorsJs
instanceKlass org/jetbrains/kotlin/js/resolve/diagnostics/DefaultErrorMessagesJsKt
instanceKlass org/jetbrains/kotlin/js/resolve/diagnostics/DefaultErrorMessagesJs
instanceKlass org/jetbrains/kotlin/diagnostics/rendering/CommonRenderers
instanceKlass org/jetbrains/kotlin/diagnostics/rendering/MultiplatformDiagnosticRenderingMode
instanceKlass org/jetbrains/kotlin/diagnostics/rendering/Renderers$DESCRIPTORS_ON_NEWLINE_WITH_INDENT$1
instanceKlass org/jetbrains/kotlin/diagnostics/rendering/AnnotationsWhitelistDescriptorRenderer
instanceKlass org/jetbrains/kotlin/diagnostics/rendering/AnnotationsWhitelistDescriptorRendererKt
instanceKlass org/jetbrains/kotlin/diagnostics/rendering/SmartDescriptorRenderer
instanceKlass org/jetbrains/kotlin/diagnostics/rendering/RenderersKt
instanceKlass org/jetbrains/kotlin/diagnostics/rendering/DiagnosticParameterRendererKt$ContextDependentRenderer$1
instanceKlass org/jetbrains/kotlin/resolve/calls/inference/InferenceErrorData
instanceKlass org/jetbrains/kotlin/diagnostics/rendering/SmartTypeRenderer
instanceKlass com/intellij/openapi/util/io/FileUtilRt$CharComparingStrategy$2
instanceKlass com/intellij/openapi/util/io/FileUtilRt$CharComparingStrategy$1
instanceKlass com/intellij/openapi/util/io/FileUtilRt$CharComparingStrategy
instanceKlass org/jetbrains/kotlin/storage/LockBasedStorageManager$RecursionDetectedResult
instanceKlass org/jetbrains/kotlin/diagnostics/rendering/DiagnosticParameterRendererKt$Renderer$1
instanceKlass org/jetbrains/kotlin/diagnostics/rendering/ContextIndependentParameterRenderer
instanceKlass org/jetbrains/kotlin/diagnostics/rendering/DiagnosticParameterRendererKt
instanceKlass org/jetbrains/kotlin/diagnostics/rendering/Renderers
instanceKlass org/jetbrains/kotlin/diagnostics/rendering/SimpleDiagnosticRenderer
instanceKlass org/jetbrains/kotlin/diagnostics/rendering/AbstractDiagnosticWithParametersRenderer
instanceKlass org/jetbrains/kotlin/diagnostics/rendering/DiagnosticRenderer
instanceKlass org/jetbrains/kotlin/resolve/jvm/diagnostics/ConflictingJvmDeclarationsData
instanceKlass org/jetbrains/kotlin/diagnostics/rendering/RenderingContext
instanceKlass org/jetbrains/kotlin/resolve/jvm/diagnostics/DefaultErrorMessagesJvm
instanceKlass org/jetbrains/kotlin/diagnostics/rendering/DiagnosticParameterRenderer
instanceKlass org/jetbrains/kotlin/diagnostics/rendering/DefaultErrorMessages
instanceKlass org/javacs/kt/diagnostic/ConvertDiagnosticKt
instanceKlass org/jetbrains/kotlin/diagnostics/AbstractKotlinSuppressCache$Suppressor
instanceKlass org/jetbrains/kotlin/resolve/diagnostics/KotlinSuppressCache$DiagnosticSuppressRequest
instanceKlass org/jetbrains/kotlin/diagnostics/AbstractKotlinSuppressCache$SuppressRequest
instanceKlass org/jetbrains/kotlin/resolve/diagnostics/DiagnosticsElementsCache
instanceKlass org/jetbrains/kotlin/resolve/diagnostics/DiagnosticsWithSuppression
instanceKlass org/jetbrains/kotlin/cfg/CfgContainingDeclarationUtilsKt
instanceKlass org/jetbrains/kotlin/resolve/scopes/receivers/ClassValueReceiver
instanceKlass org/jetbrains/kotlin/resolve/calls/smartcasts/SmartCastUtilKt
instanceKlass org/jetbrains/kotlin/resolve/calls/model/ResolvedCallImpl
instanceKlass org/jetbrains/kotlin/resolve/calls/model/MutableResolvedCall
instanceKlass com/intellij/psi/impl/cache/TypeInfo$1
instanceKlass org/jetbrains/kotlin/load/java/structure/JavaConstructor
instanceKlass org/jetbrains/kotlin/resolve/calls/model/GivenCandidate
instanceKlass org/jetbrains/kotlin/descriptors/impl/AbstractTypeParameterDescriptor$2$1
instanceKlass org/jetbrains/kotlin/resolve/CollectionLiteralResolver$WhenMappings
instanceKlass org/jetbrains/kotlin/resolve/BodyResolver$2
instanceKlass org/jetbrains/kotlin/resolve/typeBinding/TypeArgumentBindingImpl
instanceKlass org/jetbrains/kotlin/resolve/typeBinding/TypeArgumentBinding
instanceKlass org/jetbrains/kotlin/resolve/jvm/JdkClassesKt
instanceKlass org/jetbrains/kotlin/resolve/UseSiteTargetsList
instanceKlass org/jetbrains/kotlin/resolve/jvm/JvmBindingContextSlices
instanceKlass org/jetbrains/kotlin/resolve/jvm/RuntimeAssertionsKt
instanceKlass org/jetbrains/kotlin/types/StarProjectionImplKt
instanceKlass org/jetbrains/kotlin/descriptors/annotations/FilteredAnnotations
instanceKlass org/jetbrains/kotlin/types/TypeSubstitutor$2
instanceKlass org/jetbrains/kotlin/types/TypeCapabilitiesKt
instanceKlass org/jetbrains/kotlin/resolve/sam/SamConversionResolverImplKt
instanceKlass org/jetbrains/kotlin/load/java/sam/JavaBasedSamConversionOracle
instanceKlass org/jetbrains/kotlin/load/java/sam/JavaBasedSamConversionResolver
instanceKlass org/jetbrains/kotlin/load/java/sam/JavaSingleAbstractMethodUtils$FunctionInitializer
instanceKlass org/jetbrains/kotlin/load/java/sam/JavaSingleAbstractMethodUtils
instanceKlass org/jetbrains/kotlin/load/java/typeEnhancement/PredefinedFunctionEnhancementInfo
instanceKlass org/jetbrains/kotlin/load/java/typeEnhancement/SignatureEnhancementBuilder$ClassEnhancementBuilder$FunctionEnhancementBuilder
instanceKlass org/jetbrains/kotlin/load/java/typeEnhancement/SignatureEnhancementBuilder$ClassEnhancementBuilder
instanceKlass org/jetbrains/kotlin/load/java/typeEnhancement/SignatureEnhancementBuilder
instanceKlass org/jetbrains/kotlin/load/java/typeEnhancement/PredefinedEnhancementInfoKt
instanceKlass org/jetbrains/kotlin/load/kotlin/MethodSignatureBuildingUtilsKt
instanceKlass org/jetbrains/kotlin/load/kotlin/JvmType$Companion
instanceKlass org/jetbrains/kotlin/load/kotlin/JvmType
instanceKlass org/jetbrains/kotlin/load/kotlin/TypeSignatureMappingKt
instanceKlass org/jetbrains/kotlin/load/kotlin/DescriptorBasedTypeSignatureMappingKt
instanceKlass org/jetbrains/kotlin/load/kotlin/TypeMappingConfigurationImpl
instanceKlass org/jetbrains/kotlin/load/kotlin/TypeMappingConfiguration
instanceKlass org/jetbrains/kotlin/load/kotlin/TypeMappingMode$Companion
instanceKlass org/jetbrains/kotlin/load/kotlin/TypeMappingMode
instanceKlass org/jetbrains/kotlin/load/kotlin/JvmTypeFactoryImpl
instanceKlass org/jetbrains/kotlin/load/kotlin/JvmTypeFactory
instanceKlass org/jetbrains/kotlin/load/kotlin/MethodSignatureMappingKt
instanceKlass org/jetbrains/kotlin/load/java/structure/JavaValueParameter
instanceKlass org/jetbrains/kotlin/util/CheckResult
instanceKlass org/jetbrains/kotlin/util/Checks$3
instanceKlass org/jetbrains/kotlin/util/Checks$4
instanceKlass org/jetbrains/kotlin/util/ReturnsCheck
instanceKlass org/jetbrains/kotlin/util/IsKPropertyCheck
instanceKlass org/jetbrains/kotlin/util/NoDefaultAndVarargsCheck
instanceKlass org/jetbrains/kotlin/util/Checks$2
instanceKlass org/jetbrains/kotlin/util/ValueParameterCountCheck
instanceKlass org/jetbrains/kotlin/util/MemberKindCheck
instanceKlass org/jetbrains/kotlin/util/Check
instanceKlass org/jetbrains/kotlin/util/Checks
instanceKlass org/jetbrains/kotlin/util/AbstractModifierChecks
instanceKlass org/jetbrains/kotlin/load/java/lazy/descriptors/LazyJavaScope$MethodSignatureData
instanceKlass org/jetbrains/kotlin/load/java/lazy/descriptors/LazyJavaScope$ResolvedValueParameters
instanceKlass org/jetbrains/kotlin/load/java/descriptors/JavaMethodDescriptor$2
instanceKlass org/jetbrains/kotlin/load/java/descriptors/JavaMethodDescriptor$1
instanceKlass org/jetbrains/kotlin/types/FlexibleTypeImpl$Companion
instanceKlass org/jetbrains/kotlin/load/java/structure/JavaWildcardType
instanceKlass org/jetbrains/kotlin/load/java/structure/JavaArrayType
instanceKlass com/intellij/util/containers/UnmodifiableHashMap$MyIterator
instanceKlass com/intellij/psi/SyntheticElement
instanceKlass com/intellij/util/containers/UnmodifiableHashMap
instanceKlass com/intellij/psi/impl/PsiSubstitutorImpl$1
instanceKlass com/intellij/psi/impl/PsiSubstitutorImpl
instanceKlass com/intellij/psi/util/PsiUtil$1
instanceKlass com/intellij/psi/impl/source/PsiClassReferenceType$DelegatingClassResolveResult
instanceKlass org/jetbrains/kotlin/load/java/structure/JavaArrayAnnotationArgument
instanceKlass org/jetbrains/kotlin/load/java/structure/JavaEnumValueAnnotationArgument
instanceKlass com/intellij/util/containers/ObjectIntMap
instanceKlass com/intellij/psi/util/ClassUtil
instanceKlass com/intellij/psi/scope/ElementClassFilter$1
instanceKlass com/intellij/psi/meta/PsiMetaOwner
instanceKlass com/intellij/psi/impl/ScopedClassHierarchy$1
instanceKlass com/intellij/psi/impl/ScopedClassHierarchy
instanceKlass com/intellij/psi/impl/PsiClassImplUtil$1
instanceKlass com/intellij/psi/PsiDeconstructionPattern
instanceKlass com/intellij/psi/PsiPrimaryPattern
instanceKlass com/intellij/psi/ServerPageFile
instanceKlass com/intellij/psi/FileResolveScopeProvider
instanceKlass com/intellij/notebook/editor/BackedVirtualFile
instanceKlass com/intellij/psi/search/PsiSearchScopeUtil
instanceKlass com/intellij/codeInsight/completion/scope/JavaCompletionHints
instanceKlass com/intellij/psi/impl/source/resolve/ParameterTypeInferencePolicy
instanceKlass com/intellij/psi/PsiMethodCallExpression
instanceKlass com/intellij/psi/PsiSuperExpression
instanceKlass com/intellij/psi/PsiQualifiedExpression
instanceKlass com/intellij/psi/PsiExpressionList
instanceKlass com/intellij/psi/impl/source/resolve/JavaResolveUtil
instanceKlass com/intellij/psi/impl/source/tree/JavaSourceUtil
instanceKlass com/intellij/psi/impl/source/resolve/ClassResolverProcessor
instanceKlass com/intellij/psi/scope/PsiScopeProcessor$Event$1
instanceKlass com/intellij/psi/JavaResolveResult$1
instanceKlass com/intellij/psi/scope/JavaScopeProcessorEvent
instanceKlass com/intellij/psi/ResolveState
instanceKlass com/intellij/psi/scope/PsiScopeProcessor$Event
instanceKlass com/intellij/psi/scope/util/PsiScopesUtil
instanceKlass com/intellij/psi/scope/conflictResolvers/JavaVariableConflictResolver
instanceKlass com/intellij/psi/scope/PsiConflictResolver
instanceKlass com/intellij/psi/scope/ElementClassFilter
instanceKlass com/intellij/psi/impl/source/tree/java/PsiReferenceExpressionImpl$OurGenericsResolver
instanceKlass com/intellij/psi/PsiConstantEvaluationHelper$AuxEvaluator
instanceKlass com/intellij/psi/impl/JavaConstantExpressionEvaluator$1
instanceKlass com/intellij/psi/PsiWalkingState$PsiTreeGuide
instanceKlass com/intellij/psi/javadoc/PsiInlineDocTag
instanceKlass com/intellij/psi/javadoc/PsiDocTag
instanceKlass com/intellij/psi/PsiPolyadicExpression
instanceKlass com/intellij/psi/PsiPattern
instanceKlass com/intellij/psi/PsiForeachStatementBase
instanceKlass com/intellij/psi/PsiLoopStatement
instanceKlass org/jetbrains/kotlin/load/java/structure/impl/JavaAnnotationArgumentImpl$Factory
instanceKlass org/jetbrains/kotlin/load/java/structure/impl/JavaAnnotationArgumentImpl
instanceKlass org/jetbrains/kotlin/load/java/structure/JavaAnnotationArgument
instanceKlass com/intellij/psi/impl/source/tree/ChildRole
instanceKlass com/intellij/psi/PsiClassObjectAccessExpression
instanceKlass com/intellij/psi/PsiPrefixExpression
instanceKlass com/intellij/psi/PsiUnaryExpression
instanceKlass com/intellij/util/PairFunction
instanceKlass com/intellij/psi/impl/source/tree/java/PsiReferenceExpressionImpl$TypeEvaluator
instanceKlass com/intellij/util/NullableFunction
instanceKlass com/intellij/psi/PsiCallExpression
instanceKlass com/intellij/patterns/ElementPattern
instanceKlass com/intellij/psi/filters/ElementFilter
instanceKlass com/intellij/psi/impl/source/SourceJavaCodeReference
instanceKlass com/intellij/lang/java/parser/BasicOldExpressionParser$1
instanceKlass com/intellij/lang/PsiBuilderUtil
instanceKlass com/intellij/lang/java/parser/BasicReferenceParser$TypeInfo
instanceKlass com/intellij/lang/java/parser/BasicPrattExpressionParser$ParserData
instanceKlass com/intellij/lang/java/parser/BasicPrattExpressionParser$ConditionalExprParser
instanceKlass com/intellij/lang/java/parser/BasicPrattExpressionParser$InstanceofParser
instanceKlass com/intellij/lang/java/parser/BasicPrattExpressionParser$PolyExprParser
instanceKlass com/intellij/lang/java/parser/BasicPrattExpressionParser$AssignmentParser
instanceKlass com/intellij/lang/java/parser/BasicPrattExpressionParser$InfixParser
instanceKlass com/intellij/lang/java/parser/BasicOldExpressionParser
instanceKlass com/intellij/lang/java/parser/BasicPrattExpressionParser
instanceKlass com/intellij/psi/impl/source/WhiteSpaceAndCommentSetHolder$TrailingWhitespacesAndCommentsBinder
instanceKlass com/intellij/psi/impl/source/WhiteSpaceAndCommentSetHolder$PrecedingWhitespacesAndCommentsBinder
instanceKlass com/intellij/psi/impl/source/WhiteSpaceAndCommentSetHolder
instanceKlass com/intellij/lang/java/parser/BasicFileParser
instanceKlass com/intellij/lang/java/parser/BasicPatternParser
instanceKlass com/intellij/lang/java/parser/BasicDeclarationParser
instanceKlass com/intellij/lang/java/parser/BasicExpressionParser
instanceKlass com/intellij/lang/java/parser/BasicReferenceParser
instanceKlass com/intellij/lang/java/parser/BasicModuleParser
instanceKlass com/intellij/lang/java/parser/BasicStatementParser
instanceKlass com/intellij/psi/impl/source/BasicElementTypes
instanceKlass com/intellij/psi/impl/source/AbstractBasicJavaDocElementTypeFactory$JavaDocElementTypeContainer
instanceKlass com/intellij/psi/impl/source/tree/JavaDocElementTypeFactory$SingletonHelper
instanceKlass com/intellij/lang/java/lexer/_JavaLexer
instanceKlass com/intellij/psi/impl/source/AbstractBasicJavaDocElementTypeFactory
instanceKlass com/intellij/psi/impl/source/BasicJavaAstTreeUtil
instanceKlass com/intellij/psi/impl/source/BasicJavaDocElementType
instanceKlass com/intellij/lang/java/parser/BasicJavaParserUtil
instanceKlass com/intellij/psi/impl/source/DummyHolder$DummyHolderTreeLock
instanceKlass com/intellij/psi/impl/source/AbstractBasicJavaElementTypeFactory$JavaElementTypeContainer
instanceKlass com/intellij/psi/impl/source/tree/JavaElementTypeFactory$SingletonHelper
instanceKlass com/intellij/psi/impl/source/AbstractBasicJavaElementTypeFactory
instanceKlass org/jetbrains/kotlin/load/java/components/JavaAnnotationDescriptor
instanceKlass org/jetbrains/kotlin/load/java/JavaDefaultQualifiers
instanceKlass org/jetbrains/kotlin/load/java/JvmAnnotationNamesKt
instanceKlass org/jetbrains/kotlin/load/java/JavaDefaultQualifiersKt
instanceKlass org/jetbrains/kotlin/load/java/lazy/descriptors/LazyJavaAnnotationDescriptor
instanceKlass org/jetbrains/kotlin/load/java/descriptors/PossiblyExternalAnnotationDescriptor
instanceKlass com/intellij/psi/infos/CandidateInfo
instanceKlass com/intellij/psi/PsiDeclarationStatement
instanceKlass com/intellij/psi/impl/compiled/ClsJavaCodeReferenceElementImpl$Resolver
instanceKlass com/intellij/psi/impl/SharedPsiElementImplUtil
instanceKlass org/jetbrains/kotlin/load/java/descriptors/UtilKt
instanceKlass org/jetbrains/kotlin/load/java/structure/JavaLoadingKt
instanceKlass com/intellij/psi/impl/source/ClassReferencePointer$1
instanceKlass com/intellij/psi/impl/source/ClassReferencePointer
instanceKlass com/intellij/psi/PsiNameHelper
instanceKlass com/intellij/psi/PsiReferenceParameterList
instanceKlass com/intellij/psi/impl/source/resolve/ResolveCache$PolyVariantContextResolver
instanceKlass com/intellij/openapi/util/NullableLazyValue
instanceKlass com/intellij/psi/PsiAnnotatedJavaCodeReferenceElement
instanceKlass com/intellij/psi/PsiAnnotationMethod
instanceKlass org/jetbrains/kotlin/resolve/descriptorUtil/DescriptorUtilsKt$WhenMappings
instanceKlass org/jetbrains/kotlin/resolve/scopes/receivers/ClassQualifier
instanceKlass org/jetbrains/kotlin/diagnostics/DiagnosticWithParameters3Marker
instanceKlass org/jetbrains/kotlin/resolve/calls/tower/ErrorCandidate
instanceKlass org/jetbrains/kotlin/resolve/calls/tower/ErrorCandidateFactoryKt$WhenMappings
instanceKlass org/jetbrains/kotlin/resolve/calls/smartcasts/IdentifierInfo$NULL
instanceKlass org/jetbrains/kotlin/resolve/constants/CompileTimeConstantChecker
instanceKlass org/jetbrains/kotlin/resolve/constants/IntegerValueTypeConstant
instanceKlass org/jetbrains/kotlin/resolve/constants/UnsignedErrorValueTypeConstant
instanceKlass org/jetbrains/kotlin/descriptors/annotations/AnnotationsImpl
instanceKlass org/jetbrains/kotlin/resolve/typeBinding/ExplicitTypeBinding
instanceKlass org/jetbrains/kotlin/resolve/typeBinding/TypeBinding
instanceKlass org/jetbrains/kotlin/resolve/typeBinding/TypeBindingKt
instanceKlass org/jetbrains/kotlin/resolve/OverrideResolver$checkOverrideForComponentFunction$1
instanceKlass org/jetbrains/kotlin/utils/SmartSet$SingletonIterator
instanceKlass org/jetbrains/kotlin/resolve/OverridingUtil$OverrideCompatibilityInfo
instanceKlass org/jetbrains/kotlin/resolve/OverridingUtilTypeSystemContext
instanceKlass org/jetbrains/kotlin/resolve/FunctionsFromAny
instanceKlass org/jetbrains/kotlin/resolve/DataClassResolver
instanceKlass org/jetbrains/kotlin/resolve/DataClassDescriptorResolver
instanceKlass org/jetbrains/kotlin/load/java/components/DescriptorResolverUtils$1$1
instanceKlass org/jetbrains/kotlin/load/java/components/DescriptorResolverUtils
instanceKlass org/jetbrains/kotlin/load/java/BuiltinSpecialPropertiesKt
instanceKlass org/jetbrains/kotlin/load/java/BuiltinSpecialProperties
instanceKlass org/jetbrains/kotlin/load/java/SpecialGenericSignatures$Companion$NameAndSignature
instanceKlass org/jetbrains/kotlin/load/java/SpecialGenericSignatures$Companion
instanceKlass org/jetbrains/kotlin/load/java/SpecialGenericSignatures
instanceKlass org/jetbrains/kotlin/resolve/scopes/DescriptorKindExclude
instanceKlass com/intellij/psi/impl/source/Constants
instanceKlass com/intellij/psi/impl/source/tree/ElementType
instanceKlass com/intellij/psi/impl/source/tree/JavaDocElementType
instanceKlass com/intellij/psi/JavaDocTokenType
instanceKlass org/jetbrains/kotlin/load/java/lazy/descriptors/ClassDeclaredMemberIndex
instanceKlass com/intellij/psi/impl/compiled/SignatureParsing$TypeParameterDeclaration
instanceKlass com/intellij/psi/impl/cache/TypeAnnotationContainer
instanceKlass com/intellij/psi/impl/cache/TypeAnnotationContainer$Collector
instanceKlass org/jetbrains/kotlin/load/kotlin/FileBasedKotlinClass$OuterAndInnerName
instanceKlass org/jetbrains/kotlin/descriptors/annotations/AnnotationsKt
instanceKlass org/jetbrains/kotlin/load/java/typeEnhancement/JavaTypeEnhancement$Result
instanceKlass org/jetbrains/kotlin/load/java/typeEnhancement/JavaTypeEnhancement$SimpleResult
instanceKlass org/jetbrains/kotlin/load/java/typeEnhancement/TypeComponentPositionKt
instanceKlass org/jetbrains/kotlin/load/java/typeEnhancement/TypeEnhancementInfo
instanceKlass org/jetbrains/kotlin/load/java/typeEnhancement/JavaTypeQualifiers$Companion
instanceKlass org/jetbrains/kotlin/load/java/typeEnhancement/JavaTypeQualifiers
instanceKlass com/intellij/codeInsight/AnnotationCacheOwnerNormalizer
instanceKlass com/intellij/psi/util/ParameterizedCachedValueProvider
instanceKlass com/intellij/codeInsight/AnnotationUtil
instanceKlass com/intellij/util/IdempotenceChecker
instanceKlass com/intellij/openapi/roots/ProjectRootModificationTracker
instanceKlass com/intellij/openapi/application/BaseActionRunnable
instanceKlass com/intellij/openapi/application/ReadActionProcessor
instanceKlass com/intellij/util/CollectionQuery
instanceKlass com/intellij/util/CommonProcessors$CollectProcessor
instanceKlass com/intellij/util/Processors
instanceKlass com/intellij/psi/impl/file/PsiPackageImpl$PackageAnnotationValueProvider
instanceKlass org/jetbrains/kotlin/load/java/typeEnhancement/AbstractSignatureParts$TypeAndDefaultQualifiers
instanceKlass org/jetbrains/kotlin/load/java/typeEnhancement/AbstractSignatureParts
instanceKlass org/jetbrains/kotlin/load/java/structure/JavaPrimitiveType
instanceKlass org/jetbrains/kotlin/types/ErasureTypeAttributes
instanceKlass org/jetbrains/kotlin/load/java/lazy/types/JavaTypeAttributesKt
instanceKlass org/jetbrains/kotlin/load/java/FakePureImplementationsProvider
instanceKlass org/jetbrains/kotlin/load/java/components/JavaAnnotationMapper
instanceKlass org/jetbrains/kotlin/load/java/structure/impl/source/JavaElementTypeSource
instanceKlass org/jetbrains/kotlin/load/java/structure/impl/JavaClassifierTypeImpl$ResolutionResult
instanceKlass org/jetbrains/kotlin/load/java/structure/impl/JavaClassifierTypeImpl$Companion
instanceKlass com/intellij/psi/PsiTypeVisitor
instanceKlass org/jetbrains/kotlin/load/java/structure/impl/JavaTypeImpl
instanceKlass org/jetbrains/kotlin/load/java/structure/JavaClassifierType
instanceKlass org/jetbrains/kotlin/load/java/structure/JavaType
instanceKlass org/jetbrains/kotlin/load/java/structure/ListBasedJavaAnnotationOwner
instanceKlass com/intellij/psi/PsiClassType$ClassResolveResult$1
instanceKlass com/intellij/psi/impl/source/PsiImmediateClassType$1
instanceKlass com/intellij/psi/EmptySubstitutor$Holder
instanceKlass com/intellij/psi/EmptySubstitutor
instanceKlass com/intellij/psi/PsiClassType$ClassResolveResult
instanceKlass com/intellij/psi/stubs/MaterialStubList$1
instanceKlass java/lang/Character$Subset
instanceKlass com/intellij/psi/impl/compiled/SignatureParsing
instanceKlass com/intellij/psi/impl/compiled/SignatureParsing$CharIterator
instanceKlass com/intellij/psi/stubs/Hash
instanceKlass com/intellij/psi/stubs/StrippedIntOpenHashMap
instanceKlass com/intellij/util/containers/ConcurrentIntObjectHashMap$CollectionView
instanceKlass com/intellij/util/containers/ConcurrentIntObjectHashMap$CounterCell
instanceKlass com/intellij/util/containers/ConcurrentIntObjectHashMap$Node
instanceKlass com/intellij/util/containers/IntObjectMap$Entry
instanceKlass com/intellij/util/containers/ConcurrentIntObjectHashMap
instanceKlass com/intellij/util/Consumer
instanceKlass org/jetbrains/org/objectweb/asm/Type
instanceKlass com/intellij/psi/impl/compiled/StubBuildingVisitor$MethodInfo
instanceKlass org/jetbrains/kotlin/resolve/lazy/ResolveSessionUtils
instanceKlass org/jetbrains/kotlin/name/FqNamesUtilKt$WhenMappings
instanceKlass com/intellij/lang/jvm/types/JvmTypeResolveResult
instanceKlass com/intellij/psi/impl/PsiClassImplUtil$ClassIconRequest
instanceKlass com/intellij/psi/impl/PsiClassImplUtil
instanceKlass org/jetbrains/kotlin/load/java/JavaDescriptorVisibilities
instanceKlass org/jetbrains/kotlin/load/java/UtilsKt
instanceKlass it/unimi/dsi/fastutil/objects/Object2IntOpenHashMap$MapIterator
instanceKlass com/intellij/psi/impl/cache/ModifierFlags
instanceKlass org/jetbrains/kotlin/load/java/structure/impl/JavaElementUtil
instanceKlass org/jetbrains/kotlin/load/java/structure/impl/JavaElementCollectionFromPsiArrayUtil
instanceKlass com/intellij/lang/jvm/types/JvmArrayType
instanceKlass com/intellij/psi/impl/PsiImplUtil
instanceKlass org/jetbrains/kotlin/load/java/lazy/LazyJavaTypeParameterResolver
instanceKlass org/jetbrains/kotlin/load/java/components/JavaSourceElementImpl
instanceKlass org/jetbrains/kotlin/load/java/lazy/descriptors/LazyJavaClassDescriptor$Companion
instanceKlass org/jetbrains/kotlin/asJava/KtLightClassMarker
instanceKlass org/jetbrains/kotlin/load/java/structure/impl/JavaClassImpl$Companion
instanceKlass org/jetbrains/kotlin/load/java/structure/JavaTypeParameter
instanceKlass org/jetbrains/kotlin/load/java/structure/impl/VirtualFileBoundJavaClass
instanceKlass org/jetbrains/kotlin/load/java/structure/impl/JavaModifierListOwnerImpl
instanceKlass org/jetbrains/kotlin/load/java/structure/impl/JavaAnnotationOwnerImpl
instanceKlass com/intellij/psi/impl/source/ClassInnerStuffCache
instanceKlass com/intellij/psi/javadoc/PsiDocComment
instanceKlass com/intellij/psi/PsiDocCommentBase
instanceKlass com/intellij/psi/stubs/StubList$2
instanceKlass com/intellij/psi/stubs/StubSpine
instanceKlass com/intellij/psi/impl/compiled/SignatureParsing$TypeParametersDeclaration
instanceKlass com/intellij/psi/impl/compiled/StubBuildingVisitor$ClassInfo
instanceKlass com/intellij/psi/JavaTokenType
instanceKlass one/util/streamex/StreamContext
instanceKlass java/util/stream/DoubleStream
instanceKlass java/util/stream/LongStream
instanceKlass one/util/streamex/Internals$CloneableSpliterator
instanceKlass one/util/streamex/BaseStreamEx
instanceKlass it/unimi/dsi/fastutil/objects/Object2IntMap$FastEntrySet
instanceKlass it/unimi/dsi/fastutil/objects/AbstractObject2IntFunction
instanceKlass it/unimi/dsi/fastutil/objects/Object2IntMap
instanceKlass it/unimi/dsi/fastutil/objects/Object2IntFunction
instanceKlass java/util/function/ToIntFunction
instanceKlass com/intellij/util/BitUtil
instanceKlass com/intellij/psi/impl/compiled/FirstPassData$ClassEntry
instanceKlass com/intellij/psi/impl/compiled/FirstPassData
instanceKlass org/jetbrains/org/objectweb/asm/RecordComponentVisitor
instanceKlass org/jetbrains/org/objectweb/asm/MethodVisitor
instanceKlass org/jetbrains/org/objectweb/asm/FieldVisitor
instanceKlass com/intellij/psi/impl/compiled/SignatureParsing$TypeInfoProvider
instanceKlass com/intellij/psi/PsiAnonymousClass
instanceKlass com/intellij/psi/impl/source/PsiExtensibleClass
instanceKlass com/intellij/psi/PsiEnumConstant
instanceKlass com/intellij/psi/PsiConstructorCall
instanceKlass com/intellij/psi/PsiCall
instanceKlass com/intellij/lang/jvm/JvmEnumField
instanceKlass com/intellij/psi/impl/compiled/ClsModifierListOwner
instanceKlass com/intellij/psi/impl/PsiVariableEx
instanceKlass com/intellij/util/containers/UnsignedShortArrayList
instanceKlass com/intellij/psi/stubs/MostlyUShortIntList
instanceKlass com/intellij/psi/stubs/StubList$TempState
instanceKlass com/intellij/psi/impl/java/stubs/StubPsiFactory
instanceKlass com/intellij/psi/PsiArrayInitializerMemberValue
instanceKlass com/intellij/psi/impl/compiled/ClsParsingUtil
instanceKlass com/intellij/psi/stubs/StubBuilderType
instanceKlass com/intellij/psi/stubs/StubTreeBuilder
instanceKlass com/intellij/openapi/util/NotNullComputable
instanceKlass com/intellij/util/indexing/PsiDependentFileContent
instanceKlass com/intellij/util/indexing/FileContent
instanceKlass com/intellij/util/indexing/IndexedFile
instanceKlass com/intellij/psi/impl/source/BasicJavaElementType$FrontBackTypeTextElementType$1
instanceKlass com/intellij/lang/java/parser/JavaParserUtil
instanceKlass com/intellij/lang/jvm/types/JvmWildcardType
instanceKlass com/intellij/psi/JavaResolveResult
instanceKlass com/intellij/psi/impl/java/stubs/PsiImportStatementStub
instanceKlass com/intellij/psi/impl/java/stubs/PsiClassReferenceListStub
instanceKlass com/intellij/psi/PsiReferenceList
instanceKlass com/intellij/psi/impl/java/stubs/PsiFieldStub
instanceKlass com/intellij/psi/impl/java/stubs/PsiMethodStub
instanceKlass com/intellij/psi/impl/cache/TypeInfo
instanceKlass com/intellij/psi/impl/java/stubs/PsiClassStub
instanceKlass com/intellij/psi/impl/java/stubs/PsiPackageAccessibilityStatementStub
instanceKlass com/intellij/psi/PsiPackageAccessibilityStatement
instanceKlass com/intellij/psi/PsiRecordHeader
instanceKlass com/intellij/psi/impl/java/stubs/PsiRecordHeaderStub
instanceKlass com/intellij/psi/impl/java/stubs/PsiRecordComponentStub
instanceKlass com/intellij/psi/impl/java/stubs/PsiMemberStub
instanceKlass com/intellij/psi/PsiRecordComponent
instanceKlass com/intellij/psi/impl/java/stubs/PsiProvidesStatementStub
instanceKlass com/intellij/psi/PsiProvidesStatement
instanceKlass com/intellij/psi/impl/java/stubs/PsiUsesStatementStub
instanceKlass com/intellij/psi/PsiUsesStatement
instanceKlass com/intellij/psi/impl/java/stubs/PsiRequiresStatementStub
instanceKlass com/intellij/psi/PsiRequiresStatement
instanceKlass com/intellij/psi/PsiStatement
instanceKlass com/intellij/psi/impl/java/stubs/PsiJavaModuleStub
instanceKlass com/intellij/psi/PsiJavaModule
instanceKlass com/intellij/psi/PsiImportList
instanceKlass com/intellij/psi/impl/java/stubs/PsiImportListStub
instanceKlass com/intellij/psi/PsiClassInitializer
instanceKlass com/intellij/psi/impl/java/stubs/PsiClassInitializerStub
instanceKlass com/intellij/psi/PsiTypeParameterList
instanceKlass com/intellij/psi/impl/java/stubs/PsiTypeParameterListStub
instanceKlass com/intellij/psi/impl/java/stubs/PsiTypeParameterStub
instanceKlass com/intellij/psi/PsiTypeParameter
instanceKlass com/intellij/lang/jvm/JvmTypeParameter
instanceKlass com/intellij/psi/impl/java/stubs/PsiParameterStub
instanceKlass com/intellij/psi/PsiParameterList
instanceKlass com/intellij/psi/impl/java/stubs/PsiParameterListStub
instanceKlass com/intellij/psi/PsiMethodReferenceExpression
instanceKlass com/intellij/psi/PsiLambdaExpression
instanceKlass com/intellij/psi/PsiFunctionalExpression
instanceKlass com/intellij/psi/impl/java/stubs/PsiNameValuePairStub
instanceKlass com/intellij/psi/PsiNameValuePair
instanceKlass com/intellij/lang/jvm/annotation/JvmAnnotationAttribute
instanceKlass com/intellij/psi/PsiAnnotationParameterList
instanceKlass com/intellij/psi/impl/java/stubs/PsiAnnotationParameterListStub
instanceKlass com/intellij/psi/impl/java/stubs/PsiAnnotationStub
instanceKlass com/intellij/psi/tree/ParentAwareTokenSet
instanceKlass com/intellij/psi/impl/source/BasicJavaElementType
instanceKlass com/intellij/psi/impl/java/stubs/PsiModifierListStub
instanceKlass com/intellij/psi/impl/java/stubs/JavaStubElementTypes
instanceKlass com/intellij/psi/tree/ILightLazyParseableElementType
instanceKlass com/intellij/psi/stubs/EmptyStubSerializer
instanceKlass com/intellij/lang/java/parser/BasicJavaParser
instanceKlass com/intellij/psi/impl/source/tree/JavaElementType
instanceKlass com/intellij/psi/impl/compiled/ClsFileImpl$1
instanceKlass com/intellij/psi/impl/compiled/InnerClassSourceStrategy
instanceKlass com/intellij/psi/PsiPackageStatement
instanceKlass com/intellij/psi/tree/ParentProviderElementType
instanceKlass com/intellij/psi/PsiJavaFile
instanceKlass com/intellij/psi/AbstractBasicJavaFile
instanceKlass com/intellij/psi/PsiCompiledFile
instanceKlass com/intellij/psi/PsiCompiledElement
instanceKlass com/intellij/psi/PsiClassOwnerEx
instanceKlass com/intellij/openapi/extensions/impl/ExtensionPointImpl$1
instanceKlass org/jetbrains/kotlin/load/kotlin/KotlinJvmBinaryClass$AnnotationArgumentVisitor
instanceKlass org/jetbrains/kotlin/load/kotlin/header/ReadKotlinClassHeaderAnnotationVisitor
instanceKlass org/jetbrains/kotlin/load/kotlin/KotlinJvmBinaryClass$AnnotationVisitor
instanceKlass org/jetbrains/kotlin/load/kotlin/FileBasedKotlinClass$InnerClassesInfo
instanceKlass org/jetbrains/kotlin/load/kotlin/header/KotlinClassHeader
instanceKlass org/jetbrains/kotlin/load/kotlin/VirtualFileKotlinClass$Factory
instanceKlass org/jetbrains/org/objectweb/asm/AnnotationVisitor
instanceKlass org/jetbrains/kotlin/load/kotlin/FileBasedKotlinClass
instanceKlass org/jetbrains/kotlin/load/kotlin/KotlinBinaryClassCache$RequestCache
instanceKlass org/jetbrains/kotlin/cli/jvm/compiler/KotlinCliJavaFileManagerImpl$WhenMappings
instanceKlass org/jetbrains/kotlin/load/java/lazy/descriptors/LazyJavaPackageScope$KotlinClassLookupResult
instanceKlass com/google/common/collect/NullnessCasts
instanceKlass org/jetbrains/kotlin/resolve/LateinitModifierApplicabilityChecker
instanceKlass org/jetbrains/kotlin/resolve/ModifierCheckerHelpersKt$or$1
instanceKlass org/jetbrains/kotlin/resolve/ModifierCheckerHelpersKt$ifSupported$1
instanceKlass org/jetbrains/kotlin/resolve/ModifierCheckerHelpersKt$always$1
instanceKlass org/jetbrains/kotlin/resolve/TargetAllowedPredicate
instanceKlass org/jetbrains/kotlin/resolve/ModifierCheckerHelpersKt
instanceKlass org/jetbrains/kotlin/resolve/ArrayFqNames
instanceKlass org/jetbrains/kotlin/resolve/CompileTimeConstantUtils
instanceKlass org/jetbrains/kotlin/contracts/model/visitors/InfoCollector
instanceKlass org/jetbrains/kotlin/contracts/description/ContractProviderKey
instanceKlass org/jetbrains/kotlin/contracts/model/structure/CallComputation
instanceKlass org/jetbrains/kotlin/resolve/calls/model/VarargValueArgument
instanceKlass org/jetbrains/kotlin/resolve/calls/model/DefaultValueArgument
instanceKlass org/jetbrains/kotlin/contracts/model/structure/TypesKt
instanceKlass org/jetbrains/kotlin/contracts/ESDataFlowValue
instanceKlass org/jetbrains/kotlin/contracts/model/ESTypeSubstitution$Companion
instanceKlass org/jetbrains/kotlin/contracts/model/ESTypeSubstitution
instanceKlass org/jetbrains/kotlin/contracts/parsing/ContractsDslNames
instanceKlass org/jetbrains/kotlin/contracts/parsing/PsiContractsUtilsKt
instanceKlass org/jetbrains/kotlin/coroutines/CoroutineUtilKt
instanceKlass org/jetbrains/kotlin/resolve/calls/tasks/DynamicCallsKt
instanceKlass org/jetbrains/kotlin/resolve/ImplicitIntegerCoercionKt
instanceKlass org/jetbrains/kotlin/resolve/ImplicitIntegerCoercion
instanceKlass org/jetbrains/kotlin/resolve/calls/model/ArgumentMatchImpl
instanceKlass org/jetbrains/kotlin/resolve/calls/inference/BuilderInferenceUtilKt
instanceKlass org/jetbrains/kotlin/builtins/UnsignedTypes
instanceKlass org/jetbrains/kotlin/resolve/calls/components/UnitTypeConversions
instanceKlass org/jetbrains/kotlin/resolve/calls/components/SuspendTypeConversions
instanceKlass org/jetbrains/kotlin/resolve/calls/components/TypeConversions$ConversionData
instanceKlass org/jetbrains/kotlin/resolve/calls/components/SamTypeConversions
instanceKlass org/jetbrains/kotlin/resolve/calls/components/ParameterTypeConversion
instanceKlass org/jetbrains/kotlin/resolve/calls/components/TypeConversions
instanceKlass org/jetbrains/kotlin/resolve/calls/model/ResolvedCallArgument
instanceKlass org/jetbrains/kotlin/resolve/calls/components/ArgumentsToParametersMapper$CallArgumentProcessor
instanceKlass org/jetbrains/kotlin/resolve/calls/smartcasts/IdentifierInfo$Qualified
instanceKlass org/jetbrains/kotlin/resolve/calls/smartcasts/IdentifierInfo$PackageOrClass
instanceKlass org/jetbrains/kotlin/resolve/scopes/receivers/ImplicitContextReceiver
instanceKlass org/jetbrains/kotlin/load/java/lazy/descriptors/JavaDescriptorUtilKt
instanceKlass kotlin/sequences/TakeWhileSequence$iterator$1
instanceKlass kotlin/sequences/TakeWhileSequence
instanceKlass org/jetbrains/kotlin/resolve/calls/checkers/DslScopeViolationCallChecker$checkCallImplicitReceiver$$inlined$filterIsInstance$1
instanceKlass org/jetbrains/kotlin/resolve/calls/checkers/CoroutineCallCheckerKt
instanceKlass org/jetbrains/kotlin/resolve/scopes/receivers/SuperCallReceiverValue
instanceKlass org/jetbrains/kotlin/types/expressions/LabelResolver
instanceKlass org/jetbrains/kotlin/descriptors/annotations/TargetedAnnotations
instanceKlass org/h2/expression/aggregate/Aggregate$3
instanceKlass java/util/concurrent/ConcurrentLinkedQueue$Itr
instanceKlass org/jetbrains/exposed/dao/EntityChange
instanceKlass org/jetbrains/kotlin/resolve/DescriptorFactory
instanceKlass org/h2/result/SimpleResult
instanceKlass org/h2/result/SimpleResult$Column
instanceKlass org/jetbrains/kotlin/descriptors/annotations/AnnotationSplitter$LazySplitAnnotations
instanceKlass org/jetbrains/kotlin/descriptors/annotations/CompositeAnnotations
instanceKlass org/jetbrains/kotlin/descriptors/annotations/AnnotationSplitter$Companion
instanceKlass org/jetbrains/kotlin/descriptors/annotations/AnnotationSplitter
instanceKlass org/h2/command/CommandContainer$GeneratedKeysCollector
instanceKlass org/h2/result/MergedResult
instanceKlass org/jetbrains/exposed/sql/QueryBuilder$registerArguments$$inlined$sortedBy$1
instanceKlass org/jetbrains/exposed/sql/statements/DefaultValueMarker
instanceKlass org/jetbrains/exposed/sql/ColumnKt
instanceKlass kotlin/comparisons/ComparisonsKt__ComparisonsKt
instanceKlass org/jetbrains/exposed/sql/statements/BaseBatchInsertStatement$_get_arguments_$lambda-9$lambda-7$$inlined$sortedBy$1
instanceKlass kotlin/jvm/internal/TypeIntrinsics
instanceKlass org/jetbrains/exposed/sql/Op$Companion
instanceKlass kotlin/reflect/jvm/internal/KMutableProperty0Impl$$Lambda$0
instanceKlass org/jetbrains/exposed/dao/EntityLifecycleInterceptorKt
instanceKlass org/jetbrains/exposed/sql/Slice
instanceKlass org/javacs/kt/index/Symbol$Visibility$Companion
instanceKlass org/javacs/kt/index/ExtractSymbolVisibility
instanceKlass org/javacs/kt/index/Symbol$Kind$Companion
instanceKlass org/javacs/kt/index/ExtractSymbolKind$WhenMappings
instanceKlass org/javacs/kt/index/ExtractSymbolKind
instanceKlass org/jetbrains/exposed/dao/ReferencesKt
instanceKlass org/jetbrains/exposed/dao/OptionalReference
instanceKlass org/jetbrains/kotlin/descriptors/impl/DeclarationDescriptorVisitorEmptyBodies
instanceKlass org/javacs/kt/semantictokens/SemanticTokensKt$WhenMappings
instanceKlass com/intellij/psi/PsiLiteralExpression
instanceKlass com/intellij/psi/PsiLiteral
instanceKlass org/javacs/kt/semantictokens/SemanticToken
instanceKlass kotlin/sequences/SequencesKt___SequencesKt$asIterable$$inlined$Iterable$1
instanceKlass org/javacs/kt/inlayhints/InlayHintKt
instanceKlass org/javacs/kt/util/PsiUtilsKt
instanceKlass org/javacs/kt/codeaction/quickfix/ImplementAbstractMembersQuickFixKt
instanceKlass org/javacs/kt/codeaction/quickfix/AddMissingImportsQuickFix
instanceKlass org/javacs/kt/codeaction/quickfix/ImplementAbstractMembersQuickFix
instanceKlass org/javacs/kt/codeaction/quickfix/QuickFix
instanceKlass org/javacs/kt/codeaction/CodeActionKt
instanceKlass org/javacs/kt/CompiledFile
instanceKlass org/jetbrains/kotlin/metadata/deserialization/VersionRequirement$Companion
instanceKlass org/jetbrains/kotlin/metadata/deserialization/VersionRequirement
instanceKlass org/jetbrains/kotlin/resolve/calls/checkers/OperatorCallCheckerKt
instanceKlass org/jetbrains/kotlin/psi/VisitorWrappersKt
instanceKlass org/jetbrains/kotlin/descriptors/EffectiveVisibilityUtilsKt$WhenMappings
instanceKlass org/jetbrains/kotlin/descriptors/DescriptorWithRelation
instanceKlass org/jetbrains/kotlin/descriptors/EffectiveVisibility$WhenMappings
instanceKlass org/jetbrains/kotlin/descriptors/EffectiveVisibilityUtilsKt
instanceKlass org/jetbrains/kotlin/resolve/jvm/checkers/RepeatableAnnotationChecker$ResolvedAnnotation
instanceKlass org/jetbrains/kotlin/resolve/checkers/OptInNames
instanceKlass org/jetbrains/kotlin/descriptors/annotations/KotlinTarget$Companion$WhenMappings
instanceKlass org/jetbrains/kotlin/name/StandardClassIds$Annotations
instanceKlass org/jetbrains/kotlin/resolve/multiplatform/OptionalAnnotationUtil
instanceKlass org/jetbrains/kotlin/resolve/checkers/OptionalExpectationChecker
instanceKlass org/jetbrains/kotlin/resolve/checkers/PublishedApiUsageChecker
instanceKlass org/jetbrains/kotlin/resolve/OperatorModifierChecker
instanceKlass org/jetbrains/kotlin/resolve/annotations/AnnotationUtilKt
instanceKlass org/jetbrains/kotlin/resolve/jvm/checkers/BadInheritedJavaSignaturesCheckerKt
instanceKlass org/jetbrains/kotlin/resolve/checkers/SuspendFunctionAsSupertypeChecker$check$$inlined$filterIsInstance$1
instanceKlass org/jetbrains/kotlin/resolve/checkers/ActualClassifierMustHasTheSameMembersAsNonFinalExpectClassifierCheckerKt
instanceKlass org/jetbrains/kotlin/resolve/AnnotationUseSiteTargetChecker
instanceKlass org/jetbrains/kotlin/resolve/NonExpansiveInheritanceRestrictionChecker
instanceKlass org/jetbrains/kotlin/resolve/FiniteBoundRestrictionChecker
instanceKlass org/jetbrains/kotlin/types/SubstitutionUtils
instanceKlass org/jetbrains/kotlin/cfg/ControlFlowInformationProviderImpl$ReturnedExpressionsInfo
instanceKlass org/jetbrains/kotlin/cfg/variable/VariableUseState$Companion
instanceKlass org/jetbrains/kotlin/cfg/variable/VariableControlFlowState$Companion$WhenMappings
instanceKlass org/jetbrains/kotlin/cfg/variable/VariableControlFlowState$Companion
instanceKlass org/jetbrains/kotlin/cfg/variable/VariableControlFlowState
instanceKlass io/vavr/control/Option$Some
instanceKlass org/jetbrains/kotlin/resolve/ImportedFromObjectCallableDescriptor
instanceKlass org/jetbrains/kotlin/descriptors/ModalityUtilsKt
instanceKlass org/jetbrains/kotlin/cfg/ConstructorConsistencyChecker$Companion
instanceKlass org/jetbrains/kotlin/cfg/ConstructorConsistencyChecker
instanceKlass org/jetbrains/kotlin/resolve/calls/smartcasts/DataFlowValueKindUtilsKt
instanceKlass org/jetbrains/kotlin/resolve/calls/smartcasts/IdentifierInfo$Variable
instanceKlass org/jetbrains/kotlin/resolve/calls/tower/CallInfo
instanceKlass org/jetbrains/kotlin/resolve/calls/components/CompletedCallInfo
instanceKlass org/jetbrains/kotlin/resolve/calls/DiagnosticReporterByTrackingStrategy
instanceKlass org/jetbrains/kotlin/resolve/calls/model/DiagnosticReporter
instanceKlass org/jetbrains/kotlin/resolve/calls/tower/TrackingBindingTrace
instanceKlass org/jetbrains/kotlin/load/kotlin/KotlinJvmBinaryPackageSourceElement
instanceKlass org/jetbrains/kotlin/load/kotlin/KotlinJvmBinarySourceElement
instanceKlass org/jetbrains/kotlin/synthetic/SyntheticJavaPropertyDescriptor
instanceKlass org/jetbrains/kotlin/descriptors/SyntheticPropertyDescriptor
instanceKlass org/jetbrains/kotlin/resolve/calls/model/ExpressionValueArgument
instanceKlass org/jetbrains/kotlin/resolve/calls/GenericCandidateResolverKt$EntriesMappings
instanceKlass org/jetbrains/kotlin/resolve/calls/GenericCandidateResolverKt
instanceKlass org/jetbrains/kotlin/serialization/deserialization/descriptors/DeserializedContainerSource
instanceKlass org/jetbrains/kotlin/resolve/calls/checkers/ConstructorHeaderCallCheckerKt
instanceKlass org/jetbrains/kotlin/resolve/calls/checkers/CallCheckerKt
instanceKlass org/jetbrains/kotlin/descriptors/DescriptorUtilKt
instanceKlass org/jetbrains/kotlin/resolve/inline/InlineUtil
instanceKlass org/jetbrains/kotlin/resolve/calls/components/CheckExplicitReceiverKindConsistency$WhenMappings
instanceKlass org/jetbrains/kotlin/resolve/deprecation/DeprecationResolver$DeprecationInfo$Companion
instanceKlass org/jetbrains/kotlin/resolve/deprecation/DescriptorBasedDeprecationInfoKt$DEPRECATED_FUNCTION_KEY$1
instanceKlass org/jetbrains/kotlin/resolve/deprecation/DescriptorBasedDeprecationInfoKt
instanceKlass org/jetbrains/kotlin/resolve/SinceKotlinUtilKt
instanceKlass org/jetbrains/kotlin/resolve/calls/util/IsFromStdlibJre7Or8Kt
instanceKlass org/jetbrains/kotlin/resolve/source/PsiSourceElementKt
instanceKlass org/jetbrains/kotlin/descriptors/DeclarationDescriptorWithNavigationSubstitute
instanceKlass org/jetbrains/kotlin/resolve/DescriptorToSourceUtils
instanceKlass org/jetbrains/kotlin/resolve/OverridingUtil$2
instanceKlass org/jetbrains/kotlin/resolve/OverrideResolver$CollectErrorInformationForInheritedMembersStrategy
instanceKlass org/jetbrains/kotlin/resolve/OverrideResolver$CheckOverrideReportStrategy
instanceKlass org/jetbrains/kotlin/resolve/OverrideResolver$CheckInheritedSignaturesReportStrategy
instanceKlass com/intellij/util/containers/EmptyIterator
instanceKlass com/intellij/util/containers/ContainerUtilRt
instanceKlass org/jetbrains/kotlin/resolve/DelegationResolver$Companion
instanceKlass org/jetbrains/kotlin/resolve/DelegationResolver
instanceKlass org/jetbrains/kotlin/resolve/lazy/descriptors/LazyClassMemberScope$generateDelegatingDescriptors$lazyMemberExtractor$1
instanceKlass org/jetbrains/kotlin/resolve/DelegationResolver$MemberExtractor
instanceKlass org/jetbrains/kotlin/resolve/lazy/descriptors/LazyClassMemberScope$generateDelegatingDescriptors$lazyTypeResolver$1
instanceKlass org/jetbrains/kotlin/resolve/DelegationResolver$TypeResolver
instanceKlass java/util/stream/Sink$ChainedInt
instanceKlass java/util/stream/Sink$OfInt
instanceKlass java/util/stream/IntStream
instanceKlass org/jetbrains/kotlin/descriptors/annotations/AnnotationDescriptor$DefaultImpls
instanceKlass org/jetbrains/kotlin/resolve/PackageFragmentWithCustomSource
instanceKlass org/jetbrains/kotlin/resolve/lazy/descriptors/LazyAnnotationDescriptor$FileDescriptorForVisibilityChecks
instanceKlass org/jetbrains/kotlin/resolve/lazy/descriptors/LazyAnnotationDescriptor
instanceKlass kotlin/sequences/DropWhileSequence$iterator$1
instanceKlass kotlin/sequences/DropWhileSequence
instanceKlass org/jetbrains/kotlin/psi/typeRefHelpers/TypeRefHelpersKt
instanceKlass org/jetbrains/kotlin/resolve/scopes/LexicalScopeStorage$IntList
instanceKlass org/jetbrains/kotlin/resolve/scopes/utils/LexicalScopeWrapper
instanceKlass org/jetbrains/kotlin/resolve/calls/util/UnderscoreUtilKt
instanceKlass org/jetbrains/kotlin/types/AbstractNullabilityChecker
instanceKlass org/jetbrains/kotlin/types/TypeSubstitutionKt
instanceKlass org/jetbrains/kotlin/resolve/jvm/diagnostics/ErrorsJvm$1
instanceKlass org/jetbrains/kotlin/resolve/jvm/diagnostics/ErrorsJvm
instanceKlass org/jetbrains/kotlin/types/AbstractStrictEqualityTypeChecker
instanceKlass org/jetbrains/kotlin/types/checker/StrictEqualityTypeChecker
instanceKlass org/jetbrains/kotlin/resolve/TypeResolver$Companion$WhenMappings
instanceKlass org/jetbrains/kotlin/resolve/PlatformClassesMappedToKotlinChecker
instanceKlass org/jetbrains/kotlin/descriptors/DescriptorVisibilityUtils
instanceKlass org/jetbrains/kotlin/resolve/QualifiedExpressionResolverKt
instanceKlass org/jetbrains/kotlin/descriptors/DescriptorWithDeprecation$Companion
instanceKlass org/jetbrains/kotlin/descriptors/DescriptorWithDeprecation
instanceKlass org/jetbrains/kotlin/psi/KtNamedDeclarationUtil
instanceKlass org/jetbrains/kotlin/resolve/lazy/data/KtClassInfoUtil
instanceKlass com/intellij/injected/editor/DocumentWindow
instanceKlass com/intellij/openapi/editor/impl/FrozenDocument
instanceKlass org/jetbrains/kotlin/resolve/CompositeBindingContext$Companion
instanceKlass org/jetbrains/kotlin/resolve/CompositeBindingContext
instanceKlass org/jetbrains/kotlin/resolve/calls/util/FakeCallableDescriptorForObject
instanceKlass org/jetbrains/kotlin/resolve/checkers/ClassifierUsageCheckerKt
instanceKlass com/google/common/collect/AbstractMapBasedMultimap$KeySet$1
instanceKlass com/google/common/collect/AbstractMapBasedMultimap$Itr
instanceKlass org/jetbrains/kotlin/cfg/UnreachableCodeImpl
instanceKlass org/jetbrains/kotlin/cfg/UnreachableCode
instanceKlass org/jetbrains/kotlin/cfg/pseudocode/PseudoValueImpl
instanceKlass org/jetbrains/kotlin/cfg/pseudocode/PseudoValue
instanceKlass org/jetbrains/kotlin/cfg/pseudocode/instructions/eval/AccessTarget
instanceKlass org/jetbrains/kotlin/cfg/pseudocode/instructions/jumps/JumpInstruction
instanceKlass org/jetbrains/kotlin/cfg/variable/PseudocodeVariablesData$ReadOnlyUseControlFlowInfoImpl
instanceKlass org/jetbrains/kotlin/cfg/pseudocode/PseudocodeUtil
instanceKlass org/jetbrains/kotlin/cfg/ControlFlowInformationProviderImpl$VariableContext
instanceKlass org/jetbrains/kotlin/cfg/pseudocodeTraverser/Edges
instanceKlass org/jetbrains/kotlin/cfg/pseudocode/instructions/eval/InstructionWithReceivers
instanceKlass org/jetbrains/kotlin/cfg/variable/PseudocodeVariablesData$ReadOnlyInitVariableControlFlowInfoImpl
instanceKlass io/vavr/collection/HashSet
instanceKlass org/jetbrains/kotlin/cfg/variable/PseudocodeVariablesData$VariablesForDeclaration
instanceKlass org/jetbrains/kotlin/cfg/variable/BlockScopeVariableInfoImpl
instanceKlass org/jetbrains/kotlin/cfg/variable/BlockScopeVariableInfo
instanceKlass org/jetbrains/kotlin/cfg/variable/PseudocodeVariableDataCollector
instanceKlass org/jetbrains/kotlin/cfg/ControlFlowInfo
instanceKlass org/jetbrains/kotlin/cfg/variable/VariableInitReadOnlyControlFlowInfo
instanceKlass org/jetbrains/kotlin/cfg/ReadOnlyControlFlowInfo
instanceKlass org/jetbrains/kotlin/cfg/variable/PseudocodeVariablesData$Companion
instanceKlass org/jetbrains/kotlin/cfg/variable/PseudocodeVariablesData
instanceKlass org/jetbrains/kotlin/cfg/pseudocodeTraverser/PseudocodeTraverserKt$WhenMappings
instanceKlass org/jetbrains/kotlin/cfg/pseudocodeTraverser/PseudocodeTraverserKt
instanceKlass org/jetbrains/kotlin/cfg/pseudocode/instructions/InstructionVisitor
instanceKlass org/jetbrains/kotlin/cfg/pseudocode/PseudocodeUtilsKt
instanceKlass org/jetbrains/kotlin/cfg/pseudocode/instructions/eval/InstructionWithValue
instanceKlass org/jetbrains/kotlin/cfg/pseudocode/instructions/InstructionImpl
instanceKlass org/jetbrains/kotlin/cfg/pseudocode/instructions/KtElementInstruction
instanceKlass org/jetbrains/kotlin/cfg/pseudocode/instructions/Instruction
instanceKlass org/jetbrains/kotlin/cfg/BlockInfo
instanceKlass org/jetbrains/kotlin/cfg/pseudocode/instructions/BlockScope
instanceKlass org/jetbrains/kotlin/cfg/pseudocode/PseudoValueFactoryImpl
instanceKlass org/jetbrains/kotlin/cfg/pseudocode/PseudoValueFactory
instanceKlass org/jetbrains/kotlin/cfg/pseudocode/PseudocodeLabel
instanceKlass org/jetbrains/kotlin/cfg/Label
instanceKlass com/intellij/util/containers/BidirectionalMap
instanceKlass org/jetbrains/kotlin/cfg/pseudocode/PseudocodeImpl
instanceKlass org/jetbrains/kotlin/cfg/pseudocode/Pseudocode
instanceKlass org/jetbrains/kotlin/cfg/pseudocode/ControlFlowInstructionsGenerator$ControlFlowInstructionsGeneratorWorker
instanceKlass org/jetbrains/kotlin/cfg/ControlFlowBuilderAdapter
instanceKlass org/jetbrains/kotlin/cfg/ControlFlowBuilder
instanceKlass org/jetbrains/kotlin/cfg/ControlFlowProcessor
instanceKlass org/jetbrains/kotlin/cfg/ControlFlowInformationProviderImpl$Companion
instanceKlass org/jetbrains/kotlin/cfg/ControlFlowInformationProviderImpl
instanceKlass org/jetbrains/kotlin/resolve/ObservableBindingTrace$RecordHandler
instanceKlass org/jetbrains/kotlin/contracts/ContextInfoToDataFlowInfoKt
instanceKlass org/jetbrains/kotlin/contracts/model/MutableContextInfo$Companion
instanceKlass org/jetbrains/kotlin/contracts/model/MutableContextInfo
instanceKlass org/jetbrains/kotlin/contracts/model/structure/UNKNOWN_COMPUTATION
instanceKlass org/jetbrains/kotlin/descriptors/deserialization/AdditionalClassPartsProvider$None
instanceKlass org/jetbrains/kotlin/descriptors/deserialization/PlatformDependentDeclarationFilter$NoPlatformDependent
instanceKlass org/jetbrains/kotlin/builtins/DefaultBuiltIns$Companion
instanceKlass org/jetbrains/kotlin/contracts/model/visitors/Reducer
instanceKlass org/jetbrains/kotlin/contracts/model/ESExpressionVisitor
instanceKlass org/jetbrains/kotlin/contracts/EffectSystem$getContextInfoWhen$$inlined$filterIsInstance$1
instanceKlass org/jetbrains/kotlin/contracts/model/structure/ESType
instanceKlass org/jetbrains/kotlin/contracts/description/expressions/BooleanConstantReference$Companion
instanceKlass org/jetbrains/kotlin/contracts/description/expressions/ConstantReference$Companion
instanceKlass org/jetbrains/kotlin/contracts/description/expressions/ConstantReference
instanceKlass org/jetbrains/kotlin/contracts/description/expressions/ContractDescriptionValue
instanceKlass org/jetbrains/kotlin/contracts/description/BooleanExpression
instanceKlass org/jetbrains/kotlin/contracts/description/ContractDescriptionElement
instanceKlass org/jetbrains/kotlin/contracts/model/structure/AbstractESValue
instanceKlass org/jetbrains/kotlin/contracts/model/ESValue
instanceKlass org/jetbrains/kotlin/contracts/model/ESExpression
instanceKlass org/jetbrains/kotlin/contracts/model/Computation
instanceKlass org/jetbrains/kotlin/contracts/model/structure/ESConstants
instanceKlass org/jetbrains/kotlin/contracts/model/ESEffect
instanceKlass org/jetbrains/kotlin/load/java/typeEnhancement/TypeEnhancementUtilsKt
instanceKlass org/jetbrains/kotlin/resolve/jvm/JvmClassName
instanceKlass org/jetbrains/kotlin/load/java/JvmAnnotationNames
instanceKlass org/jetbrains/kotlin/load/java/typeEnhancement/EnhancedTypeAnnotations
instanceKlass org/jetbrains/kotlin/load/java/typeEnhancement/TypeEnhancementKt
instanceKlass org/jetbrains/kotlin/resolve/calls/tower/SimpleTypeArgumentImpl
instanceKlass org/jetbrains/kotlin/resolve/calls/model/SimpleTypeArgument
instanceKlass org/jetbrains/kotlin/resolve/calls/model/TypeArgument
instanceKlass org/jetbrains/kotlin/resolve/calls/inference/model/MutableVariableWithConstraints$WhenMappings
instanceKlass org/jetbrains/kotlin/resolve/calls/inference/components/ResultTypeResolver$sinkIntegerLiteralTypes$$inlined$sortedBy$1
instanceKlass kotlin/collections/builders/MapBuilder$Itr
instanceKlass org/jetbrains/kotlin/resolve/calls/inference/components/VariableFixationFinderKt
instanceKlass org/jetbrains/kotlin/resolve/scopes/receivers/ClassifierQualifier
instanceKlass org/jetbrains/kotlin/resolve/scopes/receivers/TypeParameterQualifier
instanceKlass org/jetbrains/kotlin/resolve/QualifiedExpressionResolveUtilKt
instanceKlass org/jetbrains/kotlin/resolve/calls/tower/KnownResultProcessor
instanceKlass com/intellij/util/AstLoadingFilter
instanceKlass org/jetbrains/kotlin/resolve/calls/CallExpressionElement
instanceKlass org/jetbrains/kotlin/resolve/scopes/receivers/QualifierKt
instanceKlass org/jetbrains/kotlin/resolve/scopes/receivers/PackageQualifier
instanceKlass org/jetbrains/kotlin/resolve/calls/CallExpressionResolver$WhenMappings
instanceKlass org/jetbrains/kotlin/resolve/calls/CallExpressionUnrollerKt
instanceKlass org/jetbrains/kotlin/resolve/ModifierCheckerCore
instanceKlass org/jetbrains/kotlin/types/RawType
instanceKlass org/jetbrains/kotlin/resolve/jvm/RuntimeAssertionsDataFlowExtras
instanceKlass org/jetbrains/kotlin/resolve/jvm/RuntimeAssertionInfo$DataFlowExtras
instanceKlass org/jetbrains/kotlin/resolve/jvm/RuntimeAssertionInfo$Companion
instanceKlass org/jetbrains/kotlin/resolve/jvm/RuntimeAssertionInfo
instanceKlass org/jetbrains/kotlin/resolve/calls/tower/FunctionLiteralTypes
instanceKlass org/jetbrains/kotlin/resolve/calls/tower/FunctionLiteralTypes$ProcessedType
instanceKlass org/jetbrains/kotlin/resolve/calls/CommonSuperTypeUtilsKt
instanceKlass org/jetbrains/kotlin/resolve/calls/NewCommonSuperTypeCalculator
instanceKlass kotlin/collections/builders/ListBuilder$Itr
instanceKlass org/jetbrains/kotlin/resolve/calls/inference/model/NewConstraintMismatch
instanceKlass org/jetbrains/kotlin/types/model/TypeSystemContextHelpersKt
instanceKlass org/jetbrains/kotlin/resolve/calls/inference/components/VariableFixationFinder$WhenMappings
instanceKlass org/jetbrains/kotlin/resolve/calls/model/ResolvedCallAtomsKt
instanceKlass java/util/AbstractList$SubList$1
instanceKlass org/jetbrains/kotlin/utils/SmartList$SingletonIteratorBase
instanceKlass org/jetbrains/kotlin/resolve/calls/inference/model/ConstraintSystemError
instanceKlass org/jetbrains/kotlin/resolve/calls/inference/components/ConstraintContext
instanceKlass org/jetbrains/kotlin/resolve/descriptorUtil/AnnotationsForResolveUtilsKt
instanceKlass org/jetbrains/kotlin/resolve/calls/inference/model/InitialConstraint
instanceKlass org/jetbrains/kotlin/resolve/calls/inference/ConstraintSystemBuilderKt$WhenMappings
instanceKlass org/jetbrains/kotlin/resolve/calls/inference/ConstraintSystemTransaction
instanceKlass org/jetbrains/kotlin/resolve/calls/inference/ConstraintSystemBuilderKt
instanceKlass org/jetbrains/kotlin/types/NotNullTypeParameter
instanceKlass org/jetbrains/kotlin/resolve/calls/components/ArgumentsUtilsKt
instanceKlass org/jetbrains/kotlin/types/checker/NewCapturedTypeConstructor
instanceKlass org/jetbrains/kotlin/types/model/MarkerExtensionsKt
instanceKlass org/jetbrains/kotlin/resolve/calls/components/ReturnArgumentsInfo$Companion
instanceKlass org/jetbrains/kotlin/resolve/calls/components/ReturnArgumentsInfo
instanceKlass org/jetbrains/kotlin/resolve/calls/tower/StubTypesBasedInferenceSession
instanceKlass org/jetbrains/kotlin/types/expressions/FunctionsTypingVisitorKt
instanceKlass org/jetbrains/kotlin/types/CommonSupertypes
instanceKlass org/jetbrains/kotlin/util/vavr/VavrAdaptersKt
instanceKlass org/jetbrains/kotlin/resolve/calls/results/OverloadResolutionResultsUtil
instanceKlass org/jetbrains/kotlin/resolve/calls/results/SingleOverloadResolutionResult$WhenMappings
instanceKlass org/jetbrains/kotlin/resolve/calls/results/AbstractOverloadResolutionResults
instanceKlass org/jetbrains/kotlin/resolve/checkers/MissingDependencySupertypeChecker
instanceKlass org/jetbrains/kotlin/resolve/RecursiveContractHelperKt
instanceKlass org/jetbrains/kotlin/resolve/calls/tower/AbstractInvokeTowerProcessor$VariableInvokeProcessor
instanceKlass org/jetbrains/kotlin/parsing/KotlinParsing$PropertyComponentKind$Collector
instanceKlass org/jetbrains/kotlin/resolve/calls/tower/CandidateApplicabilityKt
instanceKlass org/jetbrains/kotlin/resolve/calls/model/SimpleCandidateFactoryKt
instanceKlass org/jetbrains/kotlin/resolve/calls/model/SimpleCandidateFactory$WhenMappings
instanceKlass org/jetbrains/kotlin/resolve/calls/tower/CandidateWithBoundDispatchReceiver
instanceKlass org/jetbrains/kotlin/resolve/calls/tower/TowerLevelsKt
instanceKlass org/jetbrains/kotlin/resolve/calls/model/ReceiverExpressionKotlinCallArgument$Companion
instanceKlass org/jetbrains/kotlin/resolve/calls/util/CallMaker$ExpressionValueArgument
instanceKlass org/jetbrains/kotlin/resolve/TraceEntryFilter
instanceKlass org/jetbrains/kotlin/resolve/calls/util/CallMaker$CallImpl
instanceKlass org/jetbrains/kotlin/resolve/calls/tower/PSIErrorCallInfo
instanceKlass org/jetbrains/kotlin/resolve/calls/components/ErrorCallInfo
instanceKlass org/jetbrains/kotlin/resolve/calls/util/ResolvedCallUtilKt$WhenMappings
instanceKlass org/jetbrains/kotlin/resolve/calls/model/ArgumentMappingKt
instanceKlass org/jetbrains/kotlin/resolve/calls/tower/NewAbstractResolvedCall$getDataFlowInfoForArguments$1
instanceKlass org/jetbrains/kotlin/resolve/calls/model/ArgumentMatch
instanceKlass org/jetbrains/kotlin/resolve/calls/model/ArgumentUnmapped
instanceKlass org/jetbrains/kotlin/resolve/calls/model/ArgumentMapping
instanceKlass org/jetbrains/kotlin/resolve/calls/model/VariableAsFunctionResolvedCall
instanceKlass org/jetbrains/kotlin/resolve/constants/IntegerLiteralTypeConstructor
instanceKlass org/jetbrains/kotlin/resolve/calls/util/ResolvedCallUtilKt
instanceKlass org/jetbrains/kotlin/resolve/calls/tower/PSIKotlinCallsKt
instanceKlass org/jetbrains/kotlin/resolve/calls/model/TransformableToWarning
instanceKlass org/jetbrains/kotlin/resolve/calls/model/KotlinCallDiagnosticsKt
instanceKlass org/jetbrains/kotlin/resolve/calls/tower/EmptyLabeledReturn
instanceKlass org/jetbrains/kotlin/resolve/calls/model/QualifierReceiverKotlinCallArgument
instanceKlass org/jetbrains/kotlin/resolve/calls/model/ReceiverExpressionKotlinCallArgument
instanceKlass org/jetbrains/kotlin/resolve/calls/tower/ResolvedAtomCompleter
instanceKlass org/jetbrains/kotlin/resolve/calls/tower/ErrorCandidateContext
instanceKlass org/jetbrains/kotlin/resolve/calls/tower/ErrorCandidateFactoryKt
instanceKlass org/jetbrains/kotlin/resolve/calls/tower/PSICallResolver$WhenMappings
instanceKlass org/jetbrains/kotlin/resolve/calls/model/PostponedCallableReferenceMarker
instanceKlass org/jetbrains/kotlin/resolve/calls/model/LambdaWithTypeVariableAsExpectedTypeMarker
instanceKlass org/jetbrains/kotlin/resolve/calls/components/SimpleArgumentsChecksKt
instanceKlass org/jetbrains/kotlin/resolve/calls/model/ExpressionKotlinCallArgument
instanceKlass org/jetbrains/kotlin/types/checker/NewCapturedTypeKt
instanceKlass org/jetbrains/kotlin/resolve/scopes/receivers/QualifierReceiverKt
instanceKlass org/jetbrains/kotlin/resolve/calls/smartcasts/IdentifierInfo$Expression
instanceKlass org/jetbrains/kotlin/resolve/calls/smartcasts/IdentifierInfo$NO
instanceKlass org/jetbrains/kotlin/resolve/calls/smartcasts/IdentifierInfoKt
instanceKlass org/jetbrains/kotlin/resolve/scopes/receivers/ExpressionReceiver$Companion
instanceKlass org/jetbrains/kotlin/resolve/calls/util/PsiUtilsKt
instanceKlass org/jetbrains/kotlin/resolve/AnnotationTargetList
instanceKlass org/jetbrains/kotlin/resolve/AnnotationTargetLists$TargetListBuilder
instanceKlass org/jetbrains/kotlin/descriptors/annotations/KotlinTarget$Companion
instanceKlass org/jetbrains/kotlin/resolve/AnnotationTargetLists
instanceKlass org/jetbrains/kotlin/util/IncrementalTrackerUtilKt
instanceKlass org/jetbrains/kotlin/resolve/constants/ConstantValueFactory
instanceKlass org/jetbrains/kotlin/resolve/constants/CompileTimeConstant$DefaultImpls
instanceKlass org/jetbrains/kotlin/resolve/constants/TypedCompileTimeConstant
instanceKlass org/jetbrains/kotlin/resolve/constants/CompileTimeConstant$Parameters
instanceKlass org/jetbrains/kotlin/resolve/scopes/LexicalWritableScope$Snapshot
instanceKlass org/jetbrains/kotlin/types/expressions/OperatorConventions
instanceKlass org/jetbrains/kotlin/types/expressions/typeInfoFactory/TypeInfoFactoryKt
instanceKlass org/jetbrains/kotlin/resolve/StatementFilterKt
instanceKlass org/jetbrains/kotlin/resolve/FunctionDescriptorUtil
instanceKlass org/jetbrains/kotlin/resolve/checkers/TrailingCommaChecker
instanceKlass org/jetbrains/kotlin/resolve/calls/util/FunctionTypeResolveUtilsKt
instanceKlass org/jetbrains/kotlin/util/AbstractArrayMapOwner$AbstractArrayMapAccessor
instanceKlass org/jetbrains/kotlin/types/TypeAttribute
instanceKlass org/jetbrains/kotlin/types/AnnotationsTypeAttributeKt
instanceKlass org/jetbrains/kotlin/types/AbstractTypeApproximator$ApproximationResult
instanceKlass org/jetbrains/kotlin/types/AbstractTypeApproximator$WhenMappings
instanceKlass org/jetbrains/kotlin/types/model/TypeSystemContextKt$WhenMappings
instanceKlass org/jetbrains/kotlin/types/model/TypeSystemContextKt
instanceKlass org/jetbrains/kotlin/types/TypeWithEnhancement
instanceKlass org/jetbrains/kotlin/types/TypeWithEnhancementKt
instanceKlass org/jetbrains/kotlin/resolve/constants/IntegerValueTypeConstructor
instanceKlass org/jetbrains/kotlin/resolve/calls/inference/CapturedTypeConstructorImpl
instanceKlass org/jetbrains/kotlin/resolve/calls/inference/CapturedTypeConstructor
instanceKlass org/jetbrains/kotlin/types/checker/ClassicTypeCheckerStateKt
instanceKlass org/jetbrains/kotlin/resolve/calls/inference/CapturedTypeConstructorKt
instanceKlass org/jetbrains/kotlin/resolve/scopes/SubstitutingScope
instanceKlass org/jetbrains/kotlin/types/TypeAttributeTranslator$DefaultImpls
instanceKlass org/jetbrains/kotlin/types/TypeAttributesKt
instanceKlass org/jetbrains/kotlin/builtins/functions/FunctionClassKind$Companion
instanceKlass org/jetbrains/kotlin/builtins/functions/FunctionClassDescriptor$Companion
instanceKlass org/jetbrains/kotlin/builtins/FunctionInterfacePackageFragment
instanceKlass org/jetbrains/kotlin/builtins/functions/FunctionTypeKindExtractor$KindWithArity
instanceKlass org/jetbrains/kotlin/builtins/FunctionTypesKt
instanceKlass org/jetbrains/kotlin/resolve/calls/tower/LambdaContextInfo
instanceKlass org/jetbrains/kotlin/resolve/calls/tower/KotlinResolutionCallbacksImpl$LambdaInfo$Companion
instanceKlass org/jetbrains/kotlin/types/typeUtil/TypeUtilsKt
instanceKlass org/jetbrains/kotlin/types/checker/ClassicTypeSystemContextKt
instanceKlass org/jetbrains/kotlin/types/checker/ClassicTypeSystemContext$DefaultImpls
instanceKlass kotlin/collections/builders/SetBuilder$Companion
instanceKlass org/jetbrains/kotlin/resolve/calls/model/ResolutionAtomsKt
instanceKlass org/jetbrains/kotlin/resolve/calls/components/KotlinCallCompleter$WhenMappings
instanceKlass org/jetbrains/kotlin/resolve/calls/components/KotlinCallCompleterKt
instanceKlass org/jetbrains/kotlin/resolve/calls/components/CompletionModeCalculator$Companion
instanceKlass org/jetbrains/kotlin/resolve/calls/components/CompletionModeCalculator
instanceKlass org/jetbrains/kotlin/resolve/KtDescriptorUtilKt
instanceKlass org/jetbrains/kotlin/resolve/calls/inference/components/NewTypeSubstitutorByConstructorMap
instanceKlass org/jetbrains/kotlin/resolve/calls/inference/InferenceUtilsKt
instanceKlass org/jetbrains/kotlin/resolve/calls/tower/ImplicitScopeTowerKt
instanceKlass org/jetbrains/kotlin/resolve/calls/inference/model/MutableVariableWithConstraints
instanceKlass org/jetbrains/kotlin/resolve/calls/inference/model/TypeVariableKt
instanceKlass org/jetbrains/kotlin/resolve/calls/inference/model/TypeVariableTypeConstructor
instanceKlass org/jetbrains/kotlin/resolve/calls/inference/model/NewTypeVariable
instanceKlass org/jetbrains/kotlin/resolve/calls/model/FunctionExpression
instanceKlass org/jetbrains/kotlin/resolve/calls/components/BuiltInsProviderKt
instanceKlass org/jetbrains/kotlin/resolve/calls/components/PostponeArgumentsChecksKt
instanceKlass org/jetbrains/kotlin/utils/SmartList$EmptyIterator
instanceKlass org/jetbrains/kotlin/resolve/calls/components/ResolutionPartsKt
instanceKlass org/jetbrains/kotlin/resolve/calls/components/ReceiverInfo$Companion
instanceKlass org/jetbrains/kotlin/resolve/calls/components/ReceiverInfo
instanceKlass org/jetbrains/kotlin/resolve/calls/inference/components/EmptySubstitutor
instanceKlass org/jetbrains/kotlin/resolve/calls/inference/components/FreshVariableNewTypeSubstitutor$Companion
instanceKlass org/jetbrains/kotlin/resolve/calls/inference/components/FreshVariableNewTypeSubstitutor
instanceKlass org/jetbrains/kotlin/resolve/calls/tower/TowerUtilsKt
instanceKlass com/intellij/psi/impl/source/tree/RecursiveTreeElementWalkingVisitor$ASTTreeGuide
instanceKlass com/intellij/util/WalkingState
instanceKlass com/intellij/util/WalkingState$TreeGuide
instanceKlass com/intellij/psi/impl/source/tree/AstBufferUtil
instanceKlass org/jetbrains/kotlin/psi/debugText/DebugTextUtilKt
instanceKlass org/jetbrains/kotlin/resolve/calls/model/KotlinCallDiagnostic
instanceKlass org/jetbrains/kotlin/resolve/scopes/MemberScope$DefaultImpls
instanceKlass com/google/common/collect/ObjectArrays
instanceKlass org/jetbrains/kotlin/resolve/scopes/ImportingScope$DefaultImpls
instanceKlass com/google/common/collect/PeekingIterator
instanceKlass com/google/common/collect/Iterators
instanceKlass com/google/common/collect/ImmutableMultimap$Builder
instanceKlass org/jetbrains/kotlin/resolve/scopes/HierarchicalScope$DefaultImpls
instanceKlass org/jetbrains/kotlin/resolve/scopes/LexicalScope$DefaultImpls
instanceKlass org/jetbrains/kotlin/cli/jvm/index/JvmDependenciesIndexImpl$WhenMappings
instanceKlass org/jetbrains/kotlin/resolve/AllUnderImportScope$Companion
instanceKlass org/jetbrains/kotlin/utils/CallOnceFunction
instanceKlass org/jetbrains/kotlin/utils/FunctionsKt$ALWAYS_NULL$1
instanceKlass org/jetbrains/kotlin/utils/FunctionsKt
instanceKlass it/unimi/dsi/fastutil/objects/ObjectOpenHashSet$SetIterator
instanceKlass org/jetbrains/kotlin/load/java/structure/JavaAnnotation
instanceKlass org/jetbrains/kotlin/load/java/lazy/LazyJavaAnnotations
instanceKlass org/jetbrains/kotlin/load/java/lazy/LazyJavaAnnotationsKt
instanceKlass org/jetbrains/kotlin/load/java/lazy/descriptors/LazyJavaPackageScope$FindClassRequest
instanceKlass org/jetbrains/kotlin/load/java/lazy/descriptors/DeclaredMemberIndex
instanceKlass org/jetbrains/kotlin/load/java/lazy/descriptors/JvmPackageScope
instanceKlass org/jetbrains/kotlin/utils/DeserializationHelpersKt
instanceKlass org/jetbrains/kotlin/load/java/lazy/ContextKt
instanceKlass org/jetbrains/kotlin/load/java/structure/JavaElementsKt
instanceKlass org/jetbrains/kotlin/load/java/structure/impl/source/JavaElementPsiSource
instanceKlass org/jetbrains/kotlin/load/java/structure/impl/JavaElementImpl
instanceKlass org/jetbrains/kotlin/load/java/structure/impl/source/JavaSourceFactoryOwner
instanceKlass org/jetbrains/kotlin/load/java/structure/MapBasedJavaAnnotationOwner
instanceKlass org/jetbrains/kotlin/load/java/structure/impl/source/JavaElementSourceFactory$Companion
instanceKlass org/jetbrains/kotlin/resolve/scopes/MemberScopeKt
instanceKlass org/jetbrains/kotlin/synthetic/JavaSyntheticPropertiesScope$SyntheticPropertyHolder$Companion
instanceKlass org/jetbrains/kotlin/load/java/JvmAbi
instanceKlass org/jetbrains/kotlin/load/java/PropertiesConventionUtilKt
instanceKlass org/jetbrains/kotlin/resolve/scopes/SyntheticScopesKt
instanceKlass org/jetbrains/kotlin/types/DynamicTypesKt
instanceKlass org/jetbrains/kotlin/utils/addToStdlib/AddToStdlibKt
instanceKlass io/vavr/collection/IteratorModule$EmptyIterator
instanceKlass io/vavr/Tuple2
instanceKlass io/vavr/Tuple
instanceKlass io/vavr/collection/AbstractIterator
instanceKlass io/vavr/collection/List$Nil
instanceKlass io/vavr/collection/List
instanceKlass io/vavr/collection/AbstractQueue
instanceKlass io/vavr/collection/LinearSeq
instanceKlass io/vavr/collection/LinkedHashMap
instanceKlass io/vavr/collection/LinkedHashSet
instanceKlass io/vavr/control/Option$None
instanceKlass io/vavr/control/Option
instanceKlass org/jetbrains/kotlin/types/IntersectionTypeConstructor
instanceKlass org/jetbrains/kotlin/types/model/IntersectionTypeConstructorMarker
instanceKlass org/jetbrains/kotlin/types/checker/NewTypeVariableConstructor
instanceKlass org/jetbrains/kotlin/types/CustomTypeParameter
instanceKlass org/jetbrains/kotlin/types/SpecialTypesKt
instanceKlass org/jetbrains/kotlin/types/FlexibleTypesKt
instanceKlass org/jetbrains/kotlin/resolve/calls/smartcasts/DataFlowValueKt
instanceKlass org/jetbrains/kotlin/resolve/calls/smartcasts/IdentifierInfo$Receiver
instanceKlass org/jetbrains/kotlin/resolve/calls/smartcasts/IdentifierInfo$ERROR
instanceKlass org/jetbrains/kotlin/resolve/calls/smartcasts/IdentifierInfo
instanceKlass org/jetbrains/kotlin/resolve/calls/smartcasts/DataFlowValue$Companion
instanceKlass org/jetbrains/kotlin/resolve/scopes/receivers/AbstractReceiverValue
instanceKlass org/jetbrains/kotlin/resolve/calls/tower/NewResolutionOldInferenceKt
instanceKlass org/jetbrains/kotlin/resolve/scopes/DeprecatedLexicalScope
instanceKlass org/jetbrains/kotlin/resolve/lazy/FileScopeFactory$currentPackageScope$1
instanceKlass org/jetbrains/kotlin/scripting/extensions/ScriptExtraImportsProviderExtension$getExtraImports$lambda$1$$inlined$runReadAction$1
instanceKlass org/jetbrains/kotlin/resolve/calls/tower/TowerResolver$Task$localLevels_delegate$lambda$2$$inlined$filterIsInstance$1
instanceKlass org/jetbrains/kotlin/resolve/calls/tower/AbstractScopeTowerLevel
instanceKlass org/jetbrains/kotlin/psi/KtCommonFileKt
instanceKlass org/jetbrains/kotlin/resolve/descriptorUtil/AnnotationsForResolveKt
instanceKlass org/jetbrains/kotlin/resolve/calls/tower/TowerResolver$Task
instanceKlass org/jetbrains/kotlin/resolve/calls/tower/PrioritizedCompositeScopeTowerProcessor
instanceKlass org/jetbrains/kotlin/resolve/calls/tower/VariableAndObjectScopeTowerProcessor
instanceKlass org/jetbrains/kotlin/resolve/calls/CallTransformer
instanceKlass org/jetbrains/kotlin/resolve/calls/tower/AbstractInvokeTowerProcessor
instanceKlass org/jetbrains/kotlin/resolve/calls/tower/AbstractSimpleScopeTowerProcessor
instanceKlass org/jetbrains/kotlin/resolve/calls/tower/SimpleScopeTowerProcessor
instanceKlass org/jetbrains/kotlin/resolve/calls/tower/ScopeTowerLevel
instanceKlass org/jetbrains/kotlin/resolve/calls/tower/ScopeTowerProcessorsKt
instanceKlass org/jetbrains/kotlin/resolve/calls/tower/PSICallResolver$FactoryProviderForInvoke
instanceKlass org/jetbrains/kotlin/resolve/calls/tower/CandidateFactoryProviderForInvoke
instanceKlass org/jetbrains/kotlin/resolve/calls/model/KotlinCallKt$WhenMappings
instanceKlass org/jetbrains/kotlin/resolve/calls/model/KotlinCallKt
instanceKlass org/jetbrains/kotlin/types/AbstractTypeChecker
instanceKlass org/jetbrains/kotlin/resolve/calls/inference/model/ConstraintStorage$Empty
instanceKlass org/jetbrains/kotlin/resolve/calls/model/SubKotlinCallArgument
instanceKlass org/jetbrains/kotlin/resolve/calls/inference/DescriptorRelatedInferenceUtilsKt
instanceKlass org/jetbrains/kotlin/resolve/calls/inference/model/MutableConstraintStorage
instanceKlass org/jetbrains/kotlin/resolve/calls/inference/NewConstraintSystem
instanceKlass org/jetbrains/kotlin/resolve/calls/components/ClassicTypeSystemContextForCSKt
instanceKlass org/jetbrains/kotlin/resolve/calls/model/SimpleCandidateFactory
instanceKlass org/jetbrains/kotlin/resolve/calls/KotlinCallResolver$WhenMappings
instanceKlass org/jetbrains/kotlin/types/KotlinTypeKt
instanceKlass org/jetbrains/kotlin/psi/KtPsiFactoryKt
instanceKlass org/jetbrains/kotlin/resolve/calls/tower/PSICallResolver$ASTScopeTower
instanceKlass org/jetbrains/kotlin/resolve/calls/tower/PSIKotlinCall
instanceKlass org/jetbrains/kotlin/resolve/calls/model/LambdaKotlinCallArgument
instanceKlass org/jetbrains/kotlin/resolve/calls/tower/NewCallArgumentsKt
instanceKlass org/jetbrains/kotlin/psi/KtPsiUtil$KtExpressionWrapper
instanceKlass org/jetbrains/kotlin/resolve/calls/util/DelegatingCall
instanceKlass org/jetbrains/kotlin/resolve/calls/util/CallUtilKt
instanceKlass org/jetbrains/kotlin/resolve/calls/model/ResolutionPart
instanceKlass org/jetbrains/kotlin/resolve/calls/util/CallResolverUtilKt
instanceKlass org/jetbrains/kotlin/resolve/calls/CallResolver$ResolutionTask
instanceKlass org/jetbrains/kotlin/resolve/calls/tasks/TracingStrategy$1
instanceKlass org/jetbrains/kotlin/resolve/calls/tasks/AbstractTracingStrategy
instanceKlass com/google/common/collect/Lists
instanceKlass org/jetbrains/kotlin/resolve/calls/context/TemporaryResolutionResultsCache
instanceKlass org/jetbrains/kotlin/resolve/DelegatingBindingTrace$MyBindingContext
instanceKlass org/jetbrains/kotlin/resolve/AnalyzingUtils
instanceKlass org/jetbrains/kotlin/resolve/calls/context/TemporaryTraceAndCache
instanceKlass org/jetbrains/kotlin/resolve/calls/util/CallMaker$3
instanceKlass org/jetbrains/kotlin/resolve/calls/util/CallMaker
instanceKlass org/jetbrains/kotlin/resolve/BindingContextUtils
instanceKlass org/jetbrains/kotlin/resolve/scopes/AbstractLocalRedeclarationChecker
instanceKlass org/jetbrains/kotlin/types/expressions/ExpressionTypingUtils
instanceKlass org/jetbrains/kotlin/psi/KtCodeFragmentBase
instanceKlass com/intellij/psi/JavaCodeFragment
instanceKlass com/intellij/psi/PsiCodeFragment
instanceKlass org/jetbrains/kotlin/psi/codeFragmentUtil/CodeFragmentUtilKt
instanceKlass org/jetbrains/kotlin/resolve/calls/context/ResolutionResultsCacheImpl
instanceKlass org/jetbrains/kotlin/resolve/calls/context/ResolutionResultsCache
instanceKlass org/jetbrains/kotlin/resolve/calls/components/InferenceSession$Companion$default$1
instanceKlass org/jetbrains/kotlin/resolve/calls/components/InferenceSession$Companion
instanceKlass org/jetbrains/kotlin/types/expressions/PreliminaryDeclarationVisitor$Companion$topMostNonClassDeclaration$$inlined$filterIsInstance$1
instanceKlass org/jetbrains/kotlin/types/expressions/PreliminaryDeclarationVisitor$Companion
instanceKlass com/google/common/collect/AbstractMapBasedMultimap$AsMap$AsMapIterator
instanceKlass org/jetbrains/kotlin/resolve/lazy/descriptors/ClassResolutionScopesSupportKt
instanceKlass org/jetbrains/kotlin/descriptors/Visibilities
instanceKlass org/jetbrains/kotlin/descriptors/DeserializedDeclarationsFromSupertypeConflictDataKey
instanceKlass org/jetbrains/kotlin/descriptors/CallableDescriptor$UserDataKey
instanceKlass org/jetbrains/kotlin/types/TypeProjectionBase
instanceKlass org/jetbrains/kotlin/types/DisjointKeysUnionTypeSubstitution$Companion
instanceKlass org/jetbrains/kotlin/types/TypeConstructorSubstitution$Companion
instanceKlass org/jetbrains/kotlin/types/DescriptorSubstitutor
instanceKlass org/jetbrains/kotlin/descriptors/impl/FunctionDescriptorImpl$CopyConfiguration
instanceKlass org/jetbrains/kotlin/types/TypeSubstitution$Companion
instanceKlass org/jetbrains/kotlin/types/TypeSubstitution
instanceKlass org/jetbrains/kotlin/resolve/OverridingUtil$4
instanceKlass org/jetbrains/kotlin/resolve/OverridingUtil$8
instanceKlass org/jetbrains/kotlin/resolve/OverridingUtil$5
instanceKlass org/jetbrains/kotlin/descriptors/annotations/Annotations$DefaultImpls
instanceKlass org/jetbrains/kotlin/resolve/jvm/annotations/JvmAnnotationUtilKt
instanceKlass org/jetbrains/kotlin/resolve/InlineClassesUtilsKt
instanceKlass org/jetbrains/kotlin/utils/SmartSet$Companion
instanceKlass org/jetbrains/kotlin/resolve/OverridingStrategy
instanceKlass org/jetbrains/kotlin/descriptors/impl/ValueParameterDescriptorImpl$Companion
instanceKlass org/jetbrains/kotlin/descriptors/impl/ModuleAwareClassDescriptorKt
instanceKlass org/jetbrains/kotlin/util/EmptyArrayMap$iterator$1
instanceKlass org/jetbrains/kotlin/serialization/deserialization/descriptors/DeserializedCallableMemberDescriptor
instanceKlass org/jetbrains/kotlin/serialization/deserialization/descriptors/DeserializedMemberDescriptor
instanceKlass org/jetbrains/kotlin/serialization/deserialization/descriptors/DescriptorWithContainerSource
instanceKlass org/jetbrains/kotlin/name/CallableId$Companion
instanceKlass org/jetbrains/kotlin/name/CallableId
instanceKlass org/jetbrains/kotlin/serialization/deserialization/SuspendFunctionTypeUtilKt
instanceKlass org/jetbrains/kotlin/serialization/deserialization/descriptors/DeserializedMemberScope$OptimizedImplementation$computeDescriptors$1$1
instanceKlass org/jetbrains/kotlin/resolve/MemberComparator$NameAndTypeMemberComparator
instanceKlass org/jetbrains/kotlin/resolve/scopes/ResolutionScope$DefaultImpls
instanceKlass org/jetbrains/kotlin/resolve/scopes/LexicalChainedScope$Companion
instanceKlass org/jetbrains/kotlin/resolve/scopes/LexicalChainedScope
instanceKlass kotlin/collections/ReversedList$listIterator$1
instanceKlass kotlin/jvm/internal/markers/KMutableListIterator
instanceKlass org/jetbrains/kotlin/builtins/CompanionObjectMapping
instanceKlass org/jetbrains/kotlin/builtins/jvm/JavaToKotlinClassMap$PlatformMutabilityMapping
instanceKlass org/jetbrains/kotlin/builtins/jvm/JavaToKotlinClassMap
instanceKlass org/jetbrains/kotlin/load/kotlin/SignatureBuildingComponents
instanceKlass org/jetbrains/kotlin/builtins/jvm/JvmBuiltInsSignatures
instanceKlass org/jetbrains/kotlin/metadata/deserialization/ProtoTypeTableUtilKt
instanceKlass org/jetbrains/kotlin/utils/DFS
instanceKlass org/jetbrains/kotlin/utils/DFS$AbstractNodeHandler
instanceKlass org/jetbrains/kotlin/utils/DFS$NodeHandler
instanceKlass org/jetbrains/kotlin/utils/DFS$VisitedWithSet
instanceKlass org/jetbrains/kotlin/utils/DFS$Visited
instanceKlass org/jetbrains/kotlin/resolve/FindLoopsInSupertypes
instanceKlass org/jetbrains/kotlin/utils/DFS$Neighbors
instanceKlass org/jetbrains/kotlin/storage/SingleThreadValue
instanceKlass java/util/RegularEnumSet$EnumSetIterator
instanceKlass org/jetbrains/kotlin/resolve/scopes/LocalRedeclarationChecker$DO_NOTHING
instanceKlass org/jetbrains/kotlin/resolve/scopes/LexicalScopeImpl$InitializeHandler
instanceKlass kotlin/collections/ReversedListReadOnly$listIterator$1
instanceKlass org/jetbrains/kotlin/resolve/scopes/utils/ScopeUtilsKt
instanceKlass org/jetbrains/kotlin/resolve/bindingContextUtil/BindingContextUtilsKt
instanceKlass org/jetbrains/kotlin/resolve/lazy/FileScopeFactory$FilesScopesBuilder$importResolver$1
instanceKlass org/jetbrains/kotlin/resolve/lazy/LazyImportScope
instanceKlass org/jetbrains/kotlin/resolve/scopes/BaseHierarchicalScope
instanceKlass org/jetbrains/kotlin/resolve/lazy/FileScopeFactory$FilesScopesBuilder$lazyImportingScope$1
instanceKlass org/jetbrains/kotlin/resolve/lazy/FileScopeFactoryKt
instanceKlass org/jetbrains/kotlin/resolve/lazy/LazyImportResolver
instanceKlass org/jetbrains/kotlin/resolve/lazy/IndexedImports
instanceKlass org/jetbrains/kotlin/resolve/lazy/FileScopeFactory$FilesScopesBuilder
instanceKlass org/jetbrains/kotlin/resolve/lazy/FileScopeProviderKt
instanceKlass org/jetbrains/kotlin/resolve/scopes/receivers/ImplicitClassReceiver
instanceKlass org/jetbrains/kotlin/resolve/scopes/receivers/ThisClassReceiver
instanceKlass org/jetbrains/kotlin/resolve/scopes/receivers/ImplicitReceiver
instanceKlass org/jetbrains/kotlin/util/Box
instanceKlass kotlin/collections/builders/ListBuilder$Companion
instanceKlass kotlin/jvm/internal/markers/KMutableList
instanceKlass kotlin/jvm/internal/Ref$IntRef
instanceKlass org/jetbrains/kotlin/scripting/resolve/LazyScriptDescriptor$ImportedScriptDescriptorsFinder
instanceKlass org/jetbrains/kotlin/scripting/resolve/LazyScriptClassMemberScope$Companion
instanceKlass org/jetbrains/kotlin/resolve/lazy/descriptors/LazyClassMemberScope$Companion$EXTRACT_PROPERTIES$1
instanceKlass org/jetbrains/kotlin/resolve/lazy/descriptors/LazyClassMemberScope$Companion$EXTRACT_FUNCTIONS$1
instanceKlass org/jetbrains/kotlin/resolve/lazy/descriptors/LazyClassMemberScope$MemberExtractor
instanceKlass org/jetbrains/kotlin/resolve/lazy/descriptors/LazyClassMemberScope$Companion
instanceKlass org/jetbrains/kotlin/resolve/lazy/ForceResolveUtil
instanceKlass org/jetbrains/kotlin/diagnostics/AbstractDiagnostic
instanceKlass org/jetbrains/kotlin/diagnostics/DiagnosticWithParameters1Marker
instanceKlass org/jetbrains/kotlin/cli/jvm/index/JvmDependenciesIndexImpl$ClassSearchRequest
instanceKlass org/jetbrains/kotlin/cli/jvm/index/JvmDependenciesIndexImpl$ClassSearchResult
instanceKlass org/jetbrains/kotlin/resolve/jvm/KotlinJavaPsiFacade$3
instanceKlass com/intellij/util/containers/IntArrayList
instanceKlass org/jetbrains/kotlin/cli/jvm/compiler/KotlinCliJavaFileManagerImplKt
instanceKlass org/jetbrains/kotlin/resolve/jvm/KotlinSafeClassFinder
instanceKlass com/intellij/util/containers/ImmutableList$Itr
instanceKlass org/jetbrains/kotlin/resolve/jvm/KotlinJavaPsiFacade$CliFinder
instanceKlass com/intellij/openapi/vfs/CompactVirtualFileSet$3
instanceKlass com/intellij/util/containers/SequenceIterator
instanceKlass org/jetbrains/kotlin/resolve/jvm/KotlinJavaPsiFacade$PackageCache
instanceKlass org/jetbrains/kotlin/progress/ProgressIndicatorAndCompilationCanceledStatus
instanceKlass org/jetbrains/kotlin/resolve/ResolutionAnchorProviderKt
instanceKlass org/jetbrains/kotlin/descriptors/FindClassInModuleKt
instanceKlass kotlin/script/experimental/util/PropertiesCollection$PropertyKeyCopyDelegate
instanceKlass kotlin/script/experimental/util/PropertiesCollection$Companion$keyCopy$1
instanceKlass kotlin/script/experimental/jvm/JvmScriptingHostConfigurationBuilder$Companion
instanceKlass kotlin/script/experimental/jvm/JvmScriptingHostConfigurationKeys
instanceKlass kotlin/script/experimental/jvm/JvmScriptCompilationKt
instanceKlass kotlin/script/experimental/jvm/impl/BridgeDependenciesResolverKt
instanceKlass org/jetbrains/kotlin/scripting/resolve/ScriptCompilationConfigurationWrapper
instanceKlass kotlin/script/experimental/api/ResultWithDiagnostics
instanceKlass kotlin/script/experimental/api/ErrorHandlingKt
instanceKlass kotlin/script/experimental/api/ScriptDataKt
instanceKlass kotlin/script/experimental/api/ScriptCollectedData$Companion
instanceKlass kotlin/script/experimental/api/ScriptCollectedDataKeys
instanceKlass com/intellij/util/text/ByteArrayCharSequence
instanceKlass com/intellij/openapi/editor/impl/DocumentImpl$1
instanceKlass java/beans/PropertyChangeListener
instanceKlass java/beans/ChangeListenerMap
instanceKlass java/beans/PropertyChangeSupport
instanceKlass it/unimi/dsi/fastutil/longs/LongSet
instanceKlass it/unimi/dsi/fastutil/longs/LongCollection
instanceKlass it/unimi/dsi/fastutil/longs/LongIterable
instanceKlass com/intellij/openapi/editor/impl/RedBlackTree$Node
instanceKlass com/intellij/openapi/editor/ex/PrioritizedDocumentListener$1
instanceKlass com/intellij/openapi/editor/ex/PrioritizedDocumentListener
instanceKlass com/intellij/openapi/editor/ex/DocumentEx$1
instanceKlass com/intellij/openapi/fileEditor/impl/LoadTextUtil
instanceKlass com/intellij/openapi/application/AccessToken
instanceKlass com/intellij/openapi/project/ProjectLocatorKt
instanceKlass com/intellij/openapi/project/ProjectLocator$Companion
instanceKlass com/intellij/openapi/project/ProjectLocator
instanceKlass org/jetbrains/kotlin/scripting/resolve/RefineCompilationConfigurationKt$refineScriptCompilationConfiguration$$inlined$runReadAction$1
instanceKlass org/jetbrains/kotlin/scripting/resolve/RefineCompilationConfigurationKt
instanceKlass kotlin/script/experimental/jvm/util/JvmClasspathUtilKt
instanceKlass java/io/FileFilter
instanceKlass kotlin/script/experimental/jvm/impl/PathUtilKt
instanceKlass kotlin/sequences/SequenceScope
instanceKlass org/jetbrains/kotlin/scripting/definitions/CachingSequence$CachingIterator
instanceKlass org/jetbrains/kotlin/scripting/definitions/CachingSequence
instanceKlass kotlin/script/experimental/host/FileBasedScriptSource
instanceKlass kotlin/script/experimental/api/ExternalSourceCode
instanceKlass kotlin/script/experimental/api/SourceCode
instanceKlass org/jetbrains/kotlin/scripting/definitions/DefinitionsKt
instanceKlass org/jetbrains/kotlin/scripting/resolve/LazyScriptDescriptor$ConstructorWithParams
instanceKlass org/jetbrains/kotlin/scripting/definitions/ScriptPriorities
instanceKlass org/jetbrains/kotlin/resolve/source/KotlinSourceElement
instanceKlass org/jetbrains/kotlin/resolve/source/PsiSourceElement
instanceKlass org/jetbrains/kotlin/resolve/scopes/utils/ErrorLexicalScope
instanceKlass org/jetbrains/kotlin/resolve/lazy/descriptors/ClassResolutionScopesSupport$Companion
instanceKlass org/jetbrains/kotlin/resolve/lazy/descriptors/ClassResolutionScopesSupport
instanceKlass org/jetbrains/kotlin/resolve/lazy/data/KtClassOrObjectInfo
instanceKlass org/jetbrains/kotlin/resolve/source/KotlinSourceElementKt
instanceKlass org/jetbrains/kotlin/descriptors/ScriptDescriptor
instanceKlass org/jetbrains/kotlin/resolve/lazy/data/KtScriptInfo
instanceKlass com/google/common/collect/LinkedHashMultimap$ValueSet$1
instanceKlass com/google/common/collect/AbstractMapBasedMultimap$WrappedCollection$WrappedIterator
instanceKlass com/google/common/collect/ListMultimap
instanceKlass org/jetbrains/kotlin/storage/LockBasedStorageManager$KeyWithComputation
instanceKlass org/jetbrains/kotlin/resolve/lazy/declarations/AbstractPsiBasedDeclarationProvider$Index
instanceKlass org/jetbrains/kotlin/resolve/lazy/declarations/AbstractPsiBasedDeclarationProvider
instanceKlass org/jetbrains/kotlin/psi/KtSimpleNameExpressionImpl$Companion
instanceKlass org/jetbrains/kotlin/psi/psiUtil/PsiUtilsKt$siblings$1$iterator$1
instanceKlass org/jetbrains/kotlin/psi/psiUtil/PsiUtilsKt$siblings$1
instanceKlass com/google/common/collect/LinkedHashMultimap$ValueSetLink
instanceKlass org/jetbrains/kotlin/incremental/KotlinLookupLocation$cachedLocation$2$1
instanceKlass org/jetbrains/kotlin/incremental/components/LocationInfo
instanceKlass com/intellij/psi/impl/source/resolve/FileContextUtil
instanceKlass org/jetbrains/kotlin/name/NameUtils
instanceKlass com/intellij/openapi/util/io/FileUtil$2
instanceKlass com/intellij/openapi/util/io/FileUtil$1
instanceKlass com/intellij/openapi/util/io/FileUtilRt$SymlinkResolver
instanceKlass gnu/trove/TObjectHashingStrategy
instanceKlass gnu/trove/Equality
instanceKlass org/jetbrains/kotlin/load/kotlin/PackagePartClassUtils
instanceKlass org/jetbrains/kotlin/fileClasses/JvmSimpleFileClassInfo
instanceKlass org/jetbrains/kotlin/fileClasses/JvmFileClassInfo
instanceKlass org/jetbrains/kotlin/fileClasses/JvmFileClassUtil
instanceKlass com/intellij/psi/util/CachedValueProfiler$Overhead
instanceKlass com/intellij/psi/util/CachedValueProfiler$ThreadContext
instanceKlass com/intellij/psi/util/CachedValueProfiler$GlobalContext
instanceKlass com/intellij/psi/util/CachedValueProfiler$EventPlace
instanceKlass com/intellij/psi/util/CachedValueProfiler
instanceKlass com/intellij/openapi/util/RecursionManager$StackFrame
instanceKlass com/intellij/openapi/util/RecursionManager$MyKey
instanceKlass com/intellij/util/CachedValueBase$Data
instanceKlass com/intellij/openapi/util/Computable
instanceKlass com/intellij/util/CachedValueLeakChecker
instanceKlass com/intellij/psi/util/CachedValuesManager$1
instanceKlass org/jetbrains/kotlin/fileClasses/JvmFileClassUtilKt
instanceKlass org/jetbrains/kotlin/psi/psiUtil/PsiUtilsKt
instanceKlass com/intellij/psi/search/PsiElementProcessor$CollectElements
instanceKlass com/intellij/psi/search/PsiElementProcessor$FindElement
instanceKlass com/intellij/psi/search/PsiElementProcessor
instanceKlass com/intellij/psi/util/PsiTreeUtil
instanceKlass org/jetbrains/kotlin/util/slicedMap/OpenAddressLinearProbingHashTableKt
instanceKlass org/jetbrains/kotlin/util/slicedMap/OpenAddressLinearProbingHashTable$Companion
instanceKlass com/google/common/collect/Sets
instanceKlass org/jetbrains/kotlin/resolve/FilePreprocessorKt
instanceKlass org/jetbrains/kotlin/psi/KtStubbedPsiUtil
instanceKlass org/jetbrains/kotlin/parsing/BindAll
instanceKlass org/jetbrains/kotlin/parsing/AllCommentsBinder
instanceKlass org/jetbrains/kotlin/parsing/KotlinWhitespaceAndCommentsBindersKt
instanceKlass org/jetbrains/kotlin/parsing/DoNotBindAnything
instanceKlass org/jetbrains/kotlin/parsing/BindFirstShebangWithWhitespaceOnly
instanceKlass org/jetbrains/kotlin/lexer/_JetLexer$State
instanceKlass org/jetbrains/kotlin/util/slicedMap/Slices$SliceBuilder
instanceKlass org/jetbrains/kotlin/util/slicedMap/SetSlice$Companion
instanceKlass org/jetbrains/kotlin/util/slicedMap/RewritePolicy$1
instanceKlass org/jetbrains/kotlin/resolve/BindingContext$1
instanceKlass com/google/common/collect/Platform
instanceKlass com/google/common/collect/Multiset
instanceKlass com/google/common/collect/AbstractMultimap
instanceKlass com/google/common/collect/SetMultimap
instanceKlass com/google/common/collect/Maps$EntryTransformer
instanceKlass com/google/common/base/Converter
instanceKlass com/google/common/collect/SortedMapDifference
instanceKlass com/google/common/collect/MapDifference
instanceKlass com/google/common/base/Function
instanceKlass com/google/common/collect/Maps
instanceKlass io/vavr/collection/HashArrayMappedTrieModule$AbstractNode
instanceKlass io/vavr/collection/HashArrayMappedTrie
instanceKlass io/vavr/collection/Set
instanceKlass io/vavr/collection/Seq
instanceKlass io/vavr/collection/Iterator
instanceKlass io/vavr/collection/HashMap
instanceKlass io/vavr/collection/Map
instanceKlass io/vavr/collection/Traversable
instanceKlass io/vavr/collection/Foldable
instanceKlass io/vavr/Value
instanceKlass io/vavr/PartialFunction
instanceKlass io/vavr/Function1
instanceKlass org/jetbrains/kotlin/resolve/calls/smartcasts/DataFlowInfoImpl$Companion
instanceKlass org/jetbrains/kotlin/resolve/calls/smartcasts/DataFlowInfoImpl
instanceKlass org/jetbrains/kotlin/resolve/calls/smartcasts/DataFlowInfoFactory
instanceKlass org/jetbrains/kotlin/resolve/calls/smartcasts/DataFlowInfo$Companion
instanceKlass org/jetbrains/kotlin/library/metadata/impl/KlibResolvedModuleDescriptorsFactoryImpl$Companion
instanceKlass org/jetbrains/kotlin/library/metadata/impl/KlibResolvedModuleDescriptorsFactoryImpl
instanceKlass org/jetbrains/kotlin/library/metadata/KlibResolvedModuleDescriptorsFactory
instanceKlass org/jetbrains/kotlin/library/metadata/impl/KlibMetadataModuleDescriptorFactoryImpl
instanceKlass org/jetbrains/kotlin/library/metadata/KlibMetadataModuleDescriptorFactory
instanceKlass org/jetbrains/kotlin/library/metadata/impl/KlibMetadataDeserializedPackageFragmentsFactoryImpl
instanceKlass org/jetbrains/kotlin/library/metadata/KlibMetadataDeserializedPackageFragmentsFactory
instanceKlass org/jetbrains/kotlin/library/metadata/impl/KlibModuleDescriptorFactoryImpl
instanceKlass org/jetbrains/kotlin/library/metadata/KlibModuleDescriptorFactory
instanceKlass org/jetbrains/kotlin/library/metadata/NullFlexibleTypeDeserializer
instanceKlass org/jetbrains/kotlin/library/metadata/KlibMetadataFactories
instanceKlass org/jetbrains/kotlin/cli/jvm/compiler/TopDownAnalyzerFacadeForJVMKt
instanceKlass org/jetbrains/kotlin/load/kotlin/incremental/IncrementalPackagePartProvider
instanceKlass org/jetbrains/kotlin/cli/jvm/config/ClassicFrontendSpecificJvmConfigurationKeys
instanceKlass org/jetbrains/kotlin/resolve/CodeAnalyzerInitializer$Companion
instanceKlass org/jetbrains/kotlin/resolve/calls/inference/ConstraintSystemBuilderImpl$Companion
instanceKlass org/jetbrains/kotlin/resolve/calls/inference/ConstraintSystemBuilderImpl
instanceKlass org/jetbrains/kotlin/resolve/calls/results/FlatSignatureForResolvedCallKt
instanceKlass org/jetbrains/kotlin/resolve/calls/CallExpressionResolver$Companion
instanceKlass org/jetbrains/kotlin/builtins/jvm/JvmBuiltInsPackageFragmentProvider$Companion
instanceKlass org/jetbrains/kotlin/resolve/jvm/TopPackageNamesProvider
instanceKlass org/jetbrains/kotlin/serialization/deserialization/JvmEnumEntriesDeserializationSupport
instanceKlass org/jetbrains/kotlin/metadata/jvm/JvmProtoBuf$JvmFieldSignatureOrBuilder
instanceKlass org/jetbrains/kotlin/metadata/jvm/JvmProtoBuf$JvmPropertySignatureOrBuilder
instanceKlass org/jetbrains/kotlin/metadata/jvm/JvmProtoBuf$JvmMethodSignatureOrBuilder
instanceKlass org/jetbrains/kotlin/metadata/jvm/JvmProtoBuf
instanceKlass org/jetbrains/kotlin/metadata/jvm/deserialization/JvmProtoBufUtil
instanceKlass org/jetbrains/kotlin/load/kotlin/JavaFlexibleTypeDeserializer
instanceKlass org/jetbrains/kotlin/load/kotlin/DeserializationComponentsForJava$Companion
instanceKlass org/jetbrains/kotlin/load/kotlin/AbstractBinaryClassAnnotationLoader$Companion
instanceKlass org/jetbrains/kotlin/types/TypeParameterUpperBoundEraser$DataToEraseUpperBound
instanceKlass org/jetbrains/kotlin/types/TypeParameterErasureOptions
instanceKlass org/jetbrains/kotlin/types/TypeParameterUpperBoundEraser$Companion
instanceKlass org/jetbrains/kotlin/types/TypeParameterUpperBoundEraser
instanceKlass org/jetbrains/kotlin/types/ErasureProjectionComputer
instanceKlass org/jetbrains/kotlin/load/java/lazy/types/JavaTypeResolver
instanceKlass org/jetbrains/kotlin/load/java/lazy/TypeParameterResolver$EMPTY
instanceKlass org/jetbrains/kotlin/load/java/lazy/TypeParameterResolver
instanceKlass org/jetbrains/kotlin/load/java/components/TraceBasedErrorReporter$Companion
instanceKlass org/jetbrains/kotlin/metadata/jvm/deserialization/JvmMetadataVersion$Companion
instanceKlass org/jetbrains/kotlin/load/kotlin/header/KotlinClassHeader$Kind$Companion
instanceKlass org/jetbrains/kotlin/load/kotlin/DeserializedDescriptorResolver$Companion
instanceKlass org/jetbrains/kotlin/util/slicedMap/Slices$2
instanceKlass org/jetbrains/kotlin/util/slicedMap/Slices$1
instanceKlass org/jetbrains/kotlin/util/slicedMap/RewritePolicy
instanceKlass org/jetbrains/kotlin/util/slicedMap/Slices
instanceKlass org/jetbrains/kotlin/load/java/components/FilesByFacadeFqNameIndexer$Companion
instanceKlass com/intellij/util/SmartFMap
instanceKlass org/jetbrains/kotlin/resolve/ObservableBindingTrace
instanceKlass org/jetbrains/kotlin/resolve/ShadowedExtensionChecker
instanceKlass org/jetbrains/kotlin/descriptors/EffectiveVisibility
instanceKlass org/jetbrains/kotlin/resolve/ExposedVisibilityChecker
instanceKlass org/jetbrains/kotlin/resolve/DeclarationsChecker$Companion
instanceKlass org/jetbrains/kotlin/resolve/VarianceCheckerCore$Companion
instanceKlass org/jetbrains/kotlin/resolve/VarianceCheckerCore
instanceKlass org/jetbrains/kotlin/idea/MainFunctionDetector$Companion
instanceKlass org/jetbrains/kotlin/resolve/OverrideResolver$Companion
instanceKlass org/jetbrains/kotlin/load/java/AbstractAnnotationTypeQualifierResolver$Companion
instanceKlass org/jetbrains/kotlin/resolve/VariableTypeAndInitializerResolver$Companion
instanceKlass org/jetbrains/kotlin/resolve/checkers/ResolutionWithStubTypesChecker
instanceKlass org/jetbrains/kotlin/types/checker/SimpleClassicTypeSystemContext
instanceKlass org/jetbrains/kotlin/resolve/checkers/PassingProgressionAsCollectionCallChecker
instanceKlass org/jetbrains/kotlin/resolve/calls/checkers/CallCheckerWithAdditionalResolve
instanceKlass org/jetbrains/kotlin/resolve/calls/components/NewOverloadingConflictResolver$Companion
instanceKlass org/jetbrains/kotlin/resolve/calls/inference/components/KotlinConstraintSystemCompleter$Companion
instanceKlass org/jetbrains/kotlin/resolve/calls/inference/components/PostponedArgumentInputTypesResolver$Companion
instanceKlass org/jetbrains/kotlin/resolve/calls/tower/KotlinToResolvedCallTransformer$Companion
instanceKlass org/jetbrains/kotlin/resolve/calls/results/OverloadingConflictResolver$SpecificityComparisonWithNumerics$1
instanceKlass org/jetbrains/kotlin/resolve/calls/results/SpecificityComparisonCallbacks
instanceKlass org/jetbrains/kotlin/resolve/calls/results/OverloadingConflictResolver$resolvedCallHashingStrategy$1
instanceKlass org/jetbrains/kotlin/resolve/calls/components/CallableReferenceOverloadConflictResolver$Companion
instanceKlass org/jetbrains/kotlin/resolve/calls/inference/components/TrivialConstraintTypeInferenceOracle$Companion
instanceKlass org/jetbrains/kotlin/types/AbstractTypeApproximator$Companion
instanceKlass org/jetbrains/kotlin/types/expressions/DoubleColonExpressionResolver$Companion
instanceKlass org/jetbrains/kotlin/resolve/calls/smartcasts/SmartCastManager$Companion
instanceKlass org/jetbrains/kotlin/resolve/StatementFilter$Companion
instanceKlass org/jetbrains/kotlin/resolve/AnnotationChecker$Companion
instanceKlass org/jetbrains/kotlin/resolve/lazy/FileScopeFactory$DefaultImportImpl
instanceKlass org/jetbrains/kotlin/util/collectionUtils/ScopeUtilsKt
instanceKlass org/jetbrains/kotlin/builtins/jvm/CloneableClassScope$Companion
instanceKlass org/jetbrains/kotlin/descriptors/TypeParameterUtilsKt
instanceKlass org/jetbrains/kotlin/incremental/UtilsKt
instanceKlass org/jetbrains/kotlin/serialization/deserialization/descriptors/DeserializedClassDescriptor$EnumEntryClassDescriptors
instanceKlass org/jetbrains/kotlin/builtins/functions/FunctionTypeKindExtractor$Companion
instanceKlass org/jetbrains/kotlin/builtins/functions/FunctionTypeKindExtractor
instanceKlass org/jetbrains/kotlin/serialization/deserialization/descriptors/DeserializedAnnotations
instanceKlass org/jetbrains/kotlin/descriptors/impl/AbstractTypeParameterDescriptor$2
instanceKlass org/jetbrains/kotlin/descriptors/impl/AbstractTypeParameterDescriptor$1
instanceKlass org/jetbrains/kotlin/descriptors/SupertypeLoopChecker$EMPTY
instanceKlass org/jetbrains/kotlin/descriptors/ValueClassRepresentation
instanceKlass org/jetbrains/kotlin/descriptors/ScopesHolderForClass$Companion
instanceKlass org/jetbrains/kotlin/descriptors/ScopesHolderForClass
instanceKlass org/jetbrains/kotlin/metadata/deserialization/VersionSpecificBehaviorKt
instanceKlass org/jetbrains/kotlin/serialization/deserialization/ProtoEnumFlagsUtilsKt$WhenMappings
instanceKlass org/jetbrains/kotlin/serialization/deserialization/ProtoEnumFlagsUtilsKt
instanceKlass org/jetbrains/kotlin/serialization/deserialization/ProtoEnumFlags$WhenMappings
instanceKlass org/jetbrains/kotlin/metadata/ProtoBuf$MemberKind$1
instanceKlass org/jetbrains/kotlin/metadata/ProtoBuf$Class$Kind$1
instanceKlass org/jetbrains/kotlin/metadata/ProtoBuf$Modality$1
instanceKlass org/jetbrains/kotlin/metadata/ProtoBuf$Visibility$1
instanceKlass org/jetbrains/kotlin/metadata/deserialization/Flags$FlagField
instanceKlass org/jetbrains/kotlin/metadata/deserialization/Flags
instanceKlass org/jetbrains/kotlin/serialization/deserialization/ProtoEnumFlags
instanceKlass org/jetbrains/kotlin/descriptors/DeserializedDescriptor
instanceKlass org/jetbrains/kotlin/resolve/scopes/ChainedMemberScope$Companion
instanceKlass org/jetbrains/kotlin/resolve/scopes/ChainedMemberScope
instanceKlass org/jetbrains/kotlin/descriptors/PackageFragmentProviderKt
instanceKlass org/jetbrains/kotlin/resolve/scopes/MemberScope$Companion
instanceKlass org/jetbrains/kotlin/resolve/scopes/DescriptorKindFilter$Companion$MaskToName
instanceKlass org/jetbrains/kotlin/resolve/scopes/DescriptorKindFilter$Companion
instanceKlass org/jetbrains/kotlin/resolve/scopes/DescriptorKindFilter
instanceKlass org/jetbrains/kotlin/resolve/scopes/AbstractScopeAdapter
instanceKlass org/jetbrains/kotlin/resolve/TypeResolver$Companion
instanceKlass org/jetbrains/kotlin/resolve/QualifiedExpressionResolver$Companion
instanceKlass org/jetbrains/kotlin/resolve/constants/evaluate/ConstantExpressionEvaluator$Companion$ExperimentalityDiagnostic1
instanceKlass org/jetbrains/kotlin/resolve/constants/evaluate/ConstantExpressionEvaluator$Companion
instanceKlass org/jetbrains/kotlin/util/CounterWithExclude$Companion
instanceKlass org/jetbrains/kotlin/util/ReenterableCounter$Companion
instanceKlass org/jetbrains/kotlin/container/MethodBinding
instanceKlass org/jetbrains/kotlin/resolve/lazy/descriptors/LazyAnnotations
instanceKlass org/jetbrains/kotlin/resolve/lazy/ResolveSession$1
instanceKlass org/jetbrains/kotlin/storage/LockBasedLazyResolveStorageManager$LockProtectedContext
instanceKlass org/jetbrains/kotlin/storage/LockBasedLazyResolveStorageManager$LockProtectedTrace
instanceKlass org/jetbrains/kotlin/storage/LockBasedLazyResolveStorageManager
instanceKlass org/jetbrains/kotlin/resolve/checkers/OptInDiagnosticMessageProvider
instanceKlass org/jetbrains/kotlin/resolve/checkers/OptInUsageChecker$OptInFactoryBasedReporter
instanceKlass org/jetbrains/kotlin/resolve/checkers/OptInUsageChecker$OptInDiagnosticReporter
instanceKlass org/jetbrains/kotlin/resolve/checkers/OptInUsageChecker$Companion
instanceKlass org/jetbrains/kotlin/resolve/checkers/ExpectedActualDeclarationChecker$Companion
instanceKlass org/jetbrains/kotlin/resolve/jvm/checkers/InlinePlatformCompatibilityChecker$Companion
instanceKlass org/jetbrains/kotlin/resolve/LanguageVersionSettingsProvider$Companion
instanceKlass org/jetbrains/kotlin/resolve/LanguageVersionSettingsProvider
instanceKlass org/jetbrains/kotlin/descriptors/impl/TypeAliasConstructorDescriptor
instanceKlass org/jetbrains/kotlin/descriptors/impl/DescriptorDerivedFromTypeAlias
instanceKlass org/jetbrains/kotlin/resolve/sam/SamConstructorDescriptor
instanceKlass org/jetbrains/kotlin/descriptors/synthetic/FunctionInterfaceConstructorDescriptor
instanceKlass org/jetbrains/kotlin/load/java/sam/SamAdapterDescriptor
instanceKlass org/jetbrains/kotlin/descriptors/synthetic/FunctionInterfaceAdapterDescriptor
instanceKlass org/jetbrains/kotlin/descriptors/synthetic/SyntheticMemberDescriptor
instanceKlass org/jetbrains/kotlin/load/java/descriptors/JavaCallableMemberDescriptor
instanceKlass org/jetbrains/kotlin/synthetic/SyntheticScopeProviderExtension
instanceKlass org/jetbrains/kotlin/synthetic/JavaSyntheticPropertiesScope$SyntheticPropertyHolder
instanceKlass org/jetbrains/kotlin/resolve/scopes/SyntheticScope$Default
instanceKlass org/jetbrains/kotlin/resolve/scopes/SyntheticScope
instanceKlass org/jetbrains/kotlin/resolve/SinceKotlinAccessibility
instanceKlass org/jetbrains/kotlin/resolve/deprecation/DeprecationResolver$DeprecationInfo
instanceKlass org/jetbrains/kotlin/resolve/deprecation/DeprecationResolver$Companion
instanceKlass org/jetbrains/kotlin/container/IterableDescriptor
instanceKlass org/jetbrains/kotlin/builtins/ReflectionTypes$ClassLookup
instanceKlass org/jetbrains/kotlin/builtins/ReflectionTypes$Companion
instanceKlass org/jetbrains/kotlin/resolve/jvm/checkers/JavaNullabilityChecker$Companion
instanceKlass org/jetbrains/kotlin/container/ConstructorBinding
instanceKlass org/jetbrains/kotlin/container/ResolveKt
instanceKlass org/jetbrains/kotlin/container/SingletonDescriptor$WhenMappings
instanceKlass org/jetbrains/kotlin/load/kotlin/MemberSignature
instanceKlass org/jetbrains/kotlin/load/kotlin/AbstractBinaryClassAnnotationLoader$AnnotationsContainer
instanceKlass org/jetbrains/kotlin/serialization/deserialization/ProtoContainer
instanceKlass org/jetbrains/kotlin/load/java/typeEnhancement/JavaTypeEnhancement
instanceKlass org/jetbrains/kotlin/load/java/typeEnhancement/NullabilityQualifierWithMigrationStatus
instanceKlass org/jetbrains/kotlin/load/java/JavaTypeQualifiersByElementType
instanceKlass org/jetbrains/kotlin/serialization/deserialization/ClassData
instanceKlass org/jetbrains/kotlin/load/kotlin/KotlinJvmBinaryClass
instanceKlass org/jetbrains/kotlin/load/java/typeEnhancement/SignatureEnhancement
instanceKlass org/jetbrains/kotlin/load/kotlin/DeserializedDescriptorResolver
instanceKlass org/jetbrains/kotlin/load/java/lazy/JavaResolverComponents
instanceKlass org/jetbrains/kotlin/resolve/inline/ReasonableInlineRule
instanceKlass org/jetbrains/kotlin/resolve/AnalyzerExtensions
instanceKlass org/jetbrains/kotlin/resolve/ControlFlowAnalyzer
instanceKlass org/jetbrains/kotlin/resolve/ConflictingOverloadsDispatcher$Default
instanceKlass org/jetbrains/kotlin/resolve/ConflictingOverloadsDispatcher
instanceKlass com/intellij/psi/PsiPlainTextFile
instanceKlass com/intellij/psi/PsiErrorElement
instanceKlass com/intellij/psi/templateLanguages/OuterLanguageElement
instanceKlass org/jetbrains/kotlin/resolve/calls/context/CallPosition
instanceKlass org/jetbrains/kotlin/builtins/PlatformSpecificCastChecker$Default
instanceKlass org/jetbrains/kotlin/types/expressions/FakeCallResolver$RealExpression
instanceKlass org/jetbrains/kotlin/resolve/ModifiersChecker$ModifiersCheckingProcedure
instanceKlass org/jetbrains/kotlin/resolve/DeclarationsChecker
instanceKlass org/jetbrains/kotlin/resolve/calls/results/ResolutionResultsHandler
instanceKlass org/jetbrains/kotlin/resolve/calls/tower/ImplicitsExtensionsResolutionFilter$Default
instanceKlass org/jetbrains/kotlin/resolve/calls/inference/components/TypeVariableDependencyInformationProvider
instanceKlass org/jetbrains/kotlin/resolve/calls/inference/components/VariableFixationFinder$VariableForFixation
instanceKlass org/jetbrains/kotlin/resolve/calls/inference/model/VariableWithConstraints
instanceKlass org/jetbrains/kotlin/resolve/calls/inference/components/ConstraintSystemCompletionContext
instanceKlass org/jetbrains/kotlin/resolve/calls/inference/components/VariableFixationFinder$Context
instanceKlass org/jetbrains/kotlin/resolve/calls/inference/components/ResultTypeResolver$Context
instanceKlass org/jetbrains/kotlin/resolve/calls/inference/components/PostponedArgumentInputTypesResolver
instanceKlass org/jetbrains/kotlin/resolve/calls/inference/components/VariableFixationFinder
instanceKlass org/jetbrains/kotlin/resolve/calls/components/PostponedArgumentsAnalyzer$SubstitutorAndStubsForLambdaAnalysis
instanceKlass org/jetbrains/kotlin/resolve/calls/components/ReturnArgumentsAnalysisResult
instanceKlass org/jetbrains/kotlin/resolve/calls/components/PostponedArgumentsAnalyzerContext
instanceKlass org/jetbrains/kotlin/resolve/calls/model/KotlinDiagnosticsHolder$SimpleHolder
instanceKlass org/jetbrains/kotlin/resolve/calls/tower/CandidateFactory
instanceKlass org/jetbrains/kotlin/resolve/calls/tower/TowerData
instanceKlass org/jetbrains/kotlin/resolve/calls/tower/TowerResolver$ResultCollector
instanceKlass org/jetbrains/kotlin/resolve/calls/tower/ScopeTowerProcessor
instanceKlass org/jetbrains/kotlin/resolve/calls/inference/model/ConstraintStorage
instanceKlass org/jetbrains/kotlin/resolve/calls/components/KotlinCallCompleter
instanceKlass org/jetbrains/kotlin/resolve/calls/tower/TowerResolver
instanceKlass org/jetbrains/kotlin/resolve/scopes/receivers/ReceiverValueWithSmartCastInfo
instanceKlass org/jetbrains/kotlin/resolve/calls/inference/components/NewTypeSubstitutor
instanceKlass org/jetbrains/kotlin/resolve/calls/tower/NewAbstractResolvedCall
instanceKlass org/jetbrains/kotlin/resolve/calls/components/AdditionalDiagnosticReporter
instanceKlass org/jetbrains/kotlin/resolve/calls/tower/PSIKotlinCallArgument
instanceKlass org/jetbrains/kotlin/resolve/calls/tower/KotlinResolutionCallbacksImpl
instanceKlass org/jetbrains/kotlin/resolve/calls/inference/components/ResultTypeResolver
instanceKlass org/jetbrains/kotlin/resolve/calls/inference/components/KotlinConstraintSystemCompleter
instanceKlass org/jetbrains/kotlin/resolve/calls/components/PostponedArgumentsAnalyzer
instanceKlass org/jetbrains/kotlin/resolve/calls/KotlinCallResolver
instanceKlass org/jetbrains/kotlin/resolve/calls/tower/KotlinToResolvedCallTransformer
instanceKlass org/jetbrains/kotlin/resolve/calls/model/ResolvedAtom
instanceKlass org/jetbrains/kotlin/resolve/calls/model/ResolvedCallableReferenceAtom
instanceKlass org/jetbrains/kotlin/resolve/calls/inference/ConstraintSystemBuilder
instanceKlass org/jetbrains/kotlin/resolve/calls/inference/ConstraintSystemOperation
instanceKlass org/jetbrains/kotlin/resolve/calls/results/OverloadingConflictResolver
instanceKlass org/jetbrains/kotlin/types/TypeApproximatorConfiguration
instanceKlass org/jetbrains/kotlin/resolve/calls/inference/model/Constraint
instanceKlass org/jetbrains/kotlin/resolve/calls/inference/components/ConstraintIncorporator$Context
instanceKlass org/jetbrains/kotlin/resolve/calls/inference/components/TrivialConstraintTypeInferenceOracle
instanceKlass org/jetbrains/kotlin/resolve/calls/inference/components/ConstraintInjector$Context
instanceKlass org/jetbrains/kotlin/resolve/calls/inference/components/ConstraintIncorporator
instanceKlass org/jetbrains/kotlin/resolve/calls/components/TypeArgumentsToParametersMapper$TypeArgumentsMapping
instanceKlass org/jetbrains/kotlin/resolve/calls/components/ArgumentsToParametersMapper$ArgumentMapping
instanceKlass org/jetbrains/kotlin/resolve/calls/components/CallableReferenceArgumentResolver
instanceKlass org/jetbrains/kotlin/resolve/calls/components/TypeArgumentsToParametersMapper
instanceKlass org/jetbrains/kotlin/resolve/calls/components/ArgumentsToParametersMapper
instanceKlass org/jetbrains/kotlin/resolve/calls/inference/ConstraintSystem$Builder
instanceKlass org/jetbrains/kotlin/resolve/calls/inference/BuilderInferenceSupport
instanceKlass org/jetbrains/kotlin/resolve/calls/CandidateResolver$ValueArgumentsCheckingResult
instanceKlass org/jetbrains/kotlin/types/expressions/ClassLiteralChecker
instanceKlass org/jetbrains/kotlin/resolve/calls/smartcasts/ConditionalDataFlowInfo
instanceKlass org/jetbrains/kotlin/resolve/calls/smartcasts/SmartCastResult
instanceKlass com/intellij/openapi/util/Ref
instanceKlass org/jetbrains/kotlin/resolve/calls/smartcasts/SmartCastManager
instanceKlass org/jetbrains/kotlin/types/expressions/DoubleColonExpressionResolver$ResolutionResultsAndTraceCommitCallback
instanceKlass org/jetbrains/kotlin/types/expressions/DoubleColonLHS
instanceKlass org/jetbrains/kotlin/resolve/constants/CompileTimeConstant
instanceKlass org/jetbrains/kotlin/types/FunctionPlaceholders
instanceKlass org/jetbrains/kotlin/resolve/calls/results/OverloadResolutionResultsImpl
instanceKlass org/jetbrains/kotlin/resolve/calls/CandidateResolver
instanceKlass org/jetbrains/kotlin/resolve/calls/tower/NewResolutionOldInference
instanceKlass org/jetbrains/kotlin/resolve/calls/GenericCandidateResolver
instanceKlass org/jetbrains/kotlin/resolve/calls/model/MutableDataFlowInfoForArguments
instanceKlass org/jetbrains/kotlin/resolve/calls/model/DataFlowInfoForArguments
instanceKlass org/jetbrains/kotlin/resolve/calls/tasks/OldResolutionCandidate
instanceKlass org/jetbrains/kotlin/resolve/calls/tower/PSICallResolver
instanceKlass org/jetbrains/kotlin/resolve/calls/CallCompleter
instanceKlass org/jetbrains/kotlin/resolve/scopes/receivers/ExpressionReceiver
instanceKlass org/jetbrains/kotlin/resolve/DelegatingBindingTrace
instanceKlass org/jetbrains/kotlin/resolve/calls/tasks/TracingStrategy
instanceKlass org/jetbrains/kotlin/resolve/calls/tower/NewResolutionOldInference$ResolutionKind
instanceKlass org/jetbrains/kotlin/resolve/calls/ArgumentTypeResolver
instanceKlass org/jetbrains/kotlin/resolve/calls/checkers/RttiExpressionChecker
instanceKlass org/jetbrains/kotlin/resolve/calls/model/KotlinCallComponents
instanceKlass org/jetbrains/kotlin/contracts/EffectSystem
instanceKlass org/jetbrains/kotlin/types/expressions/ValueParameterResolver
instanceKlass org/jetbrains/kotlin/resolve/MissingSupertypesResolver
instanceKlass org/jetbrains/kotlin/resolve/LocalVariableResolver
instanceKlass org/jetbrains/kotlin/types/expressions/ForLoopConventionsChecker
instanceKlass org/jetbrains/kotlin/builtins/PlatformSpecificCastChecker
instanceKlass org/jetbrains/kotlin/types/expressions/LocalClassifierAnalyzer
instanceKlass org/jetbrains/kotlin/types/expressions/FakeCallResolver
instanceKlass org/jetbrains/kotlin/types/expressions/DoubleColonExpressionResolver
instanceKlass org/jetbrains/kotlin/resolve/DeclarationsCheckerBuilder
instanceKlass org/jetbrains/kotlin/resolve/CollectionLiteralResolver
instanceKlass org/jetbrains/kotlin/types/expressions/DataFlowAnalyzer
instanceKlass org/jetbrains/kotlin/types/expressions/ControlStructureTypingUtils
instanceKlass org/jetbrains/kotlin/contracts/parsing/ContractParsingServices
instanceKlass org/jetbrains/kotlin/resolve/calls/CallExpressionResolver
instanceKlass org/jetbrains/kotlin/resolve/calls/tower/KotlinResolutionCallbacksImpl$LambdaInfo
instanceKlass org/jetbrains/kotlin/types/expressions/KotlinTypeInfo
instanceKlass org/jetbrains/kotlin/resolve/StatementFilter
instanceKlass org/jetbrains/kotlin/resolve/AnnotationChecker
instanceKlass org/jetbrains/kotlin/types/expressions/ExpressionTypingComponents
instanceKlass org/jetbrains/kotlin/types/expressions/ExpressionTypingInternals
instanceKlass org/jetbrains/kotlin/types/expressions/ExpressionTypingFacade
instanceKlass org/jetbrains/kotlin/resolve/DelegatedPropertyResolver
instanceKlass org/jetbrains/kotlin/resolve/scopes/LexicalScopeStorage
instanceKlass org/jetbrains/kotlin/resolve/DeclarationSignatureAnonymousTypeTransformer
instanceKlass org/jetbrains/kotlin/types/AbstractTypeApproximator
instanceKlass org/jetbrains/kotlin/resolve/ModifiersChecker
instanceKlass org/jetbrains/kotlin/types/expressions/DestructuringDeclarationResolver
instanceKlass org/jetbrains/kotlin/resolve/OverloadChecker
instanceKlass org/jetbrains/kotlin/types/expressions/ExpressionTypingServices
instanceKlass org/jetbrains/kotlin/resolve/VariableTypeAndInitializerResolver
instanceKlass org/jetbrains/kotlin/resolve/scopes/LocalRedeclarationChecker
instanceKlass org/jetbrains/kotlin/resolve/checkers/PlatformDiagnosticSuppressor$Default
instanceKlass org/jetbrains/kotlin/resolve/scopes/optimization/OptimizingOptions$Default
instanceKlass org/jetbrains/kotlin/resolve/lazy/FileScopeFactory$DummyContainerDescriptor
instanceKlass org/jetbrains/kotlin/resolve/lazy/FileScopeFactory$DefaultImportResolvers
instanceKlass org/jetbrains/kotlin/resolve/lazy/ImportResolutionComponents
instanceKlass org/jetbrains/kotlin/resolve/lazy/FileScopeFactory
instanceKlass org/jetbrains/kotlin/resolve/lazy/FileScopeProviderImpl
instanceKlass org/jetbrains/kotlin/resolve/lazy/ImportForceResolver
instanceKlass org/jetbrains/kotlin/resolve/lazy/FileScopes
instanceKlass org/jetbrains/kotlin/types/SubtypingRepresentatives
instanceKlass org/jetbrains/kotlin/resolve/scopes/ImportingScope
instanceKlass org/jetbrains/kotlin/resolve/scopes/receivers/Qualifier
instanceKlass org/jetbrains/kotlin/resolve/scopes/receivers/QualifierReceiver
instanceKlass org/jetbrains/kotlin/resolve/scopes/receivers/DetailedReceiver
instanceKlass org/jetbrains/kotlin/incremental/KotlinLookupLocation
instanceKlass org/jetbrains/kotlin/resolve/QualifiedExpressionResolver$QualifiedExpressionResolveResult
instanceKlass org/jetbrains/kotlin/resolve/QualifiedExpressionResolver$QualifierPart
instanceKlass org/jetbrains/kotlin/resolve/QualifiedExpressionResolver$TypeQualifierResolutionResult
instanceKlass org/jetbrains/kotlin/resolve/PossiblyBareType
instanceKlass org/jetbrains/kotlin/resolve/TypeResolutionContext
instanceKlass org/jetbrains/kotlin/resolve/calls/tasks/DynamicCallableDescriptors
instanceKlass org/jetbrains/kotlin/resolve/ModuleStructureOracle$SingleModule
instanceKlass org/jetbrains/kotlin/psi/Call
instanceKlass org/jetbrains/kotlin/cfg/ControlFlowInformationProvider
instanceKlass org/jetbrains/kotlin/idea/MainFunctionDetector
instanceKlass org/jetbrains/kotlin/load/java/AbstractAnnotationTypeQualifierResolver
instanceKlass org/jetbrains/kotlin/resolve/jvm/modules/JavaModuleResolver$AccessError
instanceKlass org/jetbrains/kotlin/load/java/descriptors/JavaClassDescriptor
instanceKlass org/jetbrains/kotlin/mpp/MppJavaImplicitActualizatorMarker
instanceKlass org/jetbrains/kotlin/load/java/sources/JavaSourceElement
instanceKlass org/jetbrains/kotlin/descriptors/SimpleFunctionDescriptor
instanceKlass org/jetbrains/kotlin/mpp/SimpleFunctionSymbolMarker
instanceKlass org/jetbrains/kotlin/load/java/structure/JavaPackage
instanceKlass org/jetbrains/kotlin/load/java/JavaClassFinder$Request
instanceKlass org/jetbrains/kotlin/load/java/lazy/LazyJavaResolverContext
instanceKlass org/jetbrains/kotlin/load/java/components/SignaturePropagator$PropagatedSignature
instanceKlass org/jetbrains/kotlin/load/java/structure/JavaMethod
instanceKlass org/jetbrains/kotlin/load/java/structure/JavaField
instanceKlass org/jetbrains/kotlin/load/java/structure/JavaMember
instanceKlass org/jetbrains/kotlin/load/kotlin/AbstractBinaryClassAnnotationLoader
instanceKlass org/jetbrains/kotlin/load/kotlin/JavaClassDataFinder
instanceKlass org/jetbrains/kotlin/load/java/lazy/LazyJavaPackageFragmentProvider
instanceKlass org/jetbrains/kotlin/load/kotlin/KotlinClassFinder$Result
instanceKlass org/jetbrains/kotlin/resolve/lazy/data/KtClassLikeInfo
instanceKlass com/intellij/openapi/module/Module
instanceKlass org/jetbrains/kotlin/resolve/calls/model/ResolvedValueArgument
instanceKlass org/jetbrains/kotlin/resolve/calls/results/OverloadResolutionResults
instanceKlass org/jetbrains/kotlin/resolve/scopes/LexicalScope
instanceKlass org/jetbrains/kotlin/resolve/scopes/HierarchicalScope
instanceKlass org/jetbrains/kotlin/resolve/constants/evaluate/ConstantExpressionEvaluator
instanceKlass org/jetbrains/kotlin/resolve/calls/CallResolver
instanceKlass org/jetbrains/kotlin/resolve/TopDownAnalysisContext
instanceKlass org/jetbrains/kotlin/resolve/BodiesResolveContext
instanceKlass org/jetbrains/kotlin/resolve/calls/smartcasts/DataFlowInfo
instanceKlass org/jetbrains/kotlin/resolve/FilePreprocessor
instanceKlass org/jetbrains/kotlin/resolve/QualifiedExpressionResolver
instanceKlass org/jetbrains/kotlin/resolve/BodyResolver
instanceKlass org/jetbrains/kotlin/resolve/VarianceChecker
instanceKlass org/jetbrains/kotlin/resolve/OverloadResolver
instanceKlass org/jetbrains/kotlin/resolve/OverrideResolver
instanceKlass org/jetbrains/kotlin/resolve/DeclarationResolver
instanceKlass org/jetbrains/kotlin/container/SetterInfo
instanceKlass javax/inject/Inject
instanceKlass org/jetbrains/kotlin/resolve/lazy/LazyDeclarationResolver
instanceKlass org/jetbrains/kotlin/resolve/lazy/DeclarationScopeProviderImpl
instanceKlass org/jetbrains/kotlin/descriptors/ClassDescriptorWithResolutionScopes
instanceKlass org/jetbrains/kotlin/resolve/FunctionDescriptorResolver
instanceKlass org/jetbrains/kotlin/resolve/calls/components/InferenceSession
instanceKlass org/jetbrains/kotlin/resolve/DescriptorResolver
instanceKlass org/jetbrains/kotlin/resolve/lazy/FileScopeProvider
instanceKlass org/jetbrains/kotlin/resolve/TypeResolver
instanceKlass org/jetbrains/kotlin/resolve/lazy/LazyEntity
instanceKlass org/jetbrains/kotlin/resolve/lazy/DeclarationScopeProvider
instanceKlass org/jetbrains/kotlin/resolve/lazy/descriptors/LazyAnnotationsContext
instanceKlass org/jetbrains/kotlin/storage/LazyResolveStorageManager
instanceKlass org/jetbrains/kotlin/incremental/components/Position
instanceKlass org/jetbrains/kotlin/resolve/calls/inference/model/OnlyInputTypeConstraintPosition
instanceKlass org/jetbrains/kotlin/resolve/calls/inference/model/ConstraintPosition
instanceKlass org/jetbrains/kotlin/resolve/calls/model/PostponedAtomWithRevisableExpectedType
instanceKlass org/jetbrains/kotlin/resolve/calls/model/PostponedResolvedAtomMarker
instanceKlass org/jetbrains/kotlin/types/model/ObsoleteTypeKind
instanceKlass org/jetbrains/kotlin/types/model/K2Only
instanceKlass org/jetbrains/kotlin/resolve/checkers/EmptyIntersectionTypeInfo
instanceKlass org/jetbrains/kotlin/types/TypeCheckerState$SupertypesPolicy
instanceKlass org/jetbrains/kotlin/types/model/DynamicTypeMarker
instanceKlass org/jetbrains/kotlin/types/model/TypeVariableTypeConstructorMarker
instanceKlass org/jetbrains/kotlin/types/model/StubTypeMarker
instanceKlass org/jetbrains/kotlin/types/model/DefinitelyNotNullTypeMarker
instanceKlass org/jetbrains/kotlin/types/model/TypeVariableMarker
instanceKlass org/jetbrains/kotlin/builtins/functions/FunctionTypeKind
instanceKlass org/jetbrains/kotlin/types/model/CapturedTypeConstructorMarker
instanceKlass org/jetbrains/kotlin/types/model/FlexibleTypeMarker
instanceKlass org/jetbrains/kotlin/types/model/CapturedTypeMarker
instanceKlass org/jetbrains/kotlin/resolve/checkers/OptInUsageChecker$OptInReporterMultiplexer
instanceKlass org/jetbrains/kotlin/resolve/calls/smartcasts/DataFlowValue
instanceKlass org/jetbrains/kotlin/resolve/calls/model/SimpleKotlinCallArgument
instanceKlass org/jetbrains/kotlin/resolve/calls/model/ReceiverKotlinCallArgument
instanceKlass org/jetbrains/kotlin/resolve/calls/results/SimpleConstraintSystem
instanceKlass org/jetbrains/kotlin/resolve/calls/inference/components/ConstraintInjector
instanceKlass org/jetbrains/kotlin/resolve/calls/tower/ImplicitScopeTower
instanceKlass org/jetbrains/kotlin/resolve/calls/model/CallableReferenceKotlinCallArgument
instanceKlass org/jetbrains/kotlin/resolve/calls/model/PostponableKotlinCallArgument
instanceKlass org/jetbrains/kotlin/resolve/calls/model/CallableReferenceResolutionAtom
instanceKlass org/jetbrains/kotlin/resolve/calls/components/candidate/ResolutionCandidate
instanceKlass org/jetbrains/kotlin/resolve/calls/tower/Candidate
instanceKlass org/jetbrains/kotlin/resolve/calls/model/KotlinDiagnosticsHolder
instanceKlass org/jetbrains/kotlin/resolve/calls/model/KotlinCallArgument
instanceKlass org/jetbrains/kotlin/resolve/calls/components/KotlinResolutionCallbacks
instanceKlass org/jetbrains/kotlin/resolve/calls/model/KotlinCall
instanceKlass org/jetbrains/kotlin/resolve/calls/model/ResolutionAtom
instanceKlass org/jetbrains/kotlin/types/TypeCheckerState
instanceKlass org/jetbrains/kotlin/resolve/ModuleStructureOracle
instanceKlass org/jetbrains/kotlin/resolve/deprecation/DeprecationResolver
instanceKlass org/jetbrains/kotlin/builtins/ReflectionTypes
instanceKlass org/jetbrains/kotlin/resolve/UpperBoundViolatedReporter
instanceKlass org/jetbrains/kotlin/types/TypeSubstitutor
instanceKlass org/jetbrains/kotlin/types/model/TypeSubstitutorMarker
instanceKlass org/jetbrains/kotlin/descriptors/TypeParameterDescriptor
instanceKlass org/jetbrains/kotlin/types/model/TypeParameterMarker
instanceKlass org/jetbrains/kotlin/mpp/TypeParameterSymbolMarker
instanceKlass org/jetbrains/kotlin/diagnostics/DiagnosticSink$DiagnosticsCallback
instanceKlass com/intellij/util/xmlb/annotations/Transient
instanceKlass com/intellij/util/messages/ListenerDescriptor
instanceKlass kotlin/ReplaceWith
instanceKlass kotlin/Deprecated
instanceKlass org/jetbrains/kotlin/cfg/ControlFlowInformationProviderImpl$Factory
instanceKlass org/jetbrains/kotlin/cfg/ControlFlowInformationProvider$Factory
instanceKlass org/jetbrains/kotlin/idea/MainFunctionDetector$Factory$Ordinary
instanceKlass org/jetbrains/kotlin/idea/MainFunctionDetector$Factory
instanceKlass org/jetbrains/kotlin/resolve/lazy/BasicAbsentDescriptorHandler
instanceKlass org/jetbrains/kotlin/resolve/lazy/CompilerLocalDescriptorResolver
instanceKlass org/jetbrains/kotlin/resolve/lazy/LocalDescriptorResolver
instanceKlass org/jetbrains/kotlin/resolve/BodyResolveCache$ThrowException
instanceKlass org/jetbrains/kotlin/resolve/BodyResolveCache
instanceKlass org/jetbrains/kotlin/resolve/jvm/JvmDiagnosticComponents
instanceKlass org/jetbrains/kotlin/platform/PlatformSpecificDiagnosticComponents
instanceKlass org/jetbrains/kotlin/load/java/components/FilesByFacadeFqNameIndexer
instanceKlass org/jetbrains/kotlin/resolve/FilePreprocessorExtension
instanceKlass org/jetbrains/kotlin/resolve/jvm/modules/JavaModuleResolver$SERVICE
instanceKlass org/jetbrains/kotlin/load/java/lazy/JavaResolverSettings$Companion$create$1
instanceKlass org/jetbrains/kotlin/load/java/lazy/JavaResolverSettings$Companion
instanceKlass org/jetbrains/kotlin/load/java/lazy/JavaResolverSettings
instanceKlass org/jetbrains/kotlin/load/java/JavaClassesTracker$Default
instanceKlass org/jetbrains/kotlin/resolve/jvm/multiplatform/OptionalAnnotationPackageFragmentProvider
instanceKlass org/jetbrains/kotlin/serialization/deserialization/AbstractDeserializedPackageFragmentProvider
instanceKlass org/jetbrains/kotlin/config/JvmDefaultMode$Companion
instanceKlass org/jetbrains/kotlin/config/JvmAnalysisFlags$Delegates$JvmDefaultModeDisabledByDefault
instanceKlass org/jetbrains/kotlin/name/FqNamesUtilKt
instanceKlass org/jetbrains/kotlin/load/java/NullabilityAnnotationStates$Companion
instanceKlass org/jetbrains/kotlin/load/java/Jsr305Settings
instanceKlass org/jetbrains/kotlin/load/java/ReportLevel$Companion
instanceKlass org/jetbrains/kotlin/load/java/JavaNullabilityAnnotationsStatus$Companion
instanceKlass org/jetbrains/kotlin/load/java/JavaNullabilityAnnotationsStatus
instanceKlass org/jetbrains/kotlin/load/java/NullabilityAnnotationStatesImpl
instanceKlass org/jetbrains/kotlin/load/java/NullabilityAnnotationStates
instanceKlass org/jetbrains/kotlin/load/java/JavaNullabilityAnnotationSettingsKt
instanceKlass org/jetbrains/kotlin/load/java/JavaTypeEnhancementState$Companion
instanceKlass org/jetbrains/kotlin/load/java/JavaTypeEnhancementState
instanceKlass org/jetbrains/kotlin/config/JvmAnalysisFlags$Delegates$JavaTypeEnhancementStateWarnByDefault
instanceKlass org/jetbrains/kotlin/config/JvmAnalysisFlags
instanceKlass org/jetbrains/kotlin/load/java/components/JavaSourceElementFactoryImpl
instanceKlass org/jetbrains/kotlin/load/java/sources/JavaSourceElementFactory
instanceKlass org/jetbrains/kotlin/load/java/components/AbstractJavaResolverCache
instanceKlass org/jetbrains/kotlin/load/java/components/JavaResolverCache
instanceKlass org/jetbrains/kotlin/load/java/AbstractJavaClassFinder
instanceKlass org/jetbrains/kotlin/load/java/JavaClassFinder
instanceKlass org/jetbrains/kotlin/resolve/jvm/CompositeSyntheticJavaPartsProvider
instanceKlass org/jetbrains/kotlin/resolve/jvm/SyntheticJavaPartsProvider$Companion
instanceKlass org/jetbrains/kotlin/resolve/jvm/SyntheticJavaPartsProvider
instanceKlass org/jetbrains/kotlin/load/java/components/JavaDeprecationSettings
instanceKlass org/jetbrains/kotlin/resolve/deprecation/DeprecationSettings
instanceKlass org/jetbrains/kotlin/resolve/TypeResolver$TypeTransformerForTests
instanceKlass org/jetbrains/kotlin/load/java/components/TraceBasedErrorReporter
instanceKlass org/jetbrains/kotlin/load/java/components/SignaturePropagatorImpl
instanceKlass org/jetbrains/kotlin/load/java/components/SignaturePropagator
instanceKlass org/jetbrains/kotlin/load/java/components/JavaPropertyInitializerEvaluatorImpl
instanceKlass org/jetbrains/kotlin/load/java/components/JavaPropertyInitializerEvaluator
instanceKlass org/jetbrains/kotlin/load/kotlin/DeserializationComponentsForJava
instanceKlass org/jetbrains/kotlin/resolve/jvm/JavaDescriptorResolver
instanceKlass org/jetbrains/kotlin/load/kotlin/VirtualFileFinder$SERVICE
instanceKlass org/jetbrains/kotlin/load/kotlin/VirtualFileFinderFactory$SERVICE
instanceKlass org/jetbrains/kotlin/resolve/AnnotationResolver
instanceKlass org/jetbrains/kotlin/resolve/LazyTopDownAnalyzer
instanceKlass org/jetbrains/kotlin/resolve/lazy/ResolveSession
instanceKlass org/jetbrains/kotlin/resolve/lazy/LazyClassContext
instanceKlass org/jetbrains/kotlin/resolve/lazy/KotlinCodeAnalyzer
instanceKlass org/jetbrains/kotlin/resolve/lazy/TopLevelDescriptorProvider
instanceKlass org/jetbrains/kotlin/util/ProgressManagerBasedCancellationChecker
instanceKlass org/jetbrains/kotlin/util/CancellationChecker
instanceKlass org/jetbrains/kotlin/resolve/calls/inference/components/ClassicConstraintSystemUtilContext
instanceKlass org/jetbrains/kotlin/resolve/calls/inference/components/ConstraintSystemUtilContext
instanceKlass org/jetbrains/kotlin/resolve/calls/components/ClassicTypeSystemContextForCS
instanceKlass org/jetbrains/kotlin/types/model/TypeSystemInferenceExtensionContextDelegate
instanceKlass org/jetbrains/kotlin/types/checker/ClassicTypeSystemContext
instanceKlass org/jetbrains/kotlin/types/model/TypeSystemInferenceExtensionContext
instanceKlass org/jetbrains/kotlin/types/model/TypeSystemCommonSuperTypesContext
instanceKlass org/jetbrains/kotlin/types/model/TypeSystemTypeFactoryContext
instanceKlass org/jetbrains/kotlin/types/model/TypeCheckerProviderContext
instanceKlass org/jetbrains/kotlin/types/model/TypeSystemBuiltInsContext
instanceKlass org/jetbrains/kotlin/types/TypeSystemCommonBackendContext
instanceKlass org/jetbrains/kotlin/types/model/TypeSystemContext
instanceKlass org/jetbrains/kotlin/types/model/TypeSystemOptimizationContext
instanceKlass org/jetbrains/kotlin/resolve/calls/components/BuiltInsProvider
instanceKlass org/jetbrains/kotlin/contracts/ContractDeserializerImpl
instanceKlass org/jetbrains/kotlin/resolve/checkers/OptInUsageChecker$ClassifierUsage
instanceKlass org/jetbrains/kotlin/resolve/checkers/OptInUsageChecker$Overrides
instanceKlass org/jetbrains/kotlin/resolve/checkers/OptInUsageChecker
instanceKlass org/jetbrains/kotlin/resolve/calls/smartcasts/DataFlowValueFactoryImpl
instanceKlass org/jetbrains/kotlin/resolve/calls/smartcasts/DataFlowValueFactory
instanceKlass org/jetbrains/kotlin/resolve/calls/tower/KotlinResolutionStatelessCallbacksImpl
instanceKlass org/jetbrains/kotlin/resolve/calls/components/KotlinResolutionStatelessCallbacks
instanceKlass org/jetbrains/kotlin/resolve/SupertypeLoopCheckerImpl
instanceKlass org/jetbrains/kotlin/samWithReceiver/SamWithReceiverResolverExtension
instanceKlass org/jetbrains/kotlin/resolve/sam/SamWithReceiverResolver
instanceKlass org/jetbrains/kotlin/platform/jvm/JvmPlatformKt
instanceKlass org/jetbrains/kotlin/resolve/jvm/checkers/RepeatableAnnotationChecker
instanceKlass org/jetbrains/kotlin/resolve/checkers/ExpectedActualDeclarationChecker
instanceKlass org/jetbrains/kotlin/resolve/checkers/OptInMarkerDeclarationAnnotationChecker
instanceKlass org/jetbrains/kotlin/resolve/jvm/checkers/JvmSerializableLambdaAnnotationChecker
instanceKlass org/jetbrains/kotlin/resolve/jvm/multiplatform/JavaActualAnnotationArgumentExtractor
instanceKlass org/jetbrains/kotlin/resolve/checkers/ExpectedActualDeclarationChecker$ActualAnnotationArgumentExtractor
instanceKlass org/jetbrains/kotlin/types/expressions/GenericArrayClassLiteralSupport$Enabled
instanceKlass org/jetbrains/kotlin/types/expressions/GenericArrayClassLiteralSupport
instanceKlass org/jetbrains/kotlin/types/expressions/FunctionWithBigAritySupport$LanguageVersionDependent
instanceKlass org/jetbrains/kotlin/types/expressions/FunctionWithBigAritySupport
instanceKlass org/jetbrains/kotlin/resolve/jvm/JvmPlatformAnnotationFeaturesSupport
instanceKlass org/jetbrains/kotlin/resolve/PlatformAnnotationFeaturesSupport
instanceKlass org/jetbrains/kotlin/resolve/jvm/checkers/JvmRecordApplicabilityChecker
instanceKlass org/jetbrains/kotlin/resolve/jvm/JvmAdditionalClassPartsProvider
instanceKlass org/jetbrains/kotlin/resolve/AdditionalClassPartsProvider
instanceKlass org/jetbrains/kotlin/load/java/sam/JvmSamConversionOracle
instanceKlass org/jetbrains/kotlin/resolve/sam/SamConversionOracle
instanceKlass org/jetbrains/kotlin/resolve/jvm/JvmPlatformOverloadsSpecificityComparator
instanceKlass org/jetbrains/kotlin/resolve/calls/results/PlatformOverloadsSpecificityComparator
instanceKlass org/jetbrains/kotlin/resolve/jvm/JvmTypeSpecificityComparator
instanceKlass org/jetbrains/kotlin/resolve/jvm/checkers/JvmModuleAccessibilityChecker$ClassifierUsage
instanceKlass org/jetbrains/kotlin/resolve/jvm/checkers/JvmModuleAccessibilityChecker
instanceKlass org/jetbrains/kotlin/resolve/jvm/checkers/InlinePlatformCompatibilityChecker
instanceKlass org/jetbrains/kotlin/resolve/jvm/checkers/JvmDefaultChecker
instanceKlass org/jetbrains/kotlin/resolve/jvm/checkers/InterfaceDefaultMethodCallChecker
instanceKlass org/jetbrains/kotlin/synthetic/JavaSyntheticScopes
instanceKlass org/jetbrains/kotlin/resolve/scopes/SyntheticScopes
instanceKlass org/jetbrains/kotlin/resolve/calls/checkers/AbstractReflectionApiCallChecker
instanceKlass org/jetbrains/kotlin/resolve/jvm/checkers/JvmStaticChecker
instanceKlass org/jetbrains/kotlin/resolve/jvm/checkers/JavaNullabilityChecker
instanceKlass org/jetbrains/kotlin/container/SingletonDescriptor
instanceKlass org/jetbrains/kotlin/resolve/UpperBoundChecker
instanceKlass org/jetbrains/kotlin/frontend/di/InjectionKt
instanceKlass org/jetbrains/kotlin/load/java/JavaClassesTracker
instanceKlass org/jetbrains/kotlin/resolve/calls/tower/ImplicitsExtensionsResolutionFilter
instanceKlass org/jetbrains/kotlin/resolve/scopes/optimization/OptimizingOptions
instanceKlass org/jetbrains/kotlin/types/WrappedTypeFactory
instanceKlass org/jetbrains/kotlin/resolve/checkers/ClassifierUsageCheckerContext
instanceKlass org/jetbrains/kotlin/resolve/calls/context/ResolutionContext
instanceKlass kotlin/annotation/MustBeDocumented
instanceKlass kotlin/jvm/JvmStatic
instanceKlass org/jetbrains/kotlin/resolve/calls/checkers/CallCheckerContext
instanceKlass org/jetbrains/kotlin/resolve/calls/model/ResolvedCall
instanceKlass org/jetbrains/kotlin/descriptors/annotations/AnnotationDescriptor
instanceKlass org/jetbrains/kotlin/types/model/AnnotationMarker
instanceKlass org/jetbrains/kotlin/container/ConstructorInfo
instanceKlass com/intellij/util/ObjectUtilsRt
instanceKlass org/jetbrains/kotlin/container/DefaultImplementation
instanceKlass org/jetbrains/kotlin/resolve/checkers/DeclarationCheckerContext
instanceKlass org/jetbrains/kotlin/resolve/checkers/CheckerContext
instanceKlass org/jetbrains/kotlin/container/ClassInfo
instanceKlass org/jetbrains/kotlin/container/ClassTraversalCache
instanceKlass org/jetbrains/kotlin/container/CacheKt
instanceKlass org/jetbrains/kotlin/container/DynamicComponentDescriptor
instanceKlass org/jetbrains/kotlin/container/InstanceComponentDescriptor
instanceKlass org/jetbrains/kotlin/container/ComponentDescriptor
instanceKlass org/jetbrains/kotlin/container/ValueDescriptor
instanceKlass org/jetbrains/kotlin/container/ContainerKt
instanceKlass org/jetbrains/kotlin/resolve/checkers/PlatformDiagnosticSuppressor
instanceKlass org/jetbrains/kotlin/resolve/lazy/AbsentDescriptorHandler
instanceKlass org/jetbrains/kotlin/types/DynamicTypesSettings
instanceKlass org/jetbrains/kotlin/resolve/calls/results/TypeSpecificityComparator$NONE
instanceKlass org/jetbrains/kotlin/resolve/calls/results/TypeSpecificityComparator
instanceKlass org/jetbrains/kotlin/resolve/checkers/OptionalExpectationUsageChecker
instanceKlass org/jetbrains/kotlin/resolve/checkers/MissingDependencyClassChecker$ClassifierUsage
instanceKlass org/jetbrains/kotlin/resolve/checkers/ApiVersionClassifierUsageChecker
instanceKlass org/jetbrains/kotlin/resolve/checkers/DeprecatedClassifierUsageChecker
instanceKlass org/jetbrains/kotlin/resolve/calls/checkers/EnumEntriesUnsupportedChecker
instanceKlass org/jetbrains/kotlin/resolve/calls/checkers/CustomEnumEntriesMigrationCallChecker
instanceKlass org/jetbrains/kotlin/resolve/calls/checkers/CompanionIncorrectlyUnboundedWhenUsedAsLHSCallChecker
instanceKlass org/jetbrains/kotlin/resolve/calls/checkers/IncorrectCapturedApproximationCallChecker
instanceKlass org/jetbrains/kotlin/resolve/calls/checkers/BuilderInferenceAssignmentChecker
instanceKlass org/jetbrains/kotlin/resolve/calls/checkers/UnsupportedUntilOperatorChecker
instanceKlass org/jetbrains/kotlin/resolve/calls/checkers/EqualityCallChecker
instanceKlass org/jetbrains/kotlin/resolve/calls/checkers/ResolutionToPrivateConstructorOfSealedClassChecker
instanceKlass org/jetbrains/kotlin/resolve/calls/checkers/CompanionInParenthesesLHSCallChecker
instanceKlass org/jetbrains/kotlin/resolve/calls/checkers/EnumEntryVsCompanionPriorityCallChecker
instanceKlass org/jetbrains/kotlin/resolve/calls/checkers/NewSchemeOfIntegerOperatorResolutionChecker
instanceKlass org/jetbrains/kotlin/resolve/calls/checkers/SelfCallInNestedObjectConstructorChecker
instanceKlass org/jetbrains/kotlin/resolve/calls/checkers/VarargWrongExecutionOrderChecker
instanceKlass org/jetbrains/kotlin/resolve/calls/checkers/ReferencingToUnderscoreNamedParameterOfCatchBlockChecker
instanceKlass org/jetbrains/kotlin/resolve/checkers/NullableExtensionOperatorWithSafeCallChecker
instanceKlass org/jetbrains/kotlin/resolve/calls/checkers/FunInterfaceConstructorReferenceChecker
instanceKlass org/jetbrains/kotlin/resolve/calls/checkers/UnitConversionCallChecker
instanceKlass org/jetbrains/kotlin/resolve/calls/checkers/SuspendConversionCallChecker
instanceKlass org/jetbrains/kotlin/resolve/calls/checkers/AbstractClassInstantiationChecker
instanceKlass org/jetbrains/kotlin/resolve/checkers/MissingDependencySupertypeChecker$ForCalls
instanceKlass org/jetbrains/kotlin/resolve/calls/checkers/ReifiedTypeParameterSubstitutionChecker
instanceKlass org/jetbrains/kotlin/resolve/calls/checkers/ContractNotAllowedCallChecker
instanceKlass org/jetbrains/kotlin/resolve/calls/checkers/NamedFunAsExpressionChecker
instanceKlass org/jetbrains/kotlin/resolve/calls/checkers/NullableVarargArgumentCallChecker
instanceKlass org/jetbrains/kotlin/resolve/calls/checkers/ResultTypeWithNullableOperatorsChecker
instanceKlass org/jetbrains/kotlin/resolve/calls/checkers/UselessElvisCallChecker
instanceKlass org/jetbrains/kotlin/resolve/calls/checkers/LambdaWithSuspendModifierCallChecker
instanceKlass org/jetbrains/kotlin/resolve/checkers/PrimitiveNumericComparisonCallChecker
instanceKlass org/jetbrains/kotlin/resolve/calls/checkers/ImplicitNothingAsTypeParameterCallChecker
instanceKlass org/jetbrains/kotlin/resolve/calls/checkers/AssigningNamedArgumentToVarargChecker
instanceKlass org/jetbrains/kotlin/resolve/calls/checkers/UnderscoreUsageChecker
instanceKlass org/jetbrains/kotlin/resolve/calls/checkers/CallableReferenceCompatibilityChecker
instanceKlass org/jetbrains/kotlin/resolve/checkers/MissingDependencyClassChecker
instanceKlass org/jetbrains/kotlin/resolve/calls/checkers/DslScopeViolationCallChecker
instanceKlass org/jetbrains/kotlin/resolve/calls/checkers/BuilderFunctionsCallChecker
instanceKlass org/jetbrains/kotlin/resolve/calls/checkers/CoroutineSuspendCallChecker
instanceKlass org/jetbrains/kotlin/resolve/calls/checkers/ApiVersionCallChecker
instanceKlass org/jetbrains/kotlin/resolve/calls/checkers/ProtectedConstructorCallChecker
instanceKlass org/jetbrains/kotlin/resolve/calls/checkers/ConstructorHeaderCallChecker
instanceKlass org/jetbrains/kotlin/resolve/calls/checkers/OperatorCallChecker$Companion
instanceKlass org/jetbrains/kotlin/resolve/calls/checkers/OperatorCallChecker
instanceKlass org/jetbrains/kotlin/resolve/calls/checkers/InfixCallChecker
instanceKlass org/jetbrains/kotlin/resolve/calls/checkers/CallReturnsArrayOfNothingChecker
instanceKlass org/jetbrains/kotlin/resolve/calls/checkers/DeprecatedCallChecker
instanceKlass org/jetbrains/kotlin/resolve/checkers/TrailingCommaCallChecker
instanceKlass org/jetbrains/kotlin/resolve/calls/checkers/SafeCallChecker
instanceKlass org/jetbrains/kotlin/resolve/calls/checkers/SynchronizedByValueChecker
instanceKlass org/jetbrains/kotlin/resolve/calls/checkers/InlineCheckerWrapper
instanceKlass org/jetbrains/kotlin/resolve/calls/checkers/CapturingInClosureChecker
instanceKlass org/jetbrains/kotlin/resolve/checkers/StubForBuilderInferenceParameterTypeChecker
instanceKlass org/jetbrains/kotlin/resolve/checkers/ActualTypealiasToSpecialAnnotationChecker
instanceKlass org/jetbrains/kotlin/resolve/checkers/VolatileAnnotationChecker
instanceKlass org/jetbrains/kotlin/resolve/checkers/EnumEntriesRedeclarationChecker
instanceKlass org/jetbrains/kotlin/resolve/checkers/DataObjectContentChecker
instanceKlass org/jetbrains/kotlin/resolve/calls/checkers/UnsupportedUntilRangeDeclarationChecker
instanceKlass org/jetbrains/kotlin/resolve/checkers/CyclicAnnotationsChecker
instanceKlass org/jetbrains/kotlin/resolve/checkers/ValueParameterUsageInDefaultArgumentChecker
instanceKlass org/jetbrains/kotlin/resolve/checkers/SubtypingBetweenContextReceiversChecker
instanceKlass org/jetbrains/kotlin/resolve/checkers/ContextualDeclarationChecker
instanceKlass org/jetbrains/kotlin/resolve/checkers/EnumCompanionInEnumConstructorCallChecker
instanceKlass org/jetbrains/kotlin/resolve/checkers/SuspendFunctionAsSupertypeChecker
instanceKlass org/jetbrains/kotlin/resolve/checkers/SealedInterfaceAllowedChecker
instanceKlass org/jetbrains/kotlin/resolve/checkers/SealedInheritorInSameModuleChecker
instanceKlass org/jetbrains/kotlin/resolve/checkers/SealedInheritorInSamePackageChecker
instanceKlass org/jetbrains/kotlin/resolve/checkers/PrivateInlineFunctionsReturningAnonymousObjectsChecker
instanceKlass org/jetbrains/kotlin/resolve/checkers/ContractDescriptionBlockChecker
instanceKlass org/jetbrains/kotlin/resolve/checkers/DeprecatedSinceKotlinAnnotationChecker
instanceKlass org/jetbrains/kotlin/resolve/checkers/DeprecationInheritanceChecker
instanceKlass org/jetbrains/kotlin/resolve/checkers/FunInterfaceDeclarationChecker
instanceKlass org/jetbrains/kotlin/resolve/checkers/MissingDependencySupertypeChecker$ForDeclarations
instanceKlass org/jetbrains/kotlin/resolve/checkers/TrailingCommaDeclarationChecker
instanceKlass org/jetbrains/kotlin/resolve/checkers/TailrecFunctionChecker
instanceKlass org/jetbrains/kotlin/resolve/checkers/ExplicitApiDeclarationChecker$Companion
instanceKlass org/jetbrains/kotlin/resolve/checkers/ExplicitApiDeclarationChecker
instanceKlass org/jetbrains/kotlin/resolve/checkers/LocalVariableTypeParametersChecker
instanceKlass org/jetbrains/kotlin/resolve/checkers/ResultClassInReturnTypeChecker
instanceKlass org/jetbrains/kotlin/resolve/checkers/ReservedMembersAndConstructsForValueClass$Companion
instanceKlass org/jetbrains/kotlin/resolve/checkers/ReservedMembersAndConstructsForValueClass
instanceKlass org/jetbrains/kotlin/resolve/checkers/AnnotationClassTargetAndRetentionChecker
instanceKlass org/jetbrains/kotlin/resolve/checkers/InnerClassInsideValueClass
instanceKlass org/jetbrains/kotlin/resolve/checkers/PropertiesWithBackingFieldsInsideValueClass
instanceKlass org/jetbrains/kotlin/resolve/checkers/MultiFieldValueClassAnnotationsChecker
instanceKlass org/jetbrains/kotlin/resolve/checkers/ValueClassDeclarationChecker
instanceKlass org/jetbrains/kotlin/resolve/checkers/SuspendLimitationsChecker
instanceKlass org/jetbrains/kotlin/resolve/checkers/KClassWithIncorrectTypeArgumentChecker
instanceKlass org/jetbrains/kotlin/resolve/checkers/DelegationChecker
instanceKlass org/jetbrains/kotlin/resolve/checkers/DynamicReceiverChecker
instanceKlass org/jetbrains/kotlin/resolve/checkers/ReifiedTypeParameterAnnotationChecker
instanceKlass org/jetbrains/kotlin/resolve/RequireKotlinConstants
instanceKlass org/jetbrains/kotlin/resolve/AnnotationsKt
instanceKlass org/jetbrains/kotlin/resolve/checkers/KotlinVersionStringAnnotationValueChecker
instanceKlass org/jetbrains/kotlin/resolve/checkers/InfixModifierChecker
instanceKlass org/jetbrains/kotlin/resolve/checkers/InlineParameterChecker
instanceKlass org/jetbrains/kotlin/resolve/checkers/UnderscoreChecker
instanceKlass org/jetbrains/kotlin/resolve/checkers/ConstModifierChecker
instanceKlass org/jetbrains/kotlin/resolve/checkers/DataClassDeclarationChecker
instanceKlass org/jetbrains/kotlin/resolve/checkers/ExpectActualClassifiersAreInBetaChecker
instanceKlass org/jetbrains/kotlin/resolve/checkers/ActualClassifierMustHasTheSameMembersAsNonFinalExpectClassifierChecker
instanceKlass org/jetbrains/kotlin/resolve/checkers/ExpectActualInTheSameModuleChecker
instanceKlass org/jetbrains/kotlin/resolve/PlatformConfiguratorBaseKt
instanceKlass org/jetbrains/kotlin/container/ComponentRegistry
instanceKlass com/intellij/util/containers/MultiMap
instanceKlass org/jetbrains/kotlin/container/ComponentStorage
instanceKlass org/jetbrains/kotlin/container/ValueResolver
instanceKlass org/jetbrains/kotlin/container/ComponentResolveContext
instanceKlass org/jetbrains/kotlin/container/ValueResolveContext
instanceKlass org/jetbrains/kotlin/container/DslKt
instanceKlass org/jetbrains/kotlin/container/StorageComponentContainer
instanceKlass org/jetbrains/kotlin/container/ComponentProvider
instanceKlass org/jetbrains/kotlin/container/ComponentContainer
instanceKlass org/jetbrains/kotlin/resolve/jvm/JvmDeclarationReturnTypeSanitizer
instanceKlass org/jetbrains/kotlin/resolve/DeclarationReturnTypeSanitizer
instanceKlass org/jetbrains/kotlin/resolve/jvm/JvmOverridesBackwardCompatibilityHelper
instanceKlass org/jetbrains/kotlin/resolve/OverridesBackwardCompatibilityHelper
instanceKlass org/jetbrains/kotlin/resolve/jvm/JvmDelegationFilter
instanceKlass org/jetbrains/kotlin/resolve/lazy/DelegationFilter
instanceKlass org/jetbrains/kotlin/resolve/jvm/JvmOverloadFilter
instanceKlass org/jetbrains/kotlin/resolve/OverloadFilter
instanceKlass org/jetbrains/kotlin/resolve/jvm/checkers/JvmSimpleNameBacktickChecker
instanceKlass org/jetbrains/kotlin/resolve/IdentifierChecker
instanceKlass org/jetbrains/kotlin/resolve/sam/SamConversionResolver$Empty
instanceKlass org/jetbrains/kotlin/container/PlatformExtensionsClashResolver
instanceKlass org/jetbrains/kotlin/resolve/jvm/checkers/SynchronizedAnnotationOnLambdaChecker
instanceKlass org/jetbrains/kotlin/resolve/jvm/checkers/ExplicitMetadataChecker
instanceKlass org/jetbrains/kotlin/name/StandardClassIdsKt
instanceKlass org/jetbrains/kotlin/name/StandardClassIds
instanceKlass org/jetbrains/kotlin/name/JvmStandardClassIds
instanceKlass org/jetbrains/kotlin/resolve/jvm/checkers/FileClassAnnotationsChecker
instanceKlass org/jetbrains/kotlin/resolve/AdditionalAnnotationChecker
instanceKlass org/jetbrains/kotlin/resolve/jvm/checkers/MissingBuiltInDeclarationChecker$ClassifierUsage
instanceKlass org/jetbrains/kotlin/resolve/checkers/BigFunctionTypeAvailabilityChecker
instanceKlass org/jetbrains/kotlin/resolve/checkers/ClassifierUsageChecker
instanceKlass org/jetbrains/kotlin/resolve/jvm/checkers/JvmArrayVariableInLoopAssignmentChecker
instanceKlass org/jetbrains/kotlin/resolve/jvm/checkers/JavaTypeAccessibilityChecker
instanceKlass org/jetbrains/kotlin/resolve/jvm/platform/JavaGenericVarianceViolationTypeChecker
instanceKlass org/jetbrains/kotlin/resolve/jvm/RuntimeAssertionsTypeChecker
instanceKlass org/jetbrains/kotlin/resolve/calls/checkers/AdditionalTypeChecker
instanceKlass org/jetbrains/kotlin/diagnostics/rendering/DiagnosticFactoryToRendererMap
instanceKlass org/jetbrains/kotlin/diagnostics/rendering/DefaultErrorMessages$Extension
instanceKlass org/jetbrains/kotlin/diagnostics/Errors$Initializer
instanceKlass org/jetbrains/kotlin/diagnostics/DiagnosticFactoryForDeprecation4$Companion
instanceKlass org/jetbrains/kotlin/diagnostics/ClassicPositioningStrategies
instanceKlass org/jetbrains/kotlin/diagnostics/DiagnosticFactoryForDeprecation2$Companion
instanceKlass org/jetbrains/kotlin/diagnostics/DiagnosticFactoryForDeprecation0$Companion
instanceKlass org/jetbrains/kotlin/diagnostics/DiagnosticFactoryForDeprecation1$Companion
instanceKlass org/jetbrains/kotlin/diagnostics/DiagnosticFactoryForDeprecation3$Companion
instanceKlass org/jetbrains/kotlin/diagnostics/DiagnosticFactoryForDeprecation
instanceKlass org/jetbrains/kotlin/diagnostics/PositioningStrategy
instanceKlass org/jetbrains/kotlin/diagnostics/PositioningStrategies
instanceKlass org/jetbrains/kotlin/diagnostics/DiagnosticFactory$Companion
instanceKlass org/jetbrains/kotlin/diagnostics/ParametrizedDiagnostic
instanceKlass org/jetbrains/kotlin/diagnostics/Errors
instanceKlass org/jetbrains/kotlin/diagnostics/DiagnosticFactory
instanceKlass org/jetbrains/kotlin/resolve/jvm/checkers/JvmSyntheticAssignmentChecker
instanceKlass org/jetbrains/kotlin/resolve/calls/checkers/AssignmentChecker
instanceKlass org/jetbrains/kotlin/resolve/jvm/checkers/JvmPropertyVsFieldAmbiguityCallChecker
instanceKlass org/jetbrains/kotlin/resolve/calls/checkers/LateinitIntrinsicApplicabilityChecker
instanceKlass org/jetbrains/kotlin/resolve/jvm/checkers/UpperBoundViolatedInTypealiasConstructorChecker
instanceKlass org/jetbrains/kotlin/resolve/jvm/checkers/EnumDeclaringClassDeprecationChecker
instanceKlass org/jetbrains/kotlin/resolve/jvm/checkers/SamInterfaceConstructorReferenceCallChecker
instanceKlass org/jetbrains/kotlin/resolve/jvm/checkers/PolymorphicSignatureCallChecker
instanceKlass org/jetbrains/kotlin/resolve/jvm/checkers/InconsistentOperatorFromJavaCallChecker
instanceKlass org/jetbrains/kotlin/resolve/jvm/checkers/ApiVersionIsAtLeastArgumentsChecker
instanceKlass org/jetbrains/kotlin/resolve/jvm/RuntimeAssertionsOnExtensionReceiverCallChecker
instanceKlass org/jetbrains/kotlin/resolve/jvm/checkers/ProtectedSyntheticExtensionCallChecker
instanceKlass org/jetbrains/kotlin/resolve/jvm/checkers/SuperCallWithDefaultArgumentsChecker
instanceKlass org/jetbrains/kotlin/resolve/jvm/checkers/UnsupportedSyntheticCallableReferenceChecker
instanceKlass org/jetbrains/kotlin/resolve/jvm/checkers/ProtectedInSuperClassCompanionCallChecker
instanceKlass org/jetbrains/kotlin/resolve/jvm/checkers/JavaClassOnCompanionChecker
instanceKlass org/jetbrains/kotlin/resolve/jvm/checkers/SuspensionPointInsideMutexLockChecker
instanceKlass org/jetbrains/kotlin/resolve/jvm/checkers/JavaAnnotationCallChecker$Companion
instanceKlass org/jetbrains/kotlin/resolve/jvm/checkers/JavaAnnotationCallChecker
instanceKlass org/jetbrains/kotlin/resolve/jvm/checkers/MissingBuiltInDeclarationChecker
instanceKlass org/jetbrains/kotlin/resolve/calls/checkers/CallChecker
instanceKlass org/jetbrains/kotlin/resolve/jvm/checkers/JavaOverrideWithWrongNullabilityOverrideChecker
instanceKlass org/jetbrains/kotlin/resolve/jvm/checkers/ClassInheritsJavaSealedClassChecker
instanceKlass org/jetbrains/kotlin/resolve/jvm/checkers/FunctionDelegateMemberNameClashChecker
instanceKlass org/jetbrains/kotlin/resolve/jvm/checkers/DefaultCheckerInTailrec
instanceKlass org/jetbrains/kotlin/resolve/jvm/checkers/JvmMultifileClassStateChecker
instanceKlass org/jetbrains/kotlin/resolve/jvm/checkers/BadInheritedJavaSignaturesChecker
instanceKlass org/jetbrains/kotlin/resolve/jvm/checkers/SuspendInFunInterfaceChecker
instanceKlass org/jetbrains/kotlin/util/capitalizeDecapitalize/CapitalizeDecapitalizeKt
instanceKlass org/jetbrains/kotlin/resolve/jvm/checkers/JvmAnnotationsTargetNonExistentAccessorChecker$Companion
instanceKlass org/jetbrains/kotlin/resolve/jvm/checkers/JvmAnnotationsTargetNonExistentAccessorChecker
instanceKlass org/jetbrains/kotlin/resolve/jvm/checkers/StrictfpApplicabilityChecker
instanceKlass org/jetbrains/kotlin/resolve/jvm/checkers/JvmInlineApplicabilityChecker
instanceKlass org/jetbrains/kotlin/resolve/jvm/checkers/JvmSyntheticApplicabilityChecker
instanceKlass org/jetbrains/kotlin/resolve/jvm/checkers/TypeParameterBoundIsNotArrayChecker
instanceKlass org/jetbrains/kotlin/resolve/jvm/checkers/JvmFieldApplicabilityChecker
instanceKlass org/jetbrains/kotlin/resolve/jvm/checkers/OverloadsAnnotationChecker
instanceKlass org/jetbrains/kotlin/resolve/jvm/checkers/ExternalFunChecker
instanceKlass org/jetbrains/kotlin/resolve/jvm/checkers/LocalFunInlineChecker
instanceKlass org/jetbrains/kotlin/resolve/jvm/checkers/SynchronizedAnnotationChecker
instanceKlass org/jetbrains/kotlin/resolve/jvm/checkers/JvmNameAnnotationChecker
instanceKlass org/jetbrains/kotlin/resolve/checkers/DeclarationChecker
instanceKlass org/jetbrains/kotlin/resolve/PlatformConfiguratorBase
instanceKlass org/jetbrains/kotlin/resolve/PlatformConfigurator
instanceKlass org/jetbrains/kotlin/resolve/ImportPath$Companion
instanceKlass org/jetbrains/kotlin/resolve/ImportPath
instanceKlass org/jetbrains/kotlin/resolve/DefaultImportProvider$DefaultImportsKey
instanceKlass org/jetbrains/kotlin/resolve/DefaultImportProvider
instanceKlass org/jetbrains/kotlin/resolve/SealedClassInheritorsProvider
instanceKlass org/jetbrains/kotlin/config/KotlinCompilerVersion
instanceKlass org/jetbrains/kotlin/config/LanguageVersionSettingsKt
instanceKlass org/jetbrains/kotlin/config/ExplicitApiMode$Companion
instanceKlass org/jetbrains/kotlin/config/AnalysisFlag$Delegates$ApiModeDisabledByDefault
instanceKlass org/jetbrains/kotlin/config/AnalysisFlag$Delegates$ListOfStrings
instanceKlass org/jetbrains/kotlin/config/AnalysisFlag
instanceKlass org/jetbrains/kotlin/config/AnalysisFlag$Delegate
instanceKlass org/jetbrains/kotlin/config/AnalysisFlag$Delegates$Boolean
instanceKlass kotlin/reflect/jvm/internal/KProperty0Impl$$Lambda$1
instanceKlass kotlin/reflect/jvm/internal/KProperty0Impl$$Lambda$0
instanceKlass org/jetbrains/kotlin/config/AnalysisFlags
instanceKlass org/jetbrains/kotlin/resolve/CompilerDeserializationConfiguration
instanceKlass org/jetbrains/kotlin/load/kotlin/JvmPackagePartProviderBase$Companion
instanceKlass org/jetbrains/kotlin/load/kotlin/JvmPackagePartProviderBase
instanceKlass org/jetbrains/kotlin/load/kotlin/PackageAndMetadataPartProvider
instanceKlass org/jetbrains/kotlin/serialization/deserialization/MetadataPartProvider
instanceKlass org/jetbrains/kotlin/load/kotlin/PackagePartProvider
instanceKlass org/jetbrains/kotlin/resolve/lazy/declarations/FileBasedDeclarationProviderFactory$Index
instanceKlass org/jetbrains/kotlin/resolve/lazy/declarations/PackageMemberDeclarationProvider
instanceKlass org/jetbrains/kotlin/resolve/lazy/declarations/ClassMemberDeclarationProvider
instanceKlass org/jetbrains/kotlin/resolve/lazy/declarations/DeclarationProvider
instanceKlass org/jetbrains/kotlin/frontend/java/di/InjectionKt
instanceKlass org/jetbrains/kotlin/descriptors/impl/ModuleDependenciesImpl
instanceKlass org/jetbrains/kotlin/descriptors/impl/ModuleDependencies
instanceKlass org/jetbrains/kotlin/descriptors/TypeAliasDescriptor
instanceKlass org/jetbrains/kotlin/mpp/TypeAliasSymbolMarker
instanceKlass org/jetbrains/kotlin/protobuf/SmallSortedMap$EntryIterator
instanceKlass org/jetbrains/kotlin/protobuf/GeneratedMessageLite$ExtendableMessage$ExtensionWriter
instanceKlass org/jetbrains/kotlin/serialization/deserialization/descriptors/DeserializedMemberScope$OptimizedImplementation
instanceKlass org/jetbrains/kotlin/serialization/deserialization/descriptors/DeserializedMemberScope$Implementation
instanceKlass org/jetbrains/kotlin/serialization/deserialization/MemberDeserializer
instanceKlass org/jetbrains/kotlin/serialization/deserialization/TypeDeserializer
instanceKlass org/jetbrains/kotlin/serialization/deserialization/DeserializationContext
instanceKlass org/jetbrains/kotlin/metadata/deserialization/VersionRequirementTable$Companion
instanceKlass org/jetbrains/kotlin/metadata/deserialization/VersionRequirementTable
instanceKlass org/jetbrains/kotlin/metadata/deserialization/TypeTable
instanceKlass org/jetbrains/kotlin/serialization/deserialization/ClassDeserializer$ClassKey
instanceKlass org/jetbrains/kotlin/serialization/deserialization/ClassDeserializer$Companion
instanceKlass org/jetbrains/kotlin/serialization/deserialization/ClassDeserializer
instanceKlass org/jetbrains/kotlin/serialization/deserialization/EnumEntriesDeserializationSupport$Default
instanceKlass org/jetbrains/kotlin/serialization/deserialization/EnumEntriesDeserializationSupport
instanceKlass org/jetbrains/kotlin/resolve/OverridingUtil$1
instanceKlass org/jetbrains/kotlin/load/java/JavaIncompatibilityRulesOverridabilityCondition$Companion
instanceKlass org/jetbrains/kotlin/load/java/JavaIncompatibilityRulesOverridabilityCondition
instanceKlass org/jetbrains/kotlin/load/java/ErasedOverridabilityCondition
instanceKlass org/jetbrains/kotlin/load/java/FieldOverridabilityCondition
instanceKlass org/jetbrains/kotlin/resolve/ExternalOverridabilityCondition
instanceKlass org/jetbrains/kotlin/types/checker/KotlinTypeChecker$TypeConstructorEquality
instanceKlass org/jetbrains/kotlin/resolve/OverridingUtil
instanceKlass org/jetbrains/kotlin/types/AbstractTypePreparator
instanceKlass org/jetbrains/kotlin/types/checker/NewKotlinTypeCheckerImpl
instanceKlass org/jetbrains/kotlin/types/checker/NewKotlinTypeChecker$Companion
instanceKlass org/jetbrains/kotlin/types/checker/NewKotlinTypeChecker
instanceKlass org/jetbrains/kotlin/types/checker/KotlinTypeChecker
instanceKlass org/jetbrains/kotlin/resolve/sam/SamConversionResolverImpl
instanceKlass org/jetbrains/kotlin/resolve/sam/SamConversionResolver
instanceKlass org/jetbrains/kotlin/container/PlatformSpecificExtension
instanceKlass org/jetbrains/kotlin/serialization/deserialization/ContractDeserializer$Companion$DEFAULT$1
instanceKlass org/jetbrains/kotlin/serialization/deserialization/ContractDeserializer$Companion
instanceKlass org/jetbrains/kotlin/serialization/deserialization/ContractDeserializer
instanceKlass org/jetbrains/kotlin/serialization/deserialization/FlexibleTypeDeserializer$ThrowException
instanceKlass org/jetbrains/kotlin/serialization/deserialization/FlexibleTypeDeserializer
instanceKlass org/jetbrains/kotlin/serialization/deserialization/ErrorReporter$1
instanceKlass org/jetbrains/kotlin/serialization/deserialization/ErrorReporter
instanceKlass org/jetbrains/kotlin/serialization/deserialization/LocalClassifierTypeSettings$Default
instanceKlass org/jetbrains/kotlin/serialization/deserialization/LocalClassifierTypeSettings
instanceKlass org/jetbrains/kotlin/resolve/constants/ConstantValue
instanceKlass org/jetbrains/kotlin/serialization/deserialization/AnnotationDeserializer
instanceKlass org/jetbrains/kotlin/serialization/deserialization/AbstractAnnotationLoader
instanceKlass org/jetbrains/kotlin/serialization/deserialization/AnnotationAndConstantLoader
instanceKlass org/jetbrains/kotlin/serialization/deserialization/AnnotationLoader
instanceKlass org/jetbrains/kotlin/serialization/deserialization/DeserializedClassDataFinder
instanceKlass org/jetbrains/kotlin/serialization/deserialization/DeserializationConfiguration$Default
instanceKlass org/jetbrains/kotlin/serialization/deserialization/DeserializationConfiguration
instanceKlass org/jetbrains/kotlin/serialization/deserialization/DeserializationComponents
instanceKlass org/jetbrains/kotlin/descriptors/NotFoundClasses$ClassRequest
instanceKlass org/jetbrains/kotlin/descriptors/NotFoundClasses
instanceKlass org/jetbrains/kotlin/descriptors/PackageFragmentProviderImpl
instanceKlass org/jetbrains/kotlin/metadata/deserialization/NameResolverImpl$WhenMappings
instanceKlass org/jetbrains/kotlin/protobuf/Utf8
instanceKlass org/jetbrains/kotlin/serialization/deserialization/NameResolverUtilKt
instanceKlass org/jetbrains/kotlin/serialization/deserialization/ProtoBasedClassDataFinder
instanceKlass org/jetbrains/kotlin/serialization/deserialization/ClassDataFinder
instanceKlass org/jetbrains/kotlin/metadata/deserialization/NameResolverImpl
instanceKlass org/jetbrains/kotlin/metadata/deserialization/NameResolver
instanceKlass org/jetbrains/kotlin/metadata/ProtoBuf$Type$Argument$Projection$1
instanceKlass org/jetbrains/kotlin/metadata/ProtoBuf$Type$ArgumentOrBuilder
instanceKlass org/jetbrains/kotlin/protobuf/SmallSortedMap$Entry
instanceKlass org/jetbrains/kotlin/protobuf/FieldSet$1
instanceKlass org/jetbrains/kotlin/metadata/ProtoBuf$Annotation$ArgumentOrBuilder
instanceKlass org/jetbrains/kotlin/protobuf/AbstractMessageLite$Builder
instanceKlass org/jetbrains/kotlin/protobuf/GeneratedMessageLite$1
instanceKlass org/jetbrains/kotlin/metadata/ProtoBuf$QualifiedNameTable$QualifiedName$Kind$1
instanceKlass org/jetbrains/kotlin/metadata/ProtoBuf$QualifiedNameTable$QualifiedNameOrBuilder
instanceKlass org/jetbrains/kotlin/protobuf/WireFormat
instanceKlass org/jetbrains/kotlin/protobuf/CodedOutputStream
instanceKlass org/jetbrains/kotlin/protobuf/CodedInputStream
instanceKlass org/jetbrains/kotlin/metadata/ProtoBuf$QualifiedNameTableOrBuilder
instanceKlass org/jetbrains/kotlin/protobuf/LazyStringList
instanceKlass org/jetbrains/kotlin/protobuf/ProtocolStringList
instanceKlass org/jetbrains/kotlin/metadata/ProtoBuf$StringTableOrBuilder
instanceKlass org/jetbrains/kotlin/metadata/ProtoBuf$PackageFragmentOrBuilder
instanceKlass org/jetbrains/kotlin/metadata/builtins/BuiltInsBinaryVersion$Companion
instanceKlass org/jetbrains/kotlin/metadata/deserialization/BinaryVersion$Companion
instanceKlass org/jetbrains/kotlin/metadata/deserialization/BinaryVersion
instanceKlass org/jetbrains/kotlin/metadata/builtins/ReadPackageFragmentKt
instanceKlass org/jetbrains/kotlin/serialization/deserialization/builtins/BuiltInsPackageFragmentImpl$Companion
instanceKlass org/jetbrains/kotlin/protobuf/ExtensionRegistryLite$ObjectIntPair
instanceKlass org/jetbrains/kotlin/metadata/ProtoBuf$TypeParameter$Variance$1
instanceKlass org/jetbrains/kotlin/metadata/ProtoBuf$TypeParameterOrBuilder
instanceKlass org/jetbrains/kotlin/metadata/ProtoBuf$EnumEntryOrBuilder
instanceKlass org/jetbrains/kotlin/metadata/ProtoBuf$Annotation$Argument$Value$Type$1
instanceKlass org/jetbrains/kotlin/protobuf/Internal$EnumLiteMap
instanceKlass org/jetbrains/kotlin/metadata/ProtoBuf$Annotation$Argument$ValueOrBuilder
instanceKlass org/jetbrains/kotlin/metadata/ProtoBuf$ValueParameterOrBuilder
instanceKlass org/jetbrains/kotlin/metadata/ProtoBuf$PropertyOrBuilder
instanceKlass org/jetbrains/kotlin/metadata/ProtoBuf$ContractOrBuilder
instanceKlass org/jetbrains/kotlin/metadata/ProtoBuf$FunctionOrBuilder
instanceKlass org/jetbrains/kotlin/metadata/ProtoBuf$ConstructorOrBuilder
instanceKlass org/jetbrains/kotlin/metadata/ProtoBuf$AnnotationOrBuilder
instanceKlass org/jetbrains/kotlin/metadata/ProtoBuf$TypeOrBuilder
instanceKlass org/jetbrains/kotlin/metadata/ProtoBuf$ClassOrBuilder
instanceKlass org/jetbrains/kotlin/protobuf/Internal$EnumLite
instanceKlass org/jetbrains/kotlin/protobuf/GeneratedMessageLite$ExtensionDescriptor
instanceKlass org/jetbrains/kotlin/protobuf/GeneratedMessageLite$GeneratedExtension
instanceKlass org/jetbrains/kotlin/metadata/ProtoBuf$VersionRequirementTableOrBuilder
instanceKlass org/jetbrains/kotlin/metadata/ProtoBuf$TypeTableOrBuilder
instanceKlass org/jetbrains/kotlin/protobuf/ByteString$ByteIterator
instanceKlass org/jetbrains/kotlin/protobuf/ByteString
instanceKlass org/jetbrains/kotlin/protobuf/SmallSortedMap$EmptySet$2
instanceKlass org/jetbrains/kotlin/protobuf/SmallSortedMap$EmptySet$1
instanceKlass org/jetbrains/kotlin/protobuf/SmallSortedMap$EmptySet
instanceKlass org/jetbrains/kotlin/protobuf/LazyFieldLite
instanceKlass org/jetbrains/kotlin/protobuf/FieldSet
instanceKlass org/jetbrains/kotlin/protobuf/AbstractParser
instanceKlass org/jetbrains/kotlin/protobuf/MessageLite$Builder
instanceKlass org/jetbrains/kotlin/protobuf/Parser
instanceKlass org/jetbrains/kotlin/protobuf/FieldSet$FieldDescriptorLite
instanceKlass org/jetbrains/kotlin/protobuf/AbstractMessageLite
instanceKlass org/jetbrains/kotlin/metadata/ProtoBuf$PackageOrBuilder
instanceKlass org/jetbrains/kotlin/protobuf/GeneratedMessageLite$ExtendableMessageOrBuilder
instanceKlass org/jetbrains/kotlin/protobuf/MessageLite
instanceKlass org/jetbrains/kotlin/protobuf/MessageLiteOrBuilder
instanceKlass org/jetbrains/kotlin/metadata/builtins/BuiltInsProtoBuf
instanceKlass org/jetbrains/kotlin/protobuf/ExtensionRegistryLite
instanceKlass org/jetbrains/kotlin/serialization/SerializerExtensionProtocol
instanceKlass org/jetbrains/kotlin/utils/WrappedValues$ThrowableWrapper
instanceKlass org/jetbrains/kotlin/storage/LockBasedStorageManager$CacheWithNullableValuesBasedOnMemoizedFunction$1
instanceKlass org/jetbrains/kotlin/types/KotlinTypeFactory$EMPTY_REFINED_TYPE_FACTORY$1
instanceKlass org/jetbrains/kotlin/types/KotlinTypeFactory
instanceKlass org/jetbrains/kotlin/util/ArrayMap
instanceKlass org/jetbrains/kotlin/util/TypeRegistry
instanceKlass org/jetbrains/kotlin/util/AbstractArrayMapOwner
instanceKlass org/javacs/kt/KotlinTextDocumentService$WhenMappings
instanceKlass org/jetbrains/kotlin/psi/UserDataProperty
instanceKlass org/jetbrains/kotlin/psi/psiUtil/KtPsiUtilKt
instanceKlass org/jetbrains/kotlin/descriptors/FieldDescriptor
instanceKlass org/jetbrains/kotlin/descriptors/PropertySetterDescriptor
instanceKlass org/jetbrains/kotlin/descriptors/PropertyGetterDescriptor
instanceKlass org/jetbrains/kotlin/descriptors/PropertyAccessorDescriptor
instanceKlass org/jetbrains/kotlin/descriptors/VariableAccessorDescriptor
instanceKlass org/jetbrains/kotlin/types/error/ErrorPropertyDescriptor
instanceKlass org/jetbrains/kotlin/descriptors/PropertyDescriptor
instanceKlass org/jetbrains/kotlin/mpp/PropertySymbolMarker
instanceKlass org/jetbrains/kotlin/descriptors/VariableDescriptorWithAccessors
instanceKlass org/jetbrains/kotlin/types/error/ErrorTypeConstructor
instanceKlass org/jetbrains/kotlin/types/error/ErrorScope
instanceKlass org/jetbrains/kotlin/cli/common/ModuleVisibilityHelperImpl
instanceKlass org/jetbrains/kotlin/descriptors/DescriptorVisibilities$12
instanceKlass org/jetbrains/kotlin/descriptors/DescriptorVisibilities$11
instanceKlass org/jetbrains/kotlin/descriptors/DescriptorVisibilities$10
instanceKlass org/jetbrains/kotlin/util/ModuleVisibilityHelper
instanceKlass org/jetbrains/kotlin/descriptors/DescriptorVisibility
instanceKlass org/jetbrains/kotlin/descriptors/Visibility
instanceKlass org/jetbrains/kotlin/descriptors/DescriptorVisibilities
instanceKlass org/jetbrains/kotlin/name/SpecialNames
instanceKlass org/jetbrains/kotlin/resolve/scopes/receivers/ReceiverValue
instanceKlass org/jetbrains/kotlin/resolve/scopes/receivers/Receiver
instanceKlass org/jetbrains/kotlin/descriptors/FunctionDescriptor$CopyBuilder
instanceKlass org/jetbrains/kotlin/descriptors/CallableMemberDescriptor$CopyBuilder
instanceKlass org/jetbrains/kotlin/descriptors/ClassConstructorDescriptor
instanceKlass org/jetbrains/kotlin/mpp/ConstructorSymbolMarker
instanceKlass org/jetbrains/kotlin/descriptors/ConstructorDescriptor
instanceKlass org/jetbrains/kotlin/types/error/ErrorModuleDescriptor
instanceKlass org/jetbrains/kotlin/types/error/ErrorUtils
instanceKlass org/jetbrains/kotlin/types/TypeProjection
instanceKlass org/jetbrains/kotlin/types/model/TypeArgumentMarker
instanceKlass org/jetbrains/kotlin/types/TypeUtils
instanceKlass org/jetbrains/kotlin/descriptors/impl/AbstractClassDescriptor$1$1
instanceKlass org/jetbrains/kotlin/types/AbstractTypeRefiner
instanceKlass org/jetbrains/kotlin/types/checker/KotlinTypeRefinerKt
instanceKlass org/jetbrains/kotlin/resolve/descriptorUtil/DescriptorUtilsKt
instanceKlass org/jetbrains/kotlin/psi/KtExpressionImpl$Companion
instanceKlass java/util/function/IntUnaryOperator
instanceKlass com/intellij/openapi/project/ProjectCoreUtil
instanceKlass org/javacs/kt/position/PositionKt
instanceKlass com/intellij/openapi/util/TextRange
instanceKlass com/intellij/openapi/util/Segment
instanceKlass org/jetbrains/kotlin/descriptors/FunctionDescriptor
instanceKlass org/jetbrains/kotlin/mpp/FunctionSymbolMarker
instanceKlass org/jetbrains/kotlin/descriptors/CallableMemberDescriptor
instanceKlass org/jetbrains/kotlin/resolve/DescriptorUtils
instanceKlass org/jetbrains/kotlin/psi/KtPsiUtil
instanceKlass org/jetbrains/kotlin/resolve/scopes/MemberScopeImpl
instanceKlass org/jetbrains/kotlin/psi/KtNameReferenceExpression$Companion
instanceKlass org/jetbrains/kotlin/psi/KtDotQualifiedExpression$Companion
instanceKlass com/intellij/psi/impl/source/SourceTreeToPsiMap
instanceKlass org/jetbrains/kotlin/types/AbstractTypeConstructor$Supertypes
instanceKlass org/jetbrains/kotlin/descriptors/SupertypeLoopChecker
instanceKlass com/google/common/math/IntMath$1
instanceKlass org/jetbrains/kotlin/types/ClassifierBasedTypeConstructor
instanceKlass com/google/common/math/MathPreconditions
instanceKlass com/google/common/math/IntMath
instanceKlass org/jetbrains/kotlin/descriptors/ReceiverParameterDescriptor
instanceKlass org/jetbrains/kotlin/descriptors/impl/AbstractClassDescriptor$3
instanceKlass org/jetbrains/kotlin/descriptors/impl/AbstractClassDescriptor$2
instanceKlass org/jetbrains/kotlin/descriptors/impl/AbstractClassDescriptor$1
instanceKlass org/jetbrains/kotlin/descriptors/Modality$Companion
instanceKlass com/google/common/collect/ImmutableSet$SetBuilderImpl
instanceKlass org/jetbrains/kotlin/descriptors/impl/ModuleAwareClassDescriptor$Companion
instanceKlass org/jetbrains/kotlin/types/TypeConstructor
instanceKlass org/jetbrains/kotlin/types/model/TypeConstructorMarker
instanceKlass org/jetbrains/kotlin/resolve/scopes/MemberScope
instanceKlass org/jetbrains/kotlin/resolve/scopes/ResolutionScope
instanceKlass org/jetbrains/kotlin/util/OperatorNameConventions
instanceKlass com/intellij/concurrency/ThreadContext
instanceKlass org/jetbrains/kotlin/renderer/KeywordStringsGenerated
instanceKlass org/jetbrains/kotlin/renderer/RenderingUtilsKt
instanceKlass org/jetbrains/kotlin/descriptors/ModuleDescriptor$DefaultImpls
instanceKlass com/intellij/openapi/progress/WrappedProgressIndicator
instanceKlass com/intellij/openapi/progress/impl/NonCancelableIndicator
instanceKlass com/intellij/openapi/progress/StandardProgressIndicator
instanceKlass com/intellij/openapi/progress/Cancellation
instanceKlass org/jetbrains/kotlin/renderer/DescriptorRendererImpl$RenderDeclarationDescriptorVisitor
instanceKlass com/intellij/openapi/util/ThrowableComputable
instanceKlass org/jetbrains/kotlin/descriptors/DeclarationDescriptorVisitor
instanceKlass com/intellij/psi/tree/ILeafElementType
instanceKlass com/intellij/psi/tree/ICustomParsingType
instanceKlass com/intellij/lang/WhitespacesAndCommentsBinder$RecursiveBinder
instanceKlass com/intellij/lang/impl/PsiBuilderImpl$RelativeTokenTextView
instanceKlass org/jetbrains/kotlin/parsing/PrecedingDocCommentsBinder
instanceKlass org/jetbrains/kotlin/parsing/PrecedingCommentsBinder
instanceKlass org/jetbrains/kotlin/parsing/AbstractKotlinParsing$OptionalMarker
instanceKlass org/jetbrains/kotlin/parsing/KotlinParsing$ModifierDetector
instanceKlass com/intellij/lang/WhitespacesBinders$2
instanceKlass com/intellij/lang/WhitespacesBinders$1
instanceKlass com/intellij/lang/WhitespacesBinders
instanceKlass org/jetbrains/kotlin/parsing/TrailingCommentsBinder
instanceKlass it/unimi/dsi/fastutil/Arrays
instanceKlass org/jetbrains/kotlin/renderer/ClassifierNamePolicy$FULLY_QUALIFIED
instanceKlass org/jetbrains/kotlin/renderer/ClassifierNamePolicy$SHORT
instanceKlass com/google/common/collect/Hashing
instanceKlass com/google/common/base/Preconditions
instanceKlass com/google/common/collect/ImmutableCollection$Builder
instanceKlass com/google/common/collect/CollectPreconditions
instanceKlass com/google/common/collect/AbstractMapEntry
instanceKlass com/google/common/collect/ImmutableMap$Builder
instanceKlass org/jetbrains/kotlin/renderer/ExcludedTypeAnnotations
instanceKlass org/jetbrains/kotlin/renderer/DescriptorRenderer$ValueParametersHandler$DEFAULT
instanceKlass org/jetbrains/kotlin/renderer/DescriptorRenderer$ValueParametersHandler
instanceKlass com/google/common/collect/UnmodifiableIterator
instanceKlass org/jetbrains/kotlin/descriptors/ValueParameterDescriptor
instanceKlass com/google/common/collect/BiMap
instanceKlass org/jetbrains/kotlin/mpp/ValueParameterSymbolMarker
instanceKlass org/jetbrains/kotlin/descriptors/VariableDescriptor
instanceKlass org/jetbrains/kotlin/descriptors/ParameterDescriptor
instanceKlass org/jetbrains/kotlin/descriptors/ValueDescriptor
instanceKlass org/jetbrains/kotlin/descriptors/CallableDescriptor
instanceKlass org/jetbrains/kotlin/mpp/CallableSymbolMarker
instanceKlass com/google/common/collect/ImmutableMap
instanceKlass org/jetbrains/kotlin/renderer/DescriptorRendererModifier$Companion
instanceKlass org/jetbrains/kotlin/parsing/AbstractTokenStreamPredicate
instanceKlass org/jetbrains/kotlin/renderer/ClassifierNamePolicy$SOURCE_CODE_QUALIFIED
instanceKlass org/jetbrains/kotlin/renderer/ClassifierNamePolicy
instanceKlass org/jetbrains/kotlin/renderer/DescriptorRendererOptionsImpl
instanceKlass org/jetbrains/kotlin/parsing/TokenStreamPredicate
instanceKlass org/jetbrains/kotlin/parsing/Consumer
instanceKlass org/jetbrains/kotlin/parsing/AbstractTokenStreamPattern
instanceKlass org/jetbrains/kotlin/parsing/TokenStreamPattern
instanceKlass com/intellij/lang/WhitespacesAndCommentsBinder
instanceKlass org/jetbrains/kotlin/parsing/AbstractKotlinParsing
instanceKlass com/intellij/lang/impl/PsiBuilderAdapter
instanceKlass org/jetbrains/kotlin/parsing/SemanticWhitespaceAwarePsiBuilder
instanceKlass org/jetbrains/kotlin/parsing/KotlinParser
instanceKlass org/jetbrains/kotlin/renderer/DescriptorRendererOptions
instanceKlass com/intellij/lang/impl/TokenSequence$Builder
instanceKlass org/jetbrains/kotlin/renderer/DescriptorRenderer$Companion
instanceKlass org/jetbrains/kotlin/renderer/DescriptorRenderer
instanceKlass com/intellij/lang/impl/TokenSequence
instanceKlass org/jetbrains/kotlin/descriptors/SourceElement$1
instanceKlass com/intellij/lexer/TokenList
instanceKlass org/jetbrains/kotlin/descriptors/SourceElement
instanceKlass com/intellij/lang/impl/PsiBuilderImpl$Token
instanceKlass com/intellij/lang/LighterLazyParseableNode
instanceKlass org/jetbrains/kotlin/builtins/jvm/JavaToKotlinClassMapper
instanceKlass org/jetbrains/kotlin/builtins/PlatformToKotlinClassMapper
instanceKlass org/jetbrains/kotlin/builtins/jvm/JvmBuiltIns$Settings
instanceKlass org/jetbrains/kotlin/storage/StorageKt
instanceKlass org/jetbrains/kotlin/descriptors/impl/ModuleAwareClassDescriptor
instanceKlass org/jetbrains/kotlin/descriptors/ClassDescriptor
instanceKlass org/jetbrains/kotlin/mpp/RegularClassSymbolMarker
instanceKlass org/jetbrains/kotlin/descriptors/ClassifierDescriptorWithTypeParameters
instanceKlass org/jetbrains/kotlin/mpp/ClassLikeSymbolMarker
instanceKlass org/jetbrains/kotlin/descriptors/Substitutable
instanceKlass org/jetbrains/kotlin/descriptors/MemberDescriptor
instanceKlass org/jetbrains/kotlin/descriptors/DeclarationDescriptorWithVisibility
instanceKlass org/jetbrains/kotlin/psi/KtOperationExpression
instanceKlass org/jetbrains/kotlin/builtins/BuiltInsPackageFragment
instanceKlass org/jetbrains/kotlin/descriptors/PackageFragmentDescriptor
instanceKlass org/jetbrains/kotlin/descriptors/ClassOrPackageFragmentDescriptor
instanceKlass org/jetbrains/kotlin/builtins/PrimitiveType$Companion
instanceKlass org/jetbrains/kotlin/name/ClassId$Companion
instanceKlass org/jetbrains/kotlin/name/ClassId
instanceKlass org/jetbrains/kotlin/builtins/StandardNames$FqNames
instanceKlass org/jetbrains/kotlin/builtins/StandardNames
instanceKlass org/jetbrains/kotlin/builtins/jvm/JvmBuiltInClassDescriptorFactory$Companion
instanceKlass org/jetbrains/kotlin/builtins/jvm/JvmBuiltInClassDescriptorFactory
instanceKlass org/jetbrains/kotlin/BlockExpressionElementType$Companion
instanceKlass org/jetbrains/kotlin/builtins/functions/BuiltInFictitiousFunctionClassFactory
instanceKlass org/jetbrains/kotlin/descriptors/deserialization/ClassDescriptorFactory
instanceKlass org/jetbrains/kotlin/serialization/deserialization/builtins/BuiltInsResourceLoader
instanceKlass org/jetbrains/kotlin/serialization/deserialization/builtins/BuiltInsLoaderImpl
instanceKlass org/jetbrains/kotlin/builtins/BuiltInsLoader$Companion
instanceKlass org/jetbrains/kotlin/builtins/BuiltInsLoader
instanceKlass org/jetbrains/kotlin/cli/jvm/compiler/TopDownAnalyzerFacadeForJVM$SourceOrBinaryModuleClassResolver
instanceKlass org/jetbrains/kotlin/load/java/lazy/ModuleClassResolver
instanceKlass org/jetbrains/kotlin/incremental/components/EnumWhenTracker$DoNothing
instanceKlass org/jetbrains/kotlin/incremental/components/EnumWhenTracker
instanceKlass org/jetbrains/kotlin/incremental/components/InlineConstTracker$DoNothing
instanceKlass org/jetbrains/kotlin/incremental/components/InlineConstTracker
instanceKlass org/jetbrains/kotlin/incremental/components/ExpectActualTracker$DoNothing
instanceKlass org/jetbrains/kotlin/incremental/components/ExpectActualTracker
instanceKlass org/jetbrains/kotlin/incremental/components/LookupTracker$DO_NOTHING
instanceKlass org/jetbrains/kotlin/incremental/components/LookupTracker
instanceKlass org/jetbrains/kotlin/builtins/KotlinBuiltIns$4
instanceKlass org/jetbrains/kotlin/context/MutableModuleContextImpl
instanceKlass org/jetbrains/kotlin/context/MutableModuleContext
instanceKlass org/jetbrains/kotlin/context/ModuleContext
instanceKlass org/jetbrains/kotlin/descriptors/impl/CompositePackageFragmentProvider
instanceKlass org/jetbrains/kotlin/descriptors/PackageFragmentProviderOptimized
instanceKlass org/jetbrains/kotlin/descriptors/PackageFragmentProvider
instanceKlass org/jetbrains/kotlin/descriptors/PackageViewDescriptor
instanceKlass org/jetbrains/kotlin/descriptors/impl/PackageViewDescriptorFactory$Default
instanceKlass org/jetbrains/kotlin/descriptors/ModuleCapability
instanceKlass org/jetbrains/kotlin/descriptors/impl/PackageViewDescriptorFactory$Companion
instanceKlass org/jetbrains/kotlin/descriptors/impl/PackageViewDescriptorFactory
instanceKlass org/jetbrains/kotlin/descriptors/annotations/Annotations$Companion$EMPTY$1
instanceKlass org/jetbrains/kotlin/descriptors/annotations/Annotations$Companion
instanceKlass org/jetbrains/kotlin/descriptors/annotations/Annotations
instanceKlass org/jetbrains/kotlin/descriptors/annotations/AnnotatedImpl
instanceKlass org/jetbrains/kotlin/builtins/jvm/JvmBuiltIns$WhenMappings
instanceKlass org/jetbrains/kotlin/builtins/jvm/JvmBuiltInsCustomizer
instanceKlass com/intellij/psi/tree/IReparseableElementTypeBase
instanceKlass org/jetbrains/kotlin/builtins/KotlinBuiltIns$3
instanceKlass com/intellij/psi/tree/ICompositeElementType
instanceKlass org/jetbrains/kotlin/builtins/KotlinBuiltIns$2
instanceKlass org/jetbrains/kotlin/storage/LockBasedStorageManager$LockBasedLazyValue
instanceKlass org/jetbrains/kotlin/builtins/KotlinBuiltIns$1
instanceKlass org/jetbrains/kotlin/KtNodeTypes
instanceKlass com/intellij/lang/PsiParser
instanceKlass org/jetbrains/kotlin/types/model/TypeArgumentListMarker
instanceKlass org/jetbrains/kotlin/kdoc/lexer/KDocTokens
instanceKlass org/jetbrains/kotlin/types/model/SimpleTypeMarker
instanceKlass org/jetbrains/kotlin/types/model/RigidTypeMarker
instanceKlass org/jetbrains/kotlin/lexer/KtTokens
instanceKlass org/jetbrains/kotlin/types/KotlinType
instanceKlass org/jetbrains/kotlin/incremental/components/LookupLocation
instanceKlass org/jetbrains/kotlin/descriptors/deserialization/AdditionalClassPartsProvider
instanceKlass org/jetbrains/kotlin/descriptors/ModuleDescriptor
instanceKlass org/jetbrains/kotlin/descriptors/deserialization/PlatformDependentDeclarationFilter
instanceKlass com/intellij/util/text/CharArrayUtil
instanceKlass org/jetbrains/kotlin/descriptors/ClassifierDescriptor
instanceKlass org/jetbrains/kotlin/mpp/ClassifierSymbolMarker
instanceKlass org/jetbrains/kotlin/descriptors/DeclarationDescriptorNonRoot
instanceKlass org/jetbrains/kotlin/descriptors/DeclarationDescriptorWithSource
instanceKlass org/jetbrains/kotlin/descriptors/DeclarationDescriptor
instanceKlass org/jetbrains/kotlin/mpp/DeclarationSymbolMarker
instanceKlass org/jetbrains/kotlin/descriptors/annotations/Annotated
instanceKlass org/jetbrains/kotlin/descriptors/ValidateableDescriptor
instanceKlass org/jetbrains/kotlin/descriptors/Named
instanceKlass org/jetbrains/kotlin/builtins/KotlinBuiltIns
instanceKlass it/unimi/dsi/fastutil/ints/IntArrays$ArrayHashStrategy
instanceKlass it/unimi/dsi/fastutil/ints/IntArrays$Segment
instanceKlass org/jetbrains/kotlin/storage/DefaultSimpleLock
instanceKlass it/unimi/dsi/fastutil/ints/IntArrays
instanceKlass org/jetbrains/kotlin/storage/SimpleLock$Companion
instanceKlass it/unimi/dsi/fastutil/ints/IntListIterator
instanceKlass it/unimi/dsi/fastutil/ints/IntBidirectionalIterator
instanceKlass org/jetbrains/kotlin/context/SimpleGlobalContext
instanceKlass org/jetbrains/kotlin/storage/ExceptionTracker
instanceKlass org/jetbrains/kotlin/context/ProjectContextImpl
instanceKlass org/jetbrains/kotlin/context/ProjectContext
instanceKlass it/unimi/dsi/fastutil/ints/IntSpliterator
instanceKlass org/jetbrains/kotlin/context/GlobalContext
instanceKlass it/unimi/dsi/fastutil/ints/IntIterator
instanceKlass java/util/PrimitiveIterator$OfInt
instanceKlass java/util/PrimitiveIterator
instanceKlass org/jetbrains/kotlin/context/ContextKt
instanceKlass org/jetbrains/kotlin/platform/TargetPlatform
instanceKlass java/util/function/IntConsumer
instanceKlass org/jetbrains/kotlin/platform/TargetPlatformKt
instanceKlass org/jetbrains/kotlin/platform/TargetPlatformVersion$NoVersion
instanceKlass org/jetbrains/kotlin/platform/SimplePlatform
instanceKlass it/unimi/dsi/fastutil/ints/IntStack
instanceKlass org/jetbrains/kotlin/platform/jvm/JvmPlatforms
instanceKlass it/unimi/dsi/fastutil/objects/ObjectArrays$ArrayHashStrategy
instanceKlass com/intellij/openapi/vfs/VirtualFileWithId
instanceKlass it/unimi/dsi/fastutil/objects/ObjectArrays
instanceKlass it/unimi/dsi/fastutil/ints/IntList
instanceKlass it/unimi/dsi/fastutil/objects/ObjectListIterator
instanceKlass it/unimi/dsi/fastutil/objects/ObjectBidirectionalIterator
instanceKlass it/unimi/dsi/fastutil/BidirectionalIterator
instanceKlass com/intellij/openapi/vfs/VirtualFileSetEx
instanceKlass it/unimi/dsi/fastutil/objects/ObjectList
instanceKlass it/unimi/dsi/fastutil/Stack
instanceKlass com/intellij/openapi/vfs/VirtualFileVisitor
instanceKlass com/intellij/openapi/util/Pair
instanceKlass com/intellij/openapi/vfs/VfsUtilCore
instanceKlass com/intellij/psi/text/BlockSupport
instanceKlass com/intellij/psi/impl/source/tree/SharedImplUtil
instanceKlass org/jetbrains/kotlin/resolve/TargetEnvironment$Companion
instanceKlass org/jetbrains/kotlin/resolve/TargetEnvironment
instanceKlass org/jetbrains/kotlin/resolve/lazy/declarations/AbstractDeclarationProviderFactory
instanceKlass org/jetbrains/kotlin/resolve/lazy/declarations/DeclarationProviderFactory
instanceKlass org/jetbrains/kotlin/lexer/_JetLexer
instanceKlass com/intellij/lexer/FlexLexer
instanceKlass org/jetbrains/kotlin/cli/jvm/compiler/TopDownAnalyzerFacadeForJVM
instanceKlass com/intellij/psi/util/CachedValueProvider$Result
instanceKlass com/intellij/lexer/LexerPosition
instanceKlass com/intellij/openapi/util/Getter
instanceKlass com/intellij/util/CachedValueBase
instanceKlass com/intellij/lang/WhitespacesAndCommentsBinder$TokenTextGetter
instanceKlass com/intellij/lang/PsiBuilder$Marker
instanceKlass com/intellij/lang/SyntaxTreeBuilder$Marker
instanceKlass org/jetbrains/kotlin/diagnostics/Diagnostic
instanceKlass org/jetbrains/kotlin/diagnostics/DiagnosticMarker
instanceKlass com/intellij/lang/impl/PsiBuilderImpl$ProductionMarker
instanceKlass com/intellij/lang/impl/PsiBuilderImpl$Node
instanceKlass com/intellij/util/diff/ShallowNodeComparator
instanceKlass com/intellij/util/diff/DiffTreeChangeBuilder
instanceKlass com/intellij/lang/LighterASTNode
instanceKlass org/jetbrains/kotlin/resolve/diagnostics/KotlinSuppressCache$Companion
instanceKlass com/intellij/openapi/util/UnprotectedUserDataHolder
instanceKlass org/jetbrains/kotlin/diagnostics/AbstractKotlinSuppressCache$Companion
instanceKlass org/jetbrains/kotlin/resolve/diagnostics/Diagnostics$Companion$EMPTY$1
instanceKlass org/jetbrains/kotlin/resolve/diagnostics/Diagnostics$Companion
instanceKlass org/jetbrains/kotlin/resolve/diagnostics/MutableDiagnosticsWithSuppression
instanceKlass org/jetbrains/kotlin/util/slicedMap/WritableSlice
instanceKlass org/jetbrains/kotlin/resolve/BindingTraceContext$1
instanceKlass org/jetbrains/kotlin/resolve/CleanableBindingContext
instanceKlass com/google/common/collect/Multimap
instanceKlass org/jetbrains/kotlin/util/slicedMap/SlicedMapImpl
instanceKlass com/intellij/psi/impl/source/tree/TreeUtil
instanceKlass org/jetbrains/kotlin/resolve/BindingTraceFilter$Companion
instanceKlass org/jetbrains/kotlin/resolve/BindingTraceFilter
instanceKlass org/jetbrains/kotlin/diagnostics/UnboundDiagnostic
instanceKlass org/jetbrains/kotlin/diagnostics/DiagnosticSink$2
instanceKlass org/jetbrains/kotlin/diagnostics/DiagnosticSink$1
instanceKlass com/intellij/util/text/CharSequenceSubSequence
instanceKlass com/intellij/util/text/CharArrayExternalizable
instanceKlass org/jetbrains/kotlin/diagnostics/AbstractKotlinSuppressCache
instanceKlass com/intellij/util/text/ImmutableCharSequence
instanceKlass org/jetbrains/kotlin/resolve/BindingContext
instanceKlass org/jetbrains/kotlin/util/slicedMap/MutableSlicedMap
instanceKlass org/jetbrains/kotlin/util/slicedMap/SlicedMap
instanceKlass com/intellij/lang/LighterAST
instanceKlass org/jetbrains/kotlin/util/slicedMap/ReadOnlySlice
instanceKlass org/jetbrains/kotlin/resolve/BindingTraceContext
instanceKlass org/jetbrains/kotlin/resolve/BindingTrace
instanceKlass org/jetbrains/kotlin/diagnostics/DiagnosticSink
instanceKlass org/javacs/kt/symbols/SymbolsKt
instanceKlass com/intellij/util/indexing/IndexingDataKeys
instanceKlass com/intellij/psi/impl/source/FileTrees
instanceKlass org/jetbrains/kotlin/psi/stubs/KotlinScriptStub
instanceKlass org/jetbrains/kotlin/psi/stubs/KotlinPlaceHolderWithTextStub
instanceKlass com/intellij/psi/tree/IReparseableLeafElementType
instanceKlass com/intellij/psi/TokenType
instanceKlass com/intellij/psi/LiteralTextEscaper
instanceKlass com/intellij/psi/ContributedReferenceHost
instanceKlass org/jetbrains/kotlin/psi/stubs/KotlinCollectionLiteralExpressionStub
instanceKlass org/jetbrains/kotlin/psi/stubs/KotlinClassLiteralExpressionStub
instanceKlass org/jetbrains/kotlin/psi/KtDoubleColonExpression
instanceKlass org/jetbrains/kotlin/psi/stubs/KotlinConstantExpressionStub
instanceKlass org/jetbrains/kotlin/psi/stubs/elements/KtConstantExpressionElementType$Companion
instanceKlass org/jetbrains/kotlin/psi/stubs/KotlinContextReceiverStub
instanceKlass org/jetbrains/kotlin/psi/LambdaArgument
instanceKlass org/jetbrains/kotlin/psi/stubs/KotlinContractEffectStub
instanceKlass org/jetbrains/kotlin/psi/ValueArgumentName
instanceKlass org/jetbrains/kotlin/psi/stubs/KotlinValueArgumentStub
instanceKlass org/jetbrains/kotlin/psi/ValueArgument
instanceKlass org/jetbrains/kotlin/psi/stubs/KotlinEnumEntrySuperclassReferenceExpressionStub
instanceKlass org/jetbrains/kotlin/psi/KtQualifiedExpression
instanceKlass org/jetbrains/kotlin/psi/stubs/KotlinNameReferenceExpressionStub
instanceKlass org/jetbrains/kotlin/psi/stubs/KotlinTypeProjectionStub
instanceKlass org/jetbrains/kotlin/psi/stubs/KotlinFunctionTypeStub
instanceKlass org/jetbrains/kotlin/psi/KtSimpleNameExpression
instanceKlass org/jetbrains/kotlin/psi/KtReferenceExpression
instanceKlass org/jetbrains/kotlin/psi/stubs/impl/KotlinTypeBean
instanceKlass org/jetbrains/kotlin/types/model/KotlinTypeMarker
instanceKlass org/jetbrains/kotlin/psi/stubs/KotlinUserTypeStub
instanceKlass org/jetbrains/kotlin/psi/KtTypeElement
instanceKlass org/jetbrains/kotlin/psi/stubs/KotlinModifierListStub
instanceKlass org/jetbrains/kotlin/psi/stubs/KotlinImportAliasStub
instanceKlass org/jetbrains/kotlin/psi/KtImportInfo$ImportContent
instanceKlass org/jetbrains/kotlin/psi/KtImportInfo
instanceKlass org/jetbrains/kotlin/psi/stubs/KotlinImportDirectiveStub
instanceKlass org/jetbrains/kotlin/psi/KtAnnotationsContainer
instanceKlass org/jetbrains/kotlin/psi/stubs/KotlinAnnotationUseSiteTargetStub
instanceKlass org/jetbrains/kotlin/psi/KtCallElement
instanceKlass org/jetbrains/kotlin/psi/stubs/KotlinAnnotationEntryStub
instanceKlass org/jetbrains/kotlin/psi/stubs/KotlinTypeParameterStub
instanceKlass org/jetbrains/kotlin/psi/stubs/KotlinParameterStub
instanceKlass org/jetbrains/kotlin/psi/stubs/KotlinConstructorStub
instanceKlass org/jetbrains/kotlin/psi/KtAnonymousInitializer
instanceKlass org/jetbrains/kotlin/psi/stubs/KotlinPlaceHolderStub
instanceKlass org/jetbrains/kotlin/psi/stubs/KotlinObjectStub
instanceKlass org/jetbrains/kotlin/psi/stubs/KotlinTypeAliasStub
instanceKlass org/jetbrains/kotlin/psi/stubs/KotlinBackingFieldStub
instanceKlass org/jetbrains/kotlin/psi/stubs/KotlinPropertyAccessorStub
instanceKlass org/jetbrains/kotlin/psi/KtVariableDeclaration
instanceKlass org/jetbrains/kotlin/psi/KtValVarKeywordOwner
instanceKlass org/jetbrains/kotlin/psi/stubs/KotlinPropertyStub
instanceKlass org/javacs/kt/util/UtilsKt
instanceKlass org/jetbrains/kotlin/psi/KtFunction
instanceKlass org/jetbrains/kotlin/psi/KtDeclarationWithBody
instanceKlass org/jetbrains/kotlin/psi/KtCallableDeclaration
instanceKlass org/jetbrains/kotlin/psi/KtDeclarationWithInitializer
instanceKlass org/jetbrains/kotlin/psi/stubs/KotlinFunctionStub
instanceKlass org/jetbrains/kotlin/psi/stubs/KotlinCallableStubBase
instanceKlass com/intellij/psi/impl/source/SubstrateRef
instanceKlass org/jetbrains/kotlin/psi/stubs/KotlinClassStub
instanceKlass org/jetbrains/kotlin/psi/stubs/KotlinClassOrObjectStub
instanceKlass org/jetbrains/kotlin/psi/stubs/KotlinStubWithFqName
instanceKlass com/intellij/psi/stubs/NamedStub
instanceKlass org/jetbrains/kotlin/psi/stubs/KotlinClassifierStub
instanceKlass com/intellij/psi/StubBasedPsiElement
instanceKlass org/jetbrains/kotlin/psi/KtTypeParameterListOwner
instanceKlass org/jetbrains/kotlin/psi/KtPureClassOrObject
instanceKlass org/jetbrains/kotlin/psi/KtClassLikeDeclaration
instanceKlass org/jetbrains/kotlin/psi/KtNamedDeclaration
instanceKlass org/jetbrains/kotlin/psi/KtStatementExpression
instanceKlass org/jetbrains/kotlin/psi/KtNamed
instanceKlass org/jetbrains/kotlin/psi/KtDeclaration
instanceKlass org/jetbrains/kotlin/psi/KtModifierListOwner
instanceKlass org/jetbrains/kotlin/psi/KtExpression
instanceKlass org/eclipse/lsp4j/DiagnosticRelatedInformation
instanceKlass org/eclipse/lsp4j/DiagnosticCodeDescription
instanceKlass org/eclipse/lsp4j/Diagnostic
instanceKlass org/eclipse/lsp4j/CodeActionContext
instanceKlass java/util/regex/Pattern$1
instanceKlass org/jetbrains/kotlin/psi/stubs/elements/KtStubElementTypes
instanceKlass org/jetbrains/kotlin/psi/stubs/elements/KtTokenSets
instanceKlass com/intellij/psi/tree/TokenSet
instanceKlass org/jetbrains/kotlin/psi/KtFile$Companion
instanceKlass org/eclipse/lsp4j/SemanticTokensServerFull
instanceKlass com/intellij/psi/impl/source/StubbedSpine
instanceKlass org/jetbrains/kotlin/psi/KtDeclarationContainer
instanceKlass org/jetbrains/kotlin/psi/KtAnnotated
instanceKlass org/jetbrains/kotlin/psi/KtElement
instanceKlass org/jetbrains/kotlin/psi/KtPureElement
instanceKlass org/eclipse/lsp4j/FileOperationPatternOptions
instanceKlass org/eclipse/lsp4j/FileOperationPattern
instanceKlass com/intellij/psi/PsiClassOwner
instanceKlass org/eclipse/lsp4j/FileOperationFilter
instanceKlass com/intellij/util/keyFMap/ArrayBackedFMap
instanceKlass com/intellij/psi/util/PsiUtilCore$NullPsiElement
instanceKlass com/intellij/psi/util/PsiUtilCore
instanceKlass com/intellij/injected/editor/VirtualFileWindow
instanceKlass com/intellij/psi/AbstractFileViewProvider$VirtualFileContent
instanceKlass com/intellij/psi/PsiLock
instanceKlass com/intellij/psi/PsiLargeBinaryFile
instanceKlass com/intellij/psi/PsiLargeFile
instanceKlass com/intellij/psi/PsiBinaryFile
instanceKlass com/intellij/psi/AbstractFileViewProvider$Content
instanceKlass com/intellij/openapi/vfs/CharsetToolkit
instanceKlass org/javacs/kt/compiler/Compiler$WhenMappings
instanceKlass java/util/concurrent/TimeUnit$1
instanceKlass org/eclipse/lsp4j/FileOperationOptions
instanceKlass org/eclipse/lsp4j/FileOperationsServerCapabilities
instanceKlass org/eclipse/lsp4j/DocumentFilter
instanceKlass org/eclipse/lsp4j/CompletionItemOptions
instanceKlass org/eclipse/lsp4j/NotebookSelectorCell
instanceKlass org/eclipse/lsp4j/NotebookDocumentFilter
instanceKlass org/eclipse/lsp4j/NotebookSelector
instanceKlass org/eclipse/lsp4j/SaveOptions
instanceKlass org/eclipse/lsp4j/TextDocumentSyncOptions
instanceKlass org/eclipse/lsp4j/DocumentOnTypeFormattingOptions
instanceKlass org/eclipse/lsp4j/NotebookDocumentSyncRegistrationOptions
instanceKlass org/eclipse/lsp4j/ServerInfo
instanceKlass org/javacs/kt/util/DebouncerKt
instanceKlass org/eclipse/lsp4j/WorkDoneProgressEnd
instanceKlass java/util/concurrent/locks/AbstractQueuedSynchronizer$Node
instanceKlass java/util/concurrent/ForkJoinPool$ManagedBlocker
instanceKlass com/intellij/util/containers/LockFreeCopyOnWriteArrayList$COWIterator
instanceKlass com/intellij/util/containers/LinkedCustomHashMap$Entry
instanceKlass com/intellij/util/containers/LinkedCustomHashMap$RemoveCallback
instanceKlass com/intellij/util/containers/LinkedCustomHashMap
instanceKlass com/intellij/util/containers/SLRUMap
instanceKlass com/intellij/openapi/util/io/FileAttributes
instanceKlass com/intellij/util/io/FileAccessorCache
instanceKlass com/intellij/util/containers/hash/EqualityPolicy
instanceKlass com/intellij/util/io/ResourceHandle
instanceKlass com/intellij/openapi/vfs/impl/AddonlyKeylessHash$KeyValueMapper
instanceKlass kotlinx/collections/immutable/implementations/immutableMap/TrieNodeBaseIterator
instanceKlass kotlinx/collections/immutable/implementations/immutableMap/PersistentHashMapBaseIterator
instanceKlass com/intellij/psi/impl/DebugUtil
instanceKlass com/intellij/util/ThrowableRunnable
instanceKlass com/intellij/util/messages/impl/MessageBusImplKt
instanceKlass com/intellij/openapi/Disposable$Parent
instanceKlass sun/nio/fs/WindowsLinkSupport
instanceKlass sun/nio/fs/WindowsFileSystemProvider$1
instanceKlass java/io/FileOutputStream$1
instanceKlass java/io/File$TempDirectory
instanceKlass org/javacs/kt/classpath/GradleClassPathResolverKt
instanceKlass org/javacs/kt/classpath/ClasspathMetadata
instanceKlass org/javacs/kt/classpath/ClassPathResolver$DefaultImpls
instanceKlass org/jetbrains/exposed/sql/BooleanColumnType$Companion
instanceKlass org/javacs/kt/classpath/CachedClassPathResolver
instanceKlass org/javacs/kt/classpath/BackupClassPathResolver
instanceKlass org/javacs/kt/classpath/FirstNonEmptyClassPathResolver
instanceKlass org/javacs/kt/classpath/UnionClassPathResolver
instanceKlass org/javacs/kt/classpath/GradleClassPathResolver$Companion
instanceKlass org/javacs/kt/classpath/GradleClassPathResolver
instanceKlass org/javacs/kt/classpath/MavenClassPathResolver$Companion
instanceKlass org/javacs/kt/classpath/MavenClassPathResolver
instanceKlass org/javacs/kt/classpath/ClassPathResolverKt
instanceKlass org/javacs/kt/classpath/ClassPathResolver$Companion$empty$1
instanceKlass org/javacs/kt/classpath/ClassPathResolver$Companion
instanceKlass java/lang/ProcessEnvironment$CheckedEntry
instanceKlass java/lang/ProcessEnvironment$CheckedEntrySet$1
instanceKlass java/lang/ProcessEnvironment$EntryComparator
instanceKlass java/lang/ProcessEnvironment$NameComparator
instanceKlass org/javacs/kt/util/ShellPathUtilsKt
instanceKlass org/javacs/kt/classpath/ShellClassPathResolver$Companion
instanceKlass org/javacs/kt/classpath/ShellClassPathResolver
instanceKlass org/javacs/kt/classpath/WithStdlibResolver
instanceKlass org/javacs/kt/classpath/ClassPathResolver
instanceKlass org/javacs/kt/classpath/DefaultClassPathResolverKt
instanceKlass org/javacs/kt/SourcePath$SourceFile
instanceKlass org/javacs/kt/SourceVersion
instanceKlass kotlin/io/TextStreamsKt
instanceKlass kotlin/text/Charsets
instanceKlass org/javacs/kt/SourceFilesKt
instanceKlass java/nio/file/Path$1
instanceKlass kotlin/io/FileTreeWalk$WalkState
instanceKlass kotlin/io/FileTreeWalk$FileTreeWalkIterator$WhenMappings
instanceKlass kotlin/io/FileTreeWalk
instanceKlass kotlin/io/FilesKt__FilePathComponentsKt
instanceKlass java/net/URLEncoder
instanceKlass java/net/URLDecoder
instanceKlass org/javacs/kt/util/URIsKt
instanceKlass org/eclipse/lsp4j/WorkDoneProgressReport
instanceKlass org/eclipse/lsp4j/adapters/WorkDoneProgressNotificationAdapter$1
instanceKlass org/eclipse/lsp4j/jsonrpc/json/adapters/EitherTypeAdapter$PropertyChecker
instanceKlass org/eclipse/lsp4j/adapters/ProgressNotificationAdapter
instanceKlass org/eclipse/lsp4j/WorkDoneProgressBegin
instanceKlass org/eclipse/lsp4j/WorkDoneProgressNotification
instanceKlass org/javacs/kt/progress/LanguageClientProgress
instanceKlass org/javacs/kt/progress/Progress
instanceKlass org/javacs/kt/progress/LanguageClientProgress$Factory
instanceKlass kotlin/properties/NotNullVar
instanceKlass org/jetbrains/exposed/dao/LinkedIdentityHashSet$iterator$1
instanceKlass org/jetbrains/exposed/dao/DaoEntityIDFactory
instanceKlass org/jetbrains/exposed/dao/id/EntityIDFactory
instanceKlass org/jetbrains/exposed/dao/id/EntityIDFunctionProvider
instanceKlass org/jetbrains/exposed/sql/ResultRow$NotInitializedValue
instanceKlass org/jetbrains/exposed/sql/IterableExKt$mapLazy$1$iterator$1
instanceKlass org/sqlite/core/SafeStmtPtr$SafePtrLongFunction
instanceKlass org/jetbrains/exposed/sql/IColumnType$DefaultImpls
instanceKlass org/jetbrains/exposed/sql/ResultRow$Companion
instanceKlass org/jetbrains/exposed/sql/ResultRow
instanceKlass org/jetbrains/exposed/sql/AbstractQuery$iterator$$inlined$Iterable$1
instanceKlass org/sqlite/core/SafeStmtPtr$SafePtrConsumer
instanceKlass org/jetbrains/exposed/sql/FieldSet$DefaultImpls
instanceKlass org/jetbrains/exposed/sql/AbstractQuery$ResultIterator
instanceKlass org/jetbrains/exposed/sql/IterableExKt$mapLazy$1
instanceKlass org/jetbrains/exposed/sql/IterableExKt
instanceKlass org/jetbrains/exposed/sql/TableKt
instanceKlass org/jetbrains/exposed/sql/AbstractQuery$Companion
instanceKlass org/jetbrains/exposed/dao/id/EntityID
instanceKlass org/jetbrains/exposed/dao/EntityClass
instanceKlass org/jetbrains/exposed/dao/Entity
instanceKlass org/sqlite/jdbc3/JDBC3DatabaseMetaData$PrimaryKeyFinder
instanceKlass org/sqlite/jdbc3/JDBC3DatabaseMetaData$ImportedKeyFinder
instanceKlass org/sqlite/core/SafeStmtPtr$SafePtrFunction
instanceKlass org/sqlite/core/SafeStmtPtr$SafePtrIntFunction
instanceKlass org/sqlite/core/SafeStmtPtr
instanceKlass org/sqlite/ExtendedCommand$SQLExtension
instanceKlass org/sqlite/ExtendedCommand
instanceKlass org/sqlite/jdbc3/JDBC3Statement$SQLCallable
instanceKlass org/sqlite/core/CoreResultSet
instanceKlass org/sqlite/core/CoreStatement
instanceKlass org/sqlite/BusyHandler
instanceKlass org/sqlite/ProgressHandler
instanceKlass org/sqlite/core/DB$ProgressObserver
instanceKlass org/sqlite/Collation
instanceKlass org/sqlite/Function
instanceKlass java/io/DeleteOnExitHook$1
instanceKlass java/io/DeleteOnExitHook
instanceKlass java/nio/DirectByteBuffer$Deallocator
instanceKlass sun/nio/ch/Util$BufferCache
instanceKlass java/util/UUID$Holder
instanceKlass org/sqlite/util/ProcessRunner
instanceKlass org/sqlite/util/OSInfo
instanceKlass java/util/stream/ForEachOps$ForEachOp
instanceKlass java/util/stream/ForEachOps
instanceKlass java/util/Spliterators$IteratorSpliterator
instanceKlass java/nio/file/Files$2
instanceKlass org/sqlite/SQLiteJDBCLoader
instanceKlass sun/util/locale/provider/LocaleResources
instanceKlass sun/util/locale/provider/CalendarDataUtility$CalendarWeekParameterGetter
instanceKlass sun/util/locale/provider/LocaleServiceProviderPool$LocalizedObjectGetter
instanceKlass sun/util/locale/provider/LocaleServiceProviderPool
instanceKlass java/util/Calendar$Builder
instanceKlass sun/util/locale/Extension
instanceKlass sun/util/locale/LocaleExtensions
instanceKlass org/sqlite/date/FastDateParser$Strategy
instanceKlass org/sqlite/date/FastDateParser
instanceKlass org/sqlite/date/FastDatePrinter$TwoDigitNumberField
instanceKlass org/sqlite/date/FastDatePrinter$TwoDigitMonthField
instanceKlass org/sqlite/date/FastDatePrinter$CharacterLiteral
instanceKlass org/sqlite/date/FastDatePrinter$PaddedNumberField
instanceKlass sun/util/resources/Bundles$CacheKeyReference
instanceKlass java/util/ResourceBundle$ResourceBundleProviderHelper
instanceKlass sun/util/resources/Bundles$CacheKey
instanceKlass java/util/ResourceBundle$1
instanceKlass jdk/internal/access/JavaUtilResourceBundleAccess
instanceKlass sun/util/resources/Bundles
instanceKlass sun/util/resources/LocaleData$LocaleDataStrategy
instanceKlass sun/util/resources/Bundles$Strategy
instanceKlass sun/util/resources/LocaleData$1
instanceKlass java/util/ResourceBundle
instanceKlass sun/util/resources/LocaleData
instanceKlass sun/util/locale/provider/AvailableLanguageTags
instanceKlass sun/util/resources/cldr/provider/CLDRLocaleDataMetaInfo
instanceKlass sun/util/locale/StringTokenIterator
instanceKlass sun/util/locale/ParseStatus
instanceKlass sun/util/cldr/CLDRBaseLocaleDataMetaInfo
instanceKlass sun/util/locale/provider/LocaleDataMetaInfo
instanceKlass sun/util/locale/provider/ResourceBundleBasedAdapter
instanceKlass sun/util/locale/provider/LocaleProviderAdapter$1
instanceKlass sun/util/locale/provider/LocaleProviderAdapter
instanceKlass java/util/spi/LocaleServiceProvider
instanceKlass sun/util/locale/InternalLocaleBuilder$CaseInsensitiveChar
instanceKlass sun/util/locale/InternalLocaleBuilder
instanceKlass java/util/Locale$Builder
instanceKlass sun/util/locale/provider/CalendarDataUtility
instanceKlass java/text/DateFormatSymbols
instanceKlass org/sqlite/date/FastDatePrinter$NumberRule
instanceKlass org/sqlite/date/FastDatePrinter$Rule
instanceKlass org/sqlite/date/FastDatePrinter
instanceKlass org/sqlite/date/FormatCache$MultipartKey
instanceKlass org/sqlite/date/FormatCache
instanceKlass org/sqlite/date/DatePrinter
instanceKlass org/sqlite/date/DateParser
instanceKlass org/sqlite/SQLiteConnectionConfig
instanceKlass org/sqlite/SQLiteConfig$PragmaValue
instanceKlass org/sqlite/SQLiteConfig
instanceKlass org/sqlite/core/CoreDatabaseMetaData
instanceKlass org/sqlite/core/DB
instanceKlass org/sqlite/core/Codes
instanceKlass org/jetbrains/exposed/sql/vendors/SQLiteDialect$Companion
instanceKlass com/google/gson/internal/bind/JsonTreeReader$2
instanceKlass com/google/gson/internal/LinkedTreeMap$LinkedTreeMapIterator
instanceKlass jdk/internal/vm/annotation/ForceInline
instanceKlass com/google/gson/internal/UnsafeAllocator
instanceKlass com/google/gson/internal/bind/TreeTypeAdapter$GsonContextImpl
instanceKlass com/google/gson/internal/ConstructorConstructor$19
instanceKlass org/javacs/kt/InitializationOptions
instanceKlass com/google/gson/internal/bind/TreeTypeAdapter$SingleTypeFactory
instanceKlass com/google/gson/JsonDeserializationContext
instanceKlass com/google/gson/JsonSerializationContext
instanceKlass com/google/gson/JsonSerializer
instanceKlass org/javacs/kt/GsonPathConverter
instanceKlass com/google/gson/JsonDeserializer
instanceKlass org/javacs/kt/ConfigurationKt
instanceKlass org/javacs/kt/command/CommandsKt
instanceKlass org/eclipse/lsp4j/SemanticTokensLegend
instanceKlass org/javacs/kt/semantictokens/SemanticTokensKt
instanceKlass org/eclipse/lsp4j/TextDocumentRegistrationOptions
instanceKlass org/eclipse/lsp4j/AbstractWorkDoneProgressOptions
instanceKlass org/eclipse/lsp4j/WorkDoneProgressOptions
instanceKlass org/eclipse/lsp4j/WorkspaceFoldersOptions
instanceKlass org/eclipse/lsp4j/WorkspaceServerCapabilities
instanceKlass org/eclipse/lsp4j/ServerCapabilities
instanceKlass org/javacs/kt/util/AsyncExecutorKt
instanceKlass java/util/concurrent/ForkJoinTask$Aux
instanceKlass java/util/concurrent/ForkJoinTask
instanceKlass java/util/concurrent/CompletableFuture$AsynchronousCompletionTask
instanceKlass java/util/concurrent/ForkJoinPool$WorkQueue
instanceKlass java/util/concurrent/ForkJoinPool$DefaultCommonPoolForkJoinWorkerThreadFactory
instanceKlass java/util/concurrent/ForkJoinPool$1
instanceKlass java/util/concurrent/ForkJoinPool$DefaultForkJoinWorkerThreadFactory
instanceKlass java/util/concurrent/ForkJoinPool$ForkJoinWorkerThreadFactory
instanceKlass java/util/concurrent/CompletableFuture$AltResult
instanceKlass com/google/gson/internal/LinkedTreeMap$Node
instanceKlass com/google/gson/internal/LinkedTreeMap$1
instanceKlass com/google/gson/internal/bind/TypeAdapters$35
instanceKlass org/eclipse/lsp4j/jsonrpc/json/adapters/JsonElementTypeAdapter$Factory
instanceKlass org/eclipse/lsp4j/StaleRequestCapabilities
instanceKlass org/eclipse/lsp4j/MarkdownCapabilities
instanceKlass org/eclipse/lsp4j/RegularExpressionsCapabilities
instanceKlass org/eclipse/lsp4j/WindowShowMessageRequestActionItemCapabilities
instanceKlass org/eclipse/lsp4j/ShowDocumentCapabilities
instanceKlass org/eclipse/lsp4j/WindowShowMessageRequestCapabilities
instanceKlass org/eclipse/lsp4j/InlayHintResolveSupportCapabilities
instanceKlass org/eclipse/lsp4j/SemanticTokensClientCapabilitiesRequestsFull
instanceKlass org/eclipse/lsp4j/SemanticTokensClientCapabilitiesRequests
instanceKlass org/eclipse/lsp4j/FoldingRangeSupportCapabilities
instanceKlass org/eclipse/lsp4j/FoldingRangeKindSupportCapabilities
instanceKlass org/eclipse/lsp4j/jsonrpc/json/adapters/EitherTypeAdapter$EitherTypeArgument
instanceKlass org/eclipse/lsp4j/DiagnosticsTagSupport
instanceKlass org/eclipse/lsp4j/CodeActionKindCapabilities
instanceKlass org/eclipse/lsp4j/CodeActionResolveSupportCapabilities
instanceKlass org/eclipse/lsp4j/CodeActionLiteralSupportCapabilities
instanceKlass org/eclipse/lsp4j/ParameterInformationCapabilities
instanceKlass org/eclipse/lsp4j/SignatureInformationCapabilities
instanceKlass org/eclipse/lsp4j/CompletionItemInsertTextModeSupportCapabilities
instanceKlass org/eclipse/lsp4j/CompletionItemResolveSupportCapabilities
instanceKlass org/eclipse/lsp4j/CompletionItemTagSupportCapabilities
instanceKlass org/eclipse/lsp4j/CompletionListCapabilities
instanceKlass org/eclipse/lsp4j/CompletionItemKindCapabilities
instanceKlass org/eclipse/lsp4j/CompletionItemCapabilities
instanceKlass org/eclipse/lsp4j/PublishDiagnosticsCapabilities
instanceKlass org/eclipse/lsp4j/WorkspaceSymbolResolveSupportCapabilities
instanceKlass org/eclipse/lsp4j/SymbolTagSupportCapabilities
instanceKlass org/eclipse/lsp4j/SymbolKindCapabilities
instanceKlass org/eclipse/lsp4j/jsonrpc/json/adapters/TypeUtils$ParameterizedTypeImpl
instanceKlass org/eclipse/lsp4j/WorkspaceEditChangeAnnotationSupportCapabilities
instanceKlass org/eclipse/lsp4j/DiagnosticWorkspaceCapabilities
instanceKlass org/eclipse/lsp4j/InlineValueWorkspaceCapabilities
instanceKlass org/eclipse/lsp4j/InlayHintWorkspaceCapabilities
instanceKlass org/eclipse/lsp4j/CodeLensWorkspaceCapabilities
instanceKlass org/eclipse/lsp4j/SemanticTokensWorkspaceCapabilities
instanceKlass org/eclipse/lsp4j/DynamicRegistrationCapabilities
instanceKlass org/eclipse/lsp4j/WorkspaceEditCapabilities
instanceKlass org/eclipse/lsp4j/GeneralClientCapabilities
instanceKlass org/eclipse/lsp4j/NotebookDocumentClientCapabilities
instanceKlass org/eclipse/lsp4j/WindowClientCapabilities
instanceKlass org/eclipse/lsp4j/TextDocumentClientCapabilities
instanceKlass org/eclipse/lsp4j/WorkspaceClientCapabilities
instanceKlass org/eclipse/lsp4j/ClientCapabilities
instanceKlass org/eclipse/lsp4j/ClientInfo
instanceKlass org/eclipse/lsp4j/adapters/InitializeParamsTypeAdapter$Factory
instanceKlass com/google/gson/internal/JsonReaderInternalAccess
instanceKlass org/eclipse/lsp4j/jsonrpc/json/StreamMessageProducer$Headers
instanceKlass java/util/IdentityHashMap$IdentityHashMapIterator
instanceKlass org/eclipse/lsp4j/jsonrpc/json/ConcurrentMessageProcessor$1
instanceKlass java/util/concurrent/Executors$RunnableAdapter
instanceKlass java/util/concurrent/Callable
instanceKlass java/util/concurrent/FutureTask$WaitNode
instanceKlass java/util/concurrent/FutureTask
instanceKlass com/google/gson/internal/Primitives
instanceKlass org/eclipse/lsp4j/jsonrpc/validation/NonNull
instanceKlass com/google/gson/annotations/SerializedName
instanceKlass com/google/gson/internal/ConstructorConstructor$9
instanceKlass com/google/gson/internal/reflect/ReflectionHelper$RecordHelper
instanceKlass com/google/gson/internal/reflect/ReflectionHelper
instanceKlass com/google/gson/internal/ReflectionAccessFilterHelper
instanceKlass com/google/gson/annotations/JsonAdapter
instanceKlass org/eclipse/lsp4j/jsonrpc/messages/Tuple$Two
instanceKlass org/eclipse/lsp4j/jsonrpc/messages/Tuple
instanceKlass org/eclipse/lsp4j/jsonrpc/json/adapters/TypeUtils
instanceKlass com/google/gson/internal/Streams
instanceKlass org/eclipse/lsp4j/util/Preconditions
instanceKlass org/javacs/kt/KotlinLanguageServer$WhenMappings
instanceKlass org/eclipse/lsp4j/jsonrpc/StandardLauncher
instanceKlass org/eclipse/lsp4j/jsonrpc/json/ConcurrentMessageProcessor
instanceKlass org/eclipse/lsp4j/jsonrpc/json/StreamMessageProducer
instanceKlass org/eclipse/lsp4j/jsonrpc/services/EndpointProxy
instanceKlass org/eclipse/lsp4j/jsonrpc/messages/ResponseError
instanceKlass org/eclipse/lsp4j/jsonrpc/messages/Message
instanceKlass org/eclipse/lsp4j/jsonrpc/RemoteEndpoint
instanceKlass org/jetbrains/kotlin/resolve/diagnostics/Diagnostics
instanceKlass org/jetbrains/kotlin/diagnostics/GenericDiagnostics
instanceKlass org/eclipse/lsp4j/TextDocumentItem
instanceKlass org/eclipse/lsp4j/Position
instanceKlass org/eclipse/lsp4j/jsonrpc/services/GenericEndpoint
instanceKlass org/eclipse/lsp4j/jsonrpc/json/StreamMessageConsumer
instanceKlass org/eclipse/lsp4j/jsonrpc/json/MessageConstants
instanceKlass org/eclipse/lsp4j/jsonrpc/json/adapters/MessageTypeAdapter$Factory
instanceKlass org/eclipse/lsp4j/jsonrpc/json/adapters/EnumTypeAdapter$Factory
instanceKlass org/eclipse/lsp4j/jsonrpc/json/adapters/TupleTypeAdapters$TwoTypeAdapterFactory
instanceKlass org/eclipse/lsp4j/jsonrpc/json/adapters/EitherTypeAdapter$Factory
instanceKlass org/eclipse/lsp4j/jsonrpc/json/adapters/ThrowableTypeAdapter$Factory
instanceKlass org/eclipse/lsp4j/jsonrpc/json/adapters/CollectionTypeAdapter$Factory
instanceKlass com/google/gson/GsonBuilder
instanceKlass org/eclipse/lsp4j/jsonrpc/messages/CancelParams
instanceKlass org/eclipse/lsp4j/jsonrpc/json/MessageJsonHandler
instanceKlass org/eclipse/lsp4j/TextDocumentIdentifier
instanceKlass org/eclipse/lsp4j/DidChangeNotebookDocumentParams
instanceKlass org/eclipse/lsp4j/DidOpenNotebookDocumentParams
instanceKlass org/eclipse/lsp4j/DidCloseNotebookDocumentParams
instanceKlass org/eclipse/lsp4j/DidSaveNotebookDocumentParams
instanceKlass org/eclipse/lsp4j/adapters/WorkspaceSymbolResponseAdapter
instanceKlass org/eclipse/lsp4j/WorkspaceDiagnosticReport
instanceKlass org/eclipse/lsp4j/DeleteFilesParams
instanceKlass org/eclipse/lsp4j/RenameFilesParams
instanceKlass org/eclipse/lsp4j/CreateFilesParams
instanceKlass org/eclipse/lsp4j/WorkspaceSymbol
instanceKlass org/eclipse/lsp4j/DidChangeWorkspaceFoldersParams
instanceKlass org/eclipse/lsp4j/DidChangeConfigurationParams
instanceKlass org/eclipse/lsp4j/DidChangeWatchedFilesParams
instanceKlass org/eclipse/lsp4j/ExecuteCommandParams
instanceKlass org/eclipse/lsp4j/Moniker
instanceKlass org/eclipse/lsp4j/SelectionRange
instanceKlass org/eclipse/lsp4j/PrepareRenameDefaultBehavior
instanceKlass org/eclipse/lsp4j/PrepareRenameResult
instanceKlass org/eclipse/lsp4j/Range
instanceKlass org/eclipse/lsp4j/adapters/PrepareRenameResponseAdapter
instanceKlass org/eclipse/lsp4j/ColorInformation
instanceKlass org/eclipse/lsp4j/FoldingRange
instanceKlass org/eclipse/lsp4j/ColorPresentation
instanceKlass org/eclipse/lsp4j/LinkedEditingRanges
instanceKlass org/eclipse/lsp4j/TextEdit
instanceKlass org/eclipse/lsp4j/SignatureHelp
instanceKlass org/eclipse/lsp4j/DocumentSymbol
instanceKlass org/eclipse/lsp4j/SymbolInformation
instanceKlass org/eclipse/lsp4j/adapters/DocumentSymbolResponseAdapter
instanceKlass org/eclipse/lsp4j/Command
instanceKlass org/eclipse/lsp4j/adapters/CodeActionResponseAdapter
instanceKlass org/eclipse/lsp4j/Hover
instanceKlass org/eclipse/lsp4j/CallHierarchyOutgoingCall
instanceKlass org/eclipse/lsp4j/CallHierarchyIncomingCall
instanceKlass org/eclipse/lsp4j/CallHierarchyItem
instanceKlass org/eclipse/lsp4j/SemanticTokensDelta
instanceKlass org/eclipse/lsp4j/adapters/SemanticTokensFullDeltaResponseAdapter
instanceKlass org/eclipse/lsp4j/SemanticTokens
instanceKlass org/eclipse/lsp4j/TypeHierarchyItem
instanceKlass org/eclipse/lsp4j/WorkspaceEdit
instanceKlass org/eclipse/lsp4j/adapters/DocumentDiagnosticReportTypeAdapter
instanceKlass org/eclipse/lsp4j/CompletionList
instanceKlass org/eclipse/lsp4j/LocationLink
instanceKlass org/eclipse/lsp4j/Location
instanceKlass com/google/gson/internal/$Gson$Types$WildcardTypeImpl
instanceKlass com/google/gson/internal/$Gson$Preconditions
instanceKlass com/google/gson/internal/$Gson$Types$ParameterizedTypeImpl
instanceKlass com/google/gson/internal/$Gson$Types
instanceKlass com/google/gson/reflect/TypeToken
instanceKlass org/eclipse/lsp4j/jsonrpc/messages/Either
instanceKlass org/eclipse/lsp4j/adapters/LocationLinkListAdapter
instanceKlass org/eclipse/lsp4j/InlineValueParams
instanceKlass org/eclipse/lsp4j/InlayHint
instanceKlass org/eclipse/lsp4j/CodeAction
instanceKlass org/eclipse/lsp4j/WillSaveTextDocumentParams
instanceKlass org/eclipse/lsp4j/DidChangeTextDocumentParams
instanceKlass org/eclipse/lsp4j/CodeLens
instanceKlass org/eclipse/lsp4j/DidOpenTextDocumentParams
instanceKlass org/eclipse/lsp4j/DidCloseTextDocumentParams
instanceKlass org/eclipse/lsp4j/DidSaveTextDocumentParams
instanceKlass org/eclipse/lsp4j/DocumentRangeFormattingParams
instanceKlass org/eclipse/lsp4j/InlayHintParams
instanceKlass org/eclipse/lsp4j/DocumentLink
instanceKlass org/eclipse/lsp4j/CompletionItem
instanceKlass org/eclipse/lsp4j/WorkDoneProgressAndPartialResultParams
instanceKlass org/eclipse/lsp4j/DocumentFormattingParams
instanceKlass org/eclipse/lsp4j/TextDocumentPositionParams
instanceKlass org/eclipse/lsp4j/PartialResultParams
instanceKlass org/eclipse/lsp4j/InitializeResult
instanceKlass org/eclipse/lsp4j/InitializedParams
instanceKlass org/eclipse/lsp4j/InitializeParams
instanceKlass org/eclipse/lsp4j/WorkDoneProgressParams
instanceKlass org/eclipse/lsp4j/SetTraceParams
instanceKlass org/eclipse/lsp4j/WorkDoneProgressCancelParams
instanceKlass org/eclipse/lsp4j/services/NotebookDocumentService
instanceKlass jdk/internal/vm/annotation/IntrinsicCandidate
instanceKlass org/eclipse/lsp4j/jsonrpc/json/JsonRpcMethodProvider
instanceKlass org/eclipse/lsp4j/jsonrpc/services/JsonDelegate
instanceKlass org/eclipse/lsp4j/MessageActionItem
instanceKlass org/eclipse/lsp4j/WorkspaceFolder
instanceKlass org/eclipse/lsp4j/ShowDocumentResult
instanceKlass org/eclipse/lsp4j/ApplyWorkspaceEditResponse
instanceKlass org/eclipse/lsp4j/jsonrpc/json/ResponseJsonAdapter
instanceKlass org/eclipse/lsp4j/jsonrpc/json/JsonRpcMethod
instanceKlass java/util/stream/Nodes$ArrayNode
instanceKlass java/util/stream/Node$Builder
instanceKlass java/util/stream/Node$OfDouble
instanceKlass java/util/stream/Node$OfLong
instanceKlass java/util/stream/Node$OfInt
instanceKlass java/util/stream/Node$OfPrimitive
instanceKlass java/util/stream/Nodes$EmptyNode
instanceKlass java/util/stream/Node
instanceKlass java/util/stream/Nodes
instanceKlass org/eclipse/lsp4j/jsonrpc/services/JsonNotification
instanceKlass org/eclipse/lsp4j/jsonrpc/services/JsonRequest
instanceKlass org/eclipse/lsp4j/ProgressParams
instanceKlass org/eclipse/lsp4j/ShowDocumentParams
instanceKlass org/eclipse/lsp4j/WorkDoneProgressCreateParams
instanceKlass org/eclipse/lsp4j/RegistrationParams
instanceKlass org/eclipse/lsp4j/ApplyWorkspaceEditParams
instanceKlass org/eclipse/lsp4j/PublishDiagnosticsParams
instanceKlass org/eclipse/lsp4j/UnregistrationParams
instanceKlass java/util/concurrent/CompletableFuture
instanceKlass java/util/concurrent/CompletionStage
instanceKlass org/eclipse/lsp4j/ConfigurationParams
instanceKlass org/eclipse/lsp4j/LogTraceParams
instanceKlass org/eclipse/lsp4j/MessageParams
instanceKlass org/eclipse/lsp4j/jsonrpc/services/JsonSegment
instanceKlass org/eclipse/lsp4j/jsonrpc/services/AnnotationUtil
instanceKlass org/eclipse/lsp4j/jsonrpc/services/AnnotationUtil$MethodInfo
instanceKlass org/eclipse/lsp4j/jsonrpc/services/ServiceEndpoints
instanceKlass org/eclipse/lsp4j/services/LanguageClient
instanceKlass org/eclipse/lsp4j/jsonrpc/Endpoint
instanceKlass org/eclipse/lsp4j/jsonrpc/Launcher
instanceKlass org/eclipse/lsp4j/jsonrpc/json/MethodProvider
instanceKlass org/eclipse/lsp4j/jsonrpc/MessageProducer
instanceKlass org/eclipse/lsp4j/jsonrpc/MessageIssueHandler
instanceKlass org/eclipse/lsp4j/jsonrpc/Launcher$Builder
instanceKlass org/eclipse/lsp4j/launch/LSPLauncher
instanceKlass org/eclipse/lsp4j/jsonrpc/MessageConsumer
instanceKlass jdk/internal/reflect/ClassDefiner$1
instanceKlass jdk/internal/reflect/ClassDefiner
instanceKlass jdk/internal/reflect/MethodAccessorGenerator$1
instanceKlass jdk/internal/reflect/Label$PatchInfo
instanceKlass jdk/internal/reflect/Label
instanceKlass jdk/internal/reflect/UTF8
instanceKlass jdk/internal/reflect/ClassFileAssembler
instanceKlass jdk/internal/reflect/ByteVectorImpl
instanceKlass jdk/internal/reflect/ByteVector
instanceKlass jdk/internal/reflect/ByteVectorFactory
instanceKlass jdk/internal/reflect/AccessorGenerator
instanceKlass jdk/internal/reflect/ClassFileConstants
instanceKlass sun/security/util/MemoryCache$QueueCacheEntry
instanceKlass java/lang/invoke/LambdaFormEditor$1
instanceKlass org/javacs/kt/LogMessage
instanceKlass org/javacs/kt/KotlinProtocolExtensionService
instanceKlass org/javacs/kt/KotlinProtocolExtensions
instanceKlass com/google/gson/internal/bind/ReflectiveTypeAdapterFactory$BoundField
instanceKlass com/google/gson/internal/bind/ReflectiveTypeAdapterFactory
instanceKlass com/google/gson/internal/bind/JsonAdapterAnnotationTypeAdapterFactory
instanceKlass com/google/gson/internal/bind/MapTypeAdapterFactory
instanceKlass com/google/gson/internal/bind/CollectionTypeAdapterFactory
instanceKlass com/google/gson/internal/bind/ArrayTypeAdapter$1
instanceKlass com/google/gson/internal/sql/SqlTimestampTypeAdapter$1
instanceKlass com/google/gson/internal/sql/SqlTimeTypeAdapter$1
instanceKlass com/google/gson/internal/sql/SqlDateTypeAdapter$1
instanceKlass com/google/gson/internal/bind/DefaultDateTypeAdapter$DateType
instanceKlass com/google/gson/internal/sql/SqlTypesSupport
instanceKlass com/google/gson/internal/bind/DateTypeAdapter$1
instanceKlass java/util/concurrent/atomic/AtomicLongArray
instanceKlass com/google/gson/internal/bind/NumberTypeAdapter$1
instanceKlass com/google/gson/internal/bind/ObjectTypeAdapter$1
instanceKlass com/google/gson/internal/bind/TypeAdapters$29
instanceKlass com/google/gson/internal/bind/TypeAdapters$33
instanceKlass java/util/Calendar
instanceKlass java/util/Currency
instanceKlass com/google/gson/internal/bind/TypeAdapters$34
instanceKlass com/google/gson/internal/bind/TypeAdapters$32
instanceKlass com/google/gson/internal/bind/TypeAdapters$31
instanceKlass com/google/gson/internal/bind/TypeAdapters
instanceKlass com/google/gson/internal/ObjectConstructor
instanceKlass com/google/gson/internal/ConstructorConstructor
instanceKlass com/google/gson/internal/Excluder
instanceKlass com/google/gson/stream/JsonWriter
instanceKlass com/google/gson/TypeAdapterFactory
instanceKlass com/google/gson/JsonElement
instanceKlass com/google/gson/TypeAdapter
instanceKlass com/google/gson/stream/JsonReader
instanceKlass com/google/gson/ToNumberStrategy
instanceKlass com/google/gson/FieldNamingStrategy
instanceKlass com/google/gson/Gson
instanceKlass org/javacs/kt/KotlinWorkspaceService
instanceKlass org/eclipse/lsp4j/services/WorkspaceService
instanceKlass java/util/concurrent/RunnableScheduledFuture
instanceKlass java/util/concurrent/ScheduledFuture
instanceKlass java/util/concurrent/Delayed
instanceKlass java/util/concurrent/RunnableFuture
instanceKlass java/util/concurrent/ScheduledExecutorService
instanceKlass org/javacs/kt/util/Debouncer
instanceKlass org/javacs/kt/formatting/FormattingService
instanceKlass org/javacs/kt/KotlinTextDocumentService
instanceKlass org/eclipse/lsp4j/services/TextDocumentService
instanceKlass org/javacs/kt/NotifySourcePath
instanceKlass sun/nio/fs/WindowsFileSystem$2
instanceKlass java/nio/file/PathMatcher
instanceKlass sun/nio/fs/Globs
instanceKlass org/javacs/kt/SourceExclusions
instanceKlass org/javacs/kt/SourceFiles
instanceKlass org/h2/table/MetaTable$1
instanceKlass org/jetbrains/exposed/sql/ColumnDiff$Companion
instanceKlass org/jetbrains/exposed/sql/vendors/ColumnMetadata
instanceKlass java/time/zone/Ser
instanceKlass java/io/Externalizable
instanceKlass java/time/zone/ZoneRulesProvider$1
instanceKlass java/time/zone/ZoneRulesProvider
instanceKlass org/h2/util/JSR310Utils
instanceKlass java/time/Period
instanceKlass java/time/chrono/ChronoPeriod
instanceKlass java/time/OffsetTime
instanceKlass java/time/OffsetDateTime
instanceKlass org/h2/util/JSR310
instanceKlass org/h2/util/TimeZoneProvider
instanceKlass sun/util/calendar/ZoneInfoFile$ZoneOffsetTransitionRule
instanceKlass sun/util/calendar/ZoneInfoFile$1
instanceKlass sun/util/calendar/ZoneInfoFile
instanceKlass java/util/TimeZone
instanceKlass org/h2/util/DateTimeUtils
instanceKlass java/time/Clock
instanceKlass java/time/InstantSource
instanceKlass org/h2/util/CurrentTimestamp
instanceKlass org/h2/util/Permutations
instanceKlass org/h2/command/dml/SelectUnion$1
instanceKlass org/h2/table/TableFilter$MapColumnsVisitor
instanceKlass org/jetbrains/exposed/sql/statements/GlobalStatementInterceptor$DefaultImpls
instanceKlass kotlin/collections/AbstractIterator
instanceKlass kotlin/sequences/DistinctSequence
instanceKlass org/h2/index/ViewCursor
instanceKlass org/h2/mvstore/db/MVSecondaryIndex$MVStoreCursor
instanceKlass org/h2/util/IntArray
instanceKlass org/h2/table/SubQueryInfo
instanceKlass org/h2/table/TableView$CacheKey
instanceKlass org/h2/table/RegularTable$1
instanceKlass org/h2/index/SpatialIndex
instanceKlass org/h2/util/MathUtils$1
instanceKlass org/h2/command/ddl/SequenceOptions
instanceKlass org/h2/command/Parser$3
instanceKlass org/jetbrains/exposed/dao/LinkedIdentityHashSet
instanceKlass org/jetbrains/exposed/dao/EntityCache$Companion
instanceKlass org/jetbrains/exposed/dao/EntityCache
instanceKlass org/jetbrains/exposed/dao/EntityCacheKt
instanceKlass org/jetbrains/exposed/sql/ReferenceOption$Companion
instanceKlass org/jetbrains/exposed/sql/statements/api/IdentifierManagerApi$identifierLengthLimit$2$WhenMappings
instanceKlass org/jetbrains/exposed/sql/Key
instanceKlass org/jetbrains/exposed/sql/transactions/TransactionStore
instanceKlass org/jetbrains/exposed/sql/transactions/TransactionScopeKt
instanceKlass org/jetbrains/exposed/dao/EntityHookKt
instanceKlass org/jetbrains/exposed/sql/Transaction$exec$2$WhenMappings
instanceKlass org/jetbrains/exposed/sql/statements/api/PreparedStatementApi$DefaultImpls
instanceKlass org/jetbrains/exposed/sql/statements/jdbc/JdbcPreparedStatementImpl
instanceKlass org/jetbrains/exposed/sql/statements/StatementInterceptor$DefaultImpls
instanceKlass org/jetbrains/exposed/sql/SizedIterable
instanceKlass org/jetbrains/exposed/sql/statements/StatementContext
instanceKlass org/jetbrains/exposed/sql/statements/Statement
instanceKlass org/jetbrains/exposed/sql/vendors/H2Dialect$isMySQLMode$2$WhenMappings
instanceKlass org/jetbrains/exposed/sql/vendors/H2Kt
instanceKlass org/jetbrains/exposed/sql/vendors/KeywordsKt
instanceKlass org/h2/jdbc/JdbcConnection$Settings
instanceKlass org/h2/engine/SettingsBase$1
instanceKlass org/h2/engine/Constants
instanceKlass org/jetbrains/exposed/sql/statements/api/IdentifierManagerApi
instanceKlass org/jetbrains/exposed/sql/vendors/DatabaseDialect$DefaultImpls
instanceKlass org/jetbrains/exposed/sql/ColumnTypeKt
instanceKlass org/jetbrains/exposed/sql/statements/jdbc/JdbcDatabaseMetadataImplKt
instanceKlass org/h2/jdbc/JdbcResultSetBackwardsCompat
instanceKlass org/h2/index/MetaCursor
instanceKlass org/h2/command/dml/Query$OffsetFetch
instanceKlass org/h2/table/PlanItem
instanceKlass org/h2/table/Plan$1
instanceKlass org/h2/table/Plan
instanceKlass org/h2/command/dml/AllColumnsForPlan
instanceKlass org/h2/command/dml/Optimizer
instanceKlass org/h2/index/IndexCondition
instanceKlass org/h2/expression/ExpressionVisitor
instanceKlass org/h2/util/ColumnNamer
instanceKlass org/h2/command/dml/SelectOrderBy
instanceKlass org/h2/index/IndexCursor
instanceKlass org/h2/table/TableFilter$1
instanceKlass org/h2/table/TableFilter
instanceKlass org/h2/result/LazyResult
instanceKlass java/sql/ParameterMetaData
instanceKlass java/sql/ResultSetMetaData
instanceKlass org/h2/jdbc/JdbcStatementBackwardsCompat
instanceKlass org/h2/jdbc/JdbcPreparedStatementBackwardsCompat
instanceKlass org/jetbrains/exposed/sql/statements/jdbc/JdbcDatabaseMetadataImpl$CachableMapWithDefault
instanceKlass org/jetbrains/exposed/sql/vendors/DefaultKt
instanceKlass org/jetbrains/exposed/sql/QueriesKt
instanceKlass org/jetbrains/exposed/sql/SchemaUtils$TableDepthGraph
instanceKlass org/h2/jdbc/JdbcDatabaseMetaDataBackwardsCompat
instanceKlass org/h2/result/LocalResultImpl
instanceKlass org/h2/expression/function/FunctionInfo
instanceKlass org/h2/util/json/JSONTarget
instanceKlass org/jetbrains/exposed/sql/statements/jdbc/JdbcDatabaseMetadataImpl$Companion
instanceKlass org/jetbrains/exposed/sql/statements/api/ExposedDatabaseMetadata
instanceKlass org/jetbrains/exposed/sql/statements/jdbc/JdbcConnectionImpl
instanceKlass org/jetbrains/exposed/sql/statements/api/ExposedConnection
instanceKlass org/h2/mvstore/tx/Transaction$1
instanceKlass org/h2/engine/Session$1
instanceKlass org/h2/engine/Session$Savepoint
instanceKlass org/h2/result/ResultWithGeneratedKeys
instanceKlass org/h2/util/ParserUtil
instanceKlass org/h2/mvstore/StreamStore
instanceKlass org/h2/mvstore/db/LobStorageMap
instanceKlass org/h2/engine/MetaRecord
instanceKlass org/h2/result/RowImpl
instanceKlass java/util/ComparableTimSort
instanceKlass org/h2/mvstore/tx/Snapshot
instanceKlass org/h2/mvstore/tx/TransactionMap$TMIterator
instanceKlass org/h2/mvstore/tx/TransactionMap$2
instanceKlass org/h2/mvstore/db/MVPrimaryIndex$MVStoreCursor
instanceKlass org/h2/result/SortOrder
instanceKlass org/h2/command/Parser$1
instanceKlass org/h2/command/Command
instanceKlass org/h2/table/TableFilter$TableFilterVisitor
instanceKlass org/h2/expression/ParameterInterface
instanceKlass org/h2/command/dml/MergeUsing$When
instanceKlass org/h2/expression/ExpressionWithFlags
instanceKlass org/h2/expression/function/FunctionCall
instanceKlass org/h2/command/dml/DataChangeStatement
instanceKlass org/h2/command/Prepared
instanceKlass org/h2/command/Parser
instanceKlass org/h2/mvstore/tx/Transaction
instanceKlass org/h2/index/IndexType
instanceKlass org/h2/table/IndexColumn
instanceKlass org/h2/index/Cursor
instanceKlass org/h2/mvstore/db/MVIndex
instanceKlass org/h2/index/Index
instanceKlass org/h2/value/TypeInfo
instanceKlass org/h2/expression/Expression
instanceKlass org/h2/table/ColumnResolver
instanceKlass org/h2/table/Column
instanceKlass org/h2/command/ddl/CreateTableData
instanceKlass org/h2/util/ColumnNamerConfiguration
instanceKlass org/h2/value/ExtTypeInfo
instanceKlass org/h2/mvstore/Cursor
instanceKlass org/h2/mvstore/tx/TransactionStore$ArrayType
instanceKlass org/h2/mvstore/tx/VersionedValueType
instanceKlass org/h2/mvstore/MVMap$4
instanceKlass org/h2/mvstore/CursorPos
instanceKlass org/h2/mvstore/MVMap$IntValueHolder
instanceKlass java/util/UUID
instanceKlass org/h2/mvstore/type/ObjectDataType$AutoDetectDataType
instanceKlass org/h2/mvstore/type/ObjectDataType
instanceKlass org/h2/mvstore/MVMap$BasicBuilder
instanceKlass org/h2/mvstore/db/ValueDataType
instanceKlass org/h2/mvstore/tx/TransactionStore$2
instanceKlass org/h2/mvstore/tx/TransactionStore
instanceKlass org/h2/mvstore/RootReference
instanceKlass org/h2/mvstore/Page$PageReference
instanceKlass org/h2/mvstore/Page
instanceKlass org/h2/mvstore/type/StringDataType
instanceKlass org/h2/mvstore/MVMap$DecisionMaker
instanceKlass org/h2/mvstore/DataUtils
instanceKlass org/h2/mvstore/MVStore$TxCounter
instanceKlass org/h2/mvstore/MVMap$MapBuilder
instanceKlass org/h2/mvstore/MVStore
instanceKlass org/h2/mvstore/type/DataType
instanceKlass org/h2/mvstore/db/MVTableEngine$Store
instanceKlass org/h2/mvstore/MVStore$Builder
instanceKlass org/h2/engine/DbObjectBase
instanceKlass org/h2/mvstore/db/MVTableEngine
instanceKlass org/h2/api/TableEngine
instanceKlass org/h2/message/Trace
instanceKlass org/h2/message/TraceSystem
instanceKlass org/h2/message/TraceWriter
instanceKlass org/h2/result/LocalResult
instanceKlass org/h2/result/ResultTarget
instanceKlass org/h2/result/ResultInterface
instanceKlass org/h2/result/LocalResultFactory
instanceKlass org/h2/result/Row
instanceKlass org/h2/result/RowFactory
instanceKlass org/h2/util/TempFileDeleter
instanceKlass org/h2/api/IntervalQualifier$1
instanceKlass java/text/AttributedCharacterIterator$Attribute
instanceKlass java/text/FieldPosition
instanceKlass java/text/Format
instanceKlass org/h2/api/ErrorCode
instanceKlass java/io/ObjectStreamConstants
instanceKlass java/io/ObjectInput
instanceKlass org/h2/util/JdbcUtils
instanceKlass org/h2/value/DataType
instanceKlass org/h2/engine/Mode
instanceKlass java/util/BitSet
instanceKlass org/h2/compress/CompressLZF
instanceKlass org/h2/compress/Compressor
instanceKlass org/h2/store/fs/FileMemData
instanceKlass org/h2/store/fs/FilePath
instanceKlass org/h2/store/fs/FileUtils
instanceKlass org/h2/schema/SchemaObject
instanceKlass org/h2/engine/DbObject
instanceKlass org/h2/result/SearchRow
instanceKlass org/h2/engine/Database
instanceKlass org/h2/mvstore/tx/TransactionStore$RollbackListener
instanceKlass org/h2/engine/Engine
instanceKlass org/h2/engine/SessionFactory
instanceKlass java/text/Collator
instanceKlass org/h2/value/CompareMode
instanceKlass org/h2/store/LobStorageInterface
instanceKlass org/h2/command/CommandInterface
instanceKlass org/h2/engine/SessionWithState
instanceKlass org/h2/engine/SessionInterface
instanceKlass org/h2/store/DataHandler
instanceKlass org/h2/engine/SettingsBase
instanceKlass org/h2/util/StringUtils
instanceKlass org/h2/util/MathUtils
instanceKlass org/h2/engine/SysProperties
instanceKlass org/h2/command/dml/SetTypes
instanceKlass org/h2/engine/ConnectionInfo
instanceKlass org/h2/util/IOUtils
instanceKlass org/h2/jdbc/JdbcException
instanceKlass java/util/concurrent/atomic/AtomicIntegerArray
instanceKlass java/sql/Blob
instanceKlass java/sql/SQLXML
instanceKlass java/sql/NClob
instanceKlass java/sql/Clob
instanceKlass org/h2/value/VersionedValue
instanceKlass java/sql/Array
instanceKlass java/sql/CallableStatement
instanceKlass java/sql/PreparedStatement
instanceKlass java/sql/Statement
instanceKlass java/sql/Savepoint
instanceKlass java/sql/DatabaseMetaData
instanceKlass org/h2/message/TraceObject
instanceKlass org/h2/engine/CastDataProvider
instanceKlass org/h2/jdbc/JdbcConnectionBackwardsCompat
instanceKlass org/h2/util/Utils
instanceKlass org/h2/upgrade/DbUpgrade
instanceKlass org/sqlite/SQLiteConnection
instanceKlass org/sqlite/JDBC
instanceKlass java/sql/DriverManager$2
instanceKlass java/sql/DriverManager$1
instanceKlass java/lang/invoke/MethodHandles$1
instanceKlass java/util/stream/ReduceOps$AccumulatingSink
instanceKlass java/util/stream/ReduceOps$Box
instanceKlass java/util/stream/ReduceOps$ReduceOp
instanceKlass java/util/stream/ReduceOps
instanceKlass org/jetbrains/exposed/sql/statements/api/PreparedStatementApi
instanceKlass java/sql/ResultSet
instanceKlass org/jetbrains/exposed/sql/Index
instanceKlass org/jetbrains/exposed/sql/StringColumnType$Companion
instanceKlass org/jetbrains/exposed/sql/Table$PrimaryKey$special$$inlined$compareBy$1
instanceKlass org/jetbrains/exposed/sql/Table$PrimaryKey
instanceKlass sun/reflect/generics/tree/VoidDescriptor
instanceKlass kotlin/reflect/jvm/internal/KPropertyImpl$Setter$$Lambda$1
instanceKlass kotlin/reflect/jvm/internal/KPropertyImpl$Setter$$Lambda$0
instanceKlass kotlin/reflect/KMutableProperty1$Setter
instanceKlass kotlin/reflect/jvm/internal/impl/resolve/jvm/InlineClassManglingRulesKt
instanceKlass kotlin/reflect/jvm/internal/KTypeImpl$$Lambda$1
instanceKlass kotlin/reflect/jvm/internal/KTypeImpl$$Lambda$0
instanceKlass kotlin/reflect/jvm/internal/KParameterImpl$$Lambda$1
instanceKlass kotlin/reflect/jvm/internal/KTypeImpl
instanceKlass kotlin/jvm/internal/KTypeBase
instanceKlass kotlin/reflect/jvm/internal/calls/CallerKt
instanceKlass kotlin/reflect/jvm/internal/calls/Caller$DefaultImpls
instanceKlass kotlin/reflect/jvm/internal/calls/ValueClassAwareCallerKt
instanceKlass sun/reflect/generics/reflectiveObjects/ParameterizedTypeImpl
instanceKlass sun/reflect/generics/tree/Wildcard
instanceKlass sun/reflect/generics/tree/BottomSignature
instanceKlass kotlin/reflect/jvm/internal/calls/CallerImpl$Companion
instanceKlass kotlin/reflect/jvm/internal/calls/CallerImpl
instanceKlass kotlin/reflect/jvm/internal/calls/Caller
instanceKlass kotlin/reflect/jvm/internal/KDeclarationContainerImpl$FunctionJvmDescriptor
instanceKlass kotlin/reflect/jvm/internal/KPropertyImplKt
instanceKlass kotlin/reflect/jvm/internal/KPropertyImpl$Getter$$Lambda$1
instanceKlass kotlin/reflect/jvm/internal/KPropertyImpl$Getter$$Lambda$0
instanceKlass kotlin/reflect/KProperty1$Getter
instanceKlass kotlin/reflect/jvm/internal/impl/metadata/jvm/deserialization/ClassMapperLite
instanceKlass kotlin/reflect/jvm/internal/JvmPropertySignature
instanceKlass org/jetbrains/exposed/sql/QueryBuilder
instanceKlass org/jetbrains/exposed/sql/ColumnDiff
instanceKlass kotlin/reflect/jvm/internal/impl/utils/SmartSet$ArrayIterator
instanceKlass kotlin/reflect/jvm/internal/impl/load/java/components/DescriptorResolverUtils$1$1
instanceKlass kotlin/collections/builders/ListBuilderKt
instanceKlass kotlin/collections/builders/MapBuilder$Companion
instanceKlass kotlin/collections/builders/MapBuilder
instanceKlass kotlin/jvm/internal/markers/KMutableMap
instanceKlass kotlin/reflect/jvm/internal/impl/descriptors/Visibilities
instanceKlass kotlin/reflect/jvm/internal/impl/descriptors/impl/FunctionDescriptorImpl$1
instanceKlass kotlin/reflect/jvm/internal/impl/types/checker/NewCapturedTypeConstructor$$Lambda$2
instanceKlass kotlin/reflect/jvm/internal/impl/types/checker/NewCapturedTypeConstructor$$Lambda$0
instanceKlass kotlin/reflect/jvm/internal/impl/types/checker/NewCapturedTypeConstructor
instanceKlass kotlin/reflect/jvm/internal/impl/types/checker/NewCapturedTypeKt
instanceKlass kotlin/reflect/jvm/internal/impl/descriptors/ModalityUtilsKt
instanceKlass kotlin/reflect/jvm/internal/impl/resolve/constants/IntegerLiteralTypeConstructor
instanceKlass kotlin/reflect/jvm/internal/impl/types/TypeCheckerState$SupertypesPolicy
instanceKlass kotlin/reflect/jvm/internal/impl/types/AbstractNullabilityChecker
instanceKlass kotlin/reflect/jvm/internal/impl/types/model/StubTypeMarker
instanceKlass kotlin/reflect/jvm/internal/impl/load/java/descriptors/UtilKt
instanceKlass kotlin/reflect/jvm/internal/impl/load/java/typeEnhancement/SignatureEnhancement$$Lambda$4
instanceKlass kotlin/reflect/jvm/internal/impl/load/java/typeEnhancement/SignatureEnhancement$$Lambda$2
instanceKlass kotlin/reflect/jvm/internal/impl/descriptors/annotations/CompositeAnnotations
instanceKlass kotlin/reflect/jvm/internal/impl/load/java/typeEnhancement/TypeEnhancementKt$WhenMappings
instanceKlass kotlin/reflect/jvm/internal/impl/load/java/typeEnhancement/SignatureEnhancement$$Lambda$1
instanceKlass kotlin/reflect/jvm/internal/impl/load/java/typeEnhancement/PredefinedEnhancementInfoKt$$Lambda$43
instanceKlass kotlin/reflect/jvm/internal/impl/load/java/typeEnhancement/PredefinedEnhancementInfoKt$$Lambda$42
instanceKlass kotlin/reflect/jvm/internal/impl/load/java/typeEnhancement/PredefinedEnhancementInfoKt$$Lambda$41
instanceKlass kotlin/reflect/jvm/internal/impl/load/java/typeEnhancement/PredefinedEnhancementInfoKt$$Lambda$40
instanceKlass kotlin/reflect/jvm/internal/impl/load/java/typeEnhancement/PredefinedEnhancementInfoKt$$Lambda$39
instanceKlass kotlin/reflect/jvm/internal/impl/load/java/typeEnhancement/PredefinedEnhancementInfoKt$$Lambda$38
instanceKlass kotlin/reflect/jvm/internal/impl/load/java/typeEnhancement/PredefinedEnhancementInfoKt$$Lambda$37
instanceKlass kotlin/reflect/jvm/internal/impl/load/java/typeEnhancement/PredefinedEnhancementInfoKt$$Lambda$36
instanceKlass kotlin/reflect/jvm/internal/impl/load/java/typeEnhancement/PredefinedEnhancementInfoKt$$Lambda$35
instanceKlass kotlin/reflect/jvm/internal/impl/load/java/typeEnhancement/PredefinedEnhancementInfoKt$$Lambda$34
instanceKlass kotlin/reflect/jvm/internal/impl/load/java/typeEnhancement/PredefinedEnhancementInfoKt$$Lambda$33
instanceKlass kotlin/reflect/jvm/internal/impl/load/java/typeEnhancement/PredefinedEnhancementInfoKt$$Lambda$32
instanceKlass kotlin/reflect/jvm/internal/impl/load/java/typeEnhancement/PredefinedEnhancementInfoKt$$Lambda$31
instanceKlass kotlin/reflect/jvm/internal/impl/load/java/typeEnhancement/PredefinedEnhancementInfoKt$$Lambda$30
instanceKlass kotlin/reflect/jvm/internal/impl/load/java/typeEnhancement/PredefinedEnhancementInfoKt$$Lambda$29
instanceKlass kotlin/reflect/jvm/internal/impl/load/java/typeEnhancement/PredefinedEnhancementInfoKt$$Lambda$28
instanceKlass kotlin/reflect/jvm/internal/impl/load/java/typeEnhancement/PredefinedEnhancementInfoKt$$Lambda$27
instanceKlass kotlin/reflect/jvm/internal/impl/load/java/typeEnhancement/PredefinedEnhancementInfoKt$$Lambda$26
instanceKlass kotlin/reflect/jvm/internal/impl/load/java/typeEnhancement/PredefinedEnhancementInfoKt$$Lambda$25
instanceKlass kotlin/reflect/jvm/internal/impl/load/java/typeEnhancement/PredefinedEnhancementInfoKt$$Lambda$24
instanceKlass kotlin/reflect/jvm/internal/impl/load/java/typeEnhancement/PredefinedEnhancementInfoKt$$Lambda$23
instanceKlass kotlin/reflect/jvm/internal/impl/load/java/typeEnhancement/PredefinedEnhancementInfoKt$$Lambda$22
instanceKlass kotlin/reflect/jvm/internal/impl/load/java/typeEnhancement/PredefinedEnhancementInfoKt$$Lambda$21
instanceKlass kotlin/reflect/jvm/internal/impl/load/java/typeEnhancement/PredefinedEnhancementInfoKt$$Lambda$20
instanceKlass kotlin/reflect/jvm/internal/impl/load/java/typeEnhancement/PredefinedEnhancementInfoKt$$Lambda$19
instanceKlass kotlin/reflect/jvm/internal/impl/load/java/typeEnhancement/PredefinedEnhancementInfoKt$$Lambda$18
instanceKlass kotlin/reflect/jvm/internal/impl/load/java/typeEnhancement/PredefinedEnhancementInfoKt$$Lambda$17
instanceKlass kotlin/reflect/jvm/internal/impl/load/java/typeEnhancement/PredefinedEnhancementInfoKt$$Lambda$16
instanceKlass kotlin/reflect/jvm/internal/impl/load/java/typeEnhancement/PredefinedEnhancementInfoKt$$Lambda$15
instanceKlass kotlin/reflect/jvm/internal/impl/load/java/typeEnhancement/PredefinedEnhancementInfoKt$$Lambda$14
instanceKlass kotlin/reflect/jvm/internal/impl/load/java/typeEnhancement/PredefinedEnhancementInfoKt$$Lambda$13
instanceKlass kotlin/reflect/jvm/internal/impl/load/java/typeEnhancement/PredefinedEnhancementInfoKt$$Lambda$12
instanceKlass kotlin/reflect/jvm/internal/impl/load/java/typeEnhancement/PredefinedEnhancementInfoKt$$Lambda$11
instanceKlass kotlin/reflect/jvm/internal/impl/load/java/typeEnhancement/PredefinedEnhancementInfoKt$$Lambda$10
instanceKlass kotlin/reflect/jvm/internal/impl/load/java/typeEnhancement/PredefinedEnhancementInfoKt$$Lambda$9
instanceKlass kotlin/reflect/jvm/internal/impl/load/java/typeEnhancement/PredefinedEnhancementInfoKt$$Lambda$8
instanceKlass kotlin/reflect/jvm/internal/impl/load/java/typeEnhancement/PredefinedEnhancementInfoKt$$Lambda$7
instanceKlass kotlin/reflect/jvm/internal/impl/load/java/typeEnhancement/PredefinedEnhancementInfoKt$$Lambda$6
instanceKlass kotlin/reflect/jvm/internal/impl/load/java/typeEnhancement/PredefinedEnhancementInfoKt$$Lambda$5
instanceKlass kotlin/reflect/jvm/internal/impl/load/java/typeEnhancement/PredefinedEnhancementInfoKt$$Lambda$4
instanceKlass kotlin/reflect/jvm/internal/impl/load/java/typeEnhancement/PredefinedEnhancementInfoKt$$Lambda$3
instanceKlass kotlin/reflect/jvm/internal/impl/load/java/typeEnhancement/PredefinedEnhancementInfoKt$$Lambda$2
instanceKlass kotlin/reflect/jvm/internal/impl/load/java/typeEnhancement/PredefinedEnhancementInfoKt$$Lambda$1
instanceKlass kotlin/reflect/jvm/internal/impl/load/java/typeEnhancement/PredefinedFunctionEnhancementInfo
instanceKlass kotlin/reflect/jvm/internal/impl/load/kotlin/SignatureBuildingComponents$$Lambda$0
instanceKlass kotlin/reflect/jvm/internal/impl/load/java/typeEnhancement/TypeEnhancementInfo
instanceKlass kotlin/reflect/jvm/internal/impl/load/java/typeEnhancement/SignatureEnhancementBuilder$ClassEnhancementBuilder$FunctionEnhancementBuilder
instanceKlass kotlin/reflect/jvm/internal/impl/load/java/typeEnhancement/PredefinedEnhancementInfoKt$$Lambda$0
instanceKlass kotlin/reflect/jvm/internal/impl/load/java/typeEnhancement/SignatureEnhancementBuilder$ClassEnhancementBuilder
instanceKlass kotlin/reflect/jvm/internal/impl/load/java/typeEnhancement/SignatureEnhancementBuilder
instanceKlass kotlin/reflect/jvm/internal/impl/load/java/typeEnhancement/PredefinedEnhancementInfoKt
instanceKlass kotlin/reflect/jvm/internal/impl/load/kotlin/MethodSignatureBuildingUtilsKt
instanceKlass kotlin/reflect/jvm/internal/impl/types/checker/NewTypeVariableConstructor
instanceKlass kotlin/reflect/jvm/internal/impl/load/kotlin/JvmTypeFactoryImpl$WhenMappings
instanceKlass kotlin/reflect/jvm/internal/impl/utils/SmartSet$SingletonIterator
instanceKlass kotlin/jvm/internal/markers/KMutableIterator
instanceKlass kotlin/reflect/jvm/internal/impl/types/TypeWithEnhancementKt
instanceKlass kotlin/reflect/jvm/internal/impl/resolve/constants/IntegerValueTypeConstructor
instanceKlass kotlin/reflect/jvm/internal/impl/types/NotNullTypeParameter
instanceKlass kotlin/reflect/jvm/internal/impl/types/AbstractTypeChecker
instanceKlass kotlin/reflect/jvm/internal/impl/load/java/components/DescriptorResolverUtils
instanceKlass kotlin/reflect/jvm/internal/impl/descriptors/impl/FunctionDescriptorImpl$CopyConfiguration
instanceKlass kotlin/reflect/jvm/internal/impl/load/kotlin/JvmType$Companion
instanceKlass kotlin/reflect/jvm/internal/impl/load/kotlin/JvmType
instanceKlass kotlin/reflect/jvm/internal/impl/load/java/typeEnhancement/EnhancedTypeAnnotations
instanceKlass kotlin/reflect/jvm/internal/impl/load/java/typeEnhancement/TypeEnhancementKt
instanceKlass sun/reflect/annotation/TypeAnnotation
instanceKlass sun/reflect/annotation/TypeAnnotationParser
instanceKlass kotlin/reflect/jvm/internal/impl/load/java/typeEnhancement/SignatureEnhancement$$Lambda$3
instanceKlass kotlin/reflect/jvm/internal/impl/load/kotlin/TypeSignatureMappingKt
instanceKlass kotlin/reflect/jvm/internal/impl/builtins/FunctionTypesKt
instanceKlass kotlin/reflect/jvm/internal/impl/utils/FunctionsKt$$Lambda$7
instanceKlass kotlin/reflect/jvm/internal/impl/utils/FunctionsKt$$Lambda$6
instanceKlass kotlin/reflect/jvm/internal/impl/utils/FunctionsKt$$Lambda$5
instanceKlass kotlin/reflect/jvm/internal/impl/utils/FunctionsKt$ALWAYS_NULL$1
instanceKlass kotlin/reflect/jvm/internal/impl/utils/FunctionsKt$$Lambda$4
instanceKlass kotlin/reflect/jvm/internal/impl/utils/FunctionsKt$$Lambda$3
instanceKlass kotlin/reflect/jvm/internal/impl/utils/FunctionsKt
instanceKlass kotlin/reflect/jvm/internal/impl/load/kotlin/DescriptorBasedTypeSignatureMappingKt
instanceKlass kotlin/reflect/jvm/internal/impl/load/kotlin/TypeMappingConfigurationImpl
instanceKlass kotlin/reflect/jvm/internal/impl/load/kotlin/TypeMappingConfiguration
instanceKlass kotlin/reflect/jvm/internal/impl/load/kotlin/TypeMappingMode$Companion
instanceKlass kotlin/reflect/jvm/internal/impl/load/kotlin/TypeMappingMode
instanceKlass kotlin/reflect/jvm/internal/impl/load/kotlin/JvmTypeFactoryImpl
instanceKlass kotlin/reflect/jvm/internal/impl/load/kotlin/JvmTypeFactory
instanceKlass kotlin/reflect/jvm/internal/impl/load/kotlin/MethodSignatureMappingKt
instanceKlass kotlin/reflect/jvm/internal/impl/load/java/SpecialGenericSignatures$Companion$NameAndSignature
instanceKlass kotlin/reflect/jvm/internal/impl/load/java/SpecialGenericSignatures$Companion
instanceKlass kotlin/reflect/jvm/internal/impl/load/java/SpecialGenericSignatures
instanceKlass kotlin/reflect/jvm/internal/impl/load/java/BuiltinSpecialPropertiesKt
instanceKlass kotlin/reflect/jvm/internal/impl/load/java/BuiltinSpecialProperties
instanceKlass kotlin/reflect/jvm/internal/impl/load/java/JvmAbi
instanceKlass kotlin/reflect/jvm/internal/impl/load/java/PropertiesConventionUtilKt
instanceKlass kotlin/reflect/jvm/internal/impl/util/CheckResult
instanceKlass kotlin/reflect/jvm/internal/impl/utils/DFS$VisitedWithSet
instanceKlass kotlin/reflect/jvm/internal/impl/utils/DFS$AbstractNodeHandler
instanceKlass kotlin/reflect/jvm/internal/impl/utils/DFS$Visited
instanceKlass kotlin/reflect/jvm/internal/impl/utils/DFS$NodeHandler
instanceKlass kotlin/reflect/jvm/internal/impl/utils/DFS
instanceKlass kotlin/reflect/jvm/internal/impl/resolve/descriptorUtil/DescriptorUtilsKt$$Lambda$0
instanceKlass kotlin/reflect/jvm/internal/impl/util/Check$DefaultImpls
instanceKlass kotlin/reflect/jvm/internal/impl/util/Checks$3
instanceKlass kotlin/reflect/jvm/internal/impl/util/ReturnsCheck$ReturnsUnit$$Lambda$0
instanceKlass kotlin/reflect/jvm/internal/impl/util/OperatorChecks$$Lambda$2
instanceKlass kotlin/reflect/jvm/internal/impl/util/Checks$4
instanceKlass kotlin/reflect/jvm/internal/impl/util/ReturnsCheck$ReturnsInt$$Lambda$0
instanceKlass kotlin/reflect/jvm/internal/impl/util/OperatorChecks$$Lambda$1
instanceKlass kotlin/reflect/jvm/internal/impl/util/ReturnsCheck$ReturnsBoolean$$Lambda$0
instanceKlass kotlin/reflect/jvm/internal/impl/util/ReturnsCheck
instanceKlass kotlin/reflect/jvm/internal/impl/util/IsKPropertyCheck
instanceKlass kotlin/reflect/jvm/internal/impl/util/NoDefaultAndVarargsCheck
instanceKlass kotlin/reflect/jvm/internal/impl/util/OperatorChecks$$Lambda$0
instanceKlass kotlin/reflect/jvm/internal/impl/util/Checks$2
instanceKlass kotlin/reflect/jvm/internal/impl/util/ValueParameterCountCheck
instanceKlass kotlin/reflect/jvm/internal/impl/util/MemberKindCheck
instanceKlass kotlin/reflect/jvm/internal/impl/util/Check
instanceKlass kotlin/reflect/jvm/internal/impl/util/OperatorNameConventions
instanceKlass kotlin/reflect/jvm/internal/impl/util/Checks
instanceKlass kotlin/reflect/jvm/internal/impl/util/AbstractModifierChecks
instanceKlass kotlin/reflect/jvm/internal/impl/load/java/JavaDescriptorVisibilities
instanceKlass kotlin/reflect/jvm/internal/impl/load/java/UtilsKt
instanceKlass kotlin/reflect/jvm/internal/impl/load/java/lazy/descriptors/LazyJavaScope$MethodSignatureData
instanceKlass kotlin/reflect/jvm/internal/impl/load/java/components/SignaturePropagator$PropagatedSignature
instanceKlass kotlin/reflect/jvm/internal/impl/load/java/lazy/descriptors/LazyJavaScope$ResolvedValueParameters
instanceKlass kotlin/reflect/jvm/internal/impl/types/FlexibleTypeImpl$Companion
instanceKlass kotlin/reflect/jvm/internal/impl/load/java/structure/JavaValueParameter
instanceKlass java/lang/reflect/WildcardType
instanceKlass kotlin/reflect/jvm/internal/impl/descriptors/runtime/structure/Java8ParameterNamesLoader$Cache
instanceKlass kotlin/reflect/jvm/internal/impl/descriptors/runtime/structure/Java8ParameterNamesLoader
instanceKlass sun/reflect/generics/tree/MethodTypeSignature
instanceKlass sun/reflect/generics/tree/IntSignature
instanceKlass sun/reflect/generics/tree/TypeVariableSignature
instanceKlass kotlin/reflect/jvm/internal/impl/load/java/descriptors/JavaMethodDescriptor$2
instanceKlass kotlin/reflect/jvm/internal/impl/load/java/descriptors/JavaMethodDescriptor$1
instanceKlass kotlin/reflect/jvm/internal/impl/descriptors/CallableDescriptor$UserDataKey
instanceKlass kotlin/reflect/jvm/internal/impl/types/typeUtil/TypeUtilsKt
instanceKlass kotlin/reflect/jvm/internal/impl/builtins/jvm/MappingUtilKt
instanceKlass kotlin/reflect/jvm/internal/impl/builtins/jvm/JvmBuiltInsCustomizer$$Lambda$5
instanceKlass kotlin/reflect/jvm/internal/impl/serialization/deserialization/EnumEntriesDeserializationSupport$Default
instanceKlass kotlin/reflect/jvm/internal/impl/descriptors/PackageFragmentProviderImpl
instanceKlass kotlin/reflect/jvm/internal/impl/descriptors/deserialization/AdditionalClassPartsProvider$None
instanceKlass kotlin/reflect/jvm/internal/impl/descriptors/deserialization/PlatformDependentDeclarationFilter$All
instanceKlass kotlin/reflect/jvm/internal/impl/serialization/deserialization/builtins/BuiltInsLoaderImpl
instanceKlass kotlin/reflect/jvm/internal/impl/builtins/BuiltInsLoader$Companion$$Lambda$0
instanceKlass kotlin/reflect/jvm/internal/impl/builtins/BuiltInsLoader$Companion
instanceKlass kotlin/reflect/jvm/internal/impl/builtins/BuiltInsLoader
instanceKlass kotlin/reflect/jvm/internal/impl/builtins/jvm/FallbackBuiltIns$Companion
instanceKlass kotlin/reflect/jvm/internal/impl/builtins/jvm/JvmBuiltInsCustomizer$$Lambda$4
instanceKlass kotlin/reflect/jvm/internal/impl/builtins/jvm/CloneableClassScope$Companion
instanceKlass kotlin/reflect/jvm/internal/impl/descriptors/deserialization/PlatformDependentDeclarationFilterKt
instanceKlass kotlin/reflect/jvm/internal/impl/name/CallableId$Companion
instanceKlass kotlin/reflect/jvm/internal/impl/name/CallableId
instanceKlass kotlin/reflect/jvm/internal/impl/serialization/deserialization/SuspendFunctionTypeUtilKt
instanceKlass kotlin/reflect/jvm/internal/impl/descriptors/runtime/structure/ReflectJavaClass$$Lambda$1
instanceKlass kotlin/reflect/jvm/internal/impl/descriptors/runtime/structure/ReflectJavaClass$$Lambda$0
instanceKlass java/lang/Class$EnclosingMethodInfo
instanceKlass kotlin/reflect/jvm/internal/impl/load/java/structure/JavaField
instanceKlass kotlin/sequences/EmptySequence
instanceKlass kotlin/sequences/DropTakeSequence
instanceKlass kotlin/reflect/jvm/internal/impl/load/java/structure/JavaLoadingKt
instanceKlass kotlin/reflect/jvm/internal/impl/load/java/structure/JavaMethod
instanceKlass kotlin/reflect/jvm/internal/impl/load/java/structure/JavaMember
instanceKlass kotlin/reflect/jvm/internal/impl/descriptors/runtime/structure/ReflectJavaClass$$Lambda$2
instanceKlass kotlin/reflect/jvm/internal/impl/load/java/lazy/descriptors/ClassDeclaredMemberIndex$$Lambda$0
instanceKlass kotlin/reflect/jvm/internal/impl/load/java/lazy/descriptors/LazyJavaClassMemberScope$$Lambda$5
instanceKlass kotlin/reflect/jvm/internal/impl/load/java/lazy/descriptors/ClassDeclaredMemberIndex
instanceKlass kotlin/reflect/jvm/internal/impl/load/java/lazy/descriptors/DeclaredMemberIndex
instanceKlass kotlin/reflect/jvm/internal/impl/load/java/typeEnhancement/JavaTypeEnhancement$Result
instanceKlass kotlin/reflect/jvm/internal/impl/load/java/typeEnhancement/JavaTypeEnhancement$SimpleResult
instanceKlass kotlin/reflect/jvm/internal/impl/load/java/typeEnhancement/TypeComponentPositionKt
instanceKlass kotlin/reflect/jvm/internal/impl/load/java/typeEnhancement/AbstractSignatureParts$$Lambda$1
instanceKlass kotlin/reflect/jvm/internal/impl/load/java/typeEnhancement/TypeEnhancementUtilsKt
instanceKlass kotlin/reflect/jvm/internal/impl/load/java/typeEnhancement/JavaTypeQualifiers$Companion
instanceKlass kotlin/reflect/jvm/internal/impl/load/java/typeEnhancement/AbstractSignatureParts$$Lambda$0
instanceKlass kotlin/reflect/jvm/internal/impl/load/java/typeEnhancement/JavaTypeQualifiers
instanceKlass kotlin/reflect/jvm/internal/impl/load/java/typeEnhancement/AbstractSignatureParts$$Lambda$2
instanceKlass kotlin/reflect/jvm/internal/impl/load/java/typeEnhancement/AbstractSignatureParts$TypeAndDefaultQualifiers
instanceKlass kotlin/reflect/jvm/internal/impl/load/java/typeEnhancement/AbstractSignatureParts
instanceKlass java/lang/reflect/ParameterizedType
instanceKlass kotlin/reflect/jvm/internal/impl/types/TypeAttributeTranslator$DefaultImpls
instanceKlass kotlin/reflect/jvm/internal/impl/load/java/structure/JavaPrimitiveType
instanceKlass kotlin/reflect/jvm/internal/impl/types/ErasureTypeAttributes
instanceKlass kotlin/reflect/jvm/internal/impl/load/java/lazy/types/JavaTypeAttributesKt
instanceKlass kotlin/reflect/jvm/internal/impl/load/java/FakePureImplementationsProvider
instanceKlass kotlin/reflect/jvm/internal/impl/load/java/components/JavaAnnotationMapper
instanceKlass kotlin/reflect/jvm/internal/impl/descriptors/runtime/structure/ReflectJavaAnnotationOwnerKt
instanceKlass kotlin/reflect/jvm/internal/impl/descriptors/runtime/structure/ReflectJavaType$Factory
instanceKlass kotlin/reflect/jvm/internal/impl/descriptors/runtime/structure/ReflectJavaType
instanceKlass kotlin/reflect/jvm/internal/impl/load/java/structure/JavaClassifierType
instanceKlass kotlin/reflect/jvm/internal/impl/load/java/structure/JavaType
instanceKlass kotlin/reflect/jvm/internal/impl/load/java/structure/ListBasedJavaAnnotationOwner
instanceKlass kotlin/reflect/jvm/internal/impl/load/java/lazy/descriptors/LazyJavaClassDescriptor$$Lambda$2
instanceKlass kotlin/reflect/jvm/internal/impl/load/java/lazy/descriptors/LazyJavaClassDescriptor$$Lambda$1
instanceKlass kotlin/reflect/jvm/internal/impl/load/java/lazy/descriptors/LazyJavaClassMemberScope$$Lambda$4
instanceKlass kotlin/reflect/jvm/internal/impl/load/java/lazy/descriptors/LazyJavaClassMemberScope$$Lambda$3
instanceKlass kotlin/reflect/jvm/internal/impl/load/java/lazy/descriptors/LazyJavaClassMemberScope$$Lambda$2
instanceKlass kotlin/reflect/jvm/internal/impl/load/java/lazy/descriptors/LazyJavaClassMemberScope$$Lambda$1
instanceKlass kotlin/reflect/jvm/internal/impl/load/java/lazy/descriptors/LazyJavaClassMemberScope$$Lambda$0
instanceKlass kotlin/reflect/jvm/internal/impl/load/java/lazy/descriptors/LazyJavaClassDescriptor$LazyJavaClassTypeConstructor$$Lambda$0
instanceKlass java/lang/reflect/AnnotatedType
instanceKlass kotlin/reflect/jvm/internal/impl/descriptors/runtime/structure/Java16SealedRecordLoader$Cache
instanceKlass kotlin/reflect/jvm/internal/impl/descriptors/runtime/structure/Java16SealedRecordLoader
instanceKlass kotlin/reflect/jvm/internal/impl/load/java/lazy/descriptors/LazyJavaClassDescriptor$$Lambda$0
instanceKlass kotlin/reflect/jvm/internal/impl/load/java/lazy/LazyJavaTypeParameterResolver$$Lambda$0
instanceKlass kotlin/reflect/jvm/internal/impl/load/java/structure/JavaTypeParameter
instanceKlass sun/reflect/generics/reflectiveObjects/LazyReflectiveObjectGenerator
instanceKlass sun/reflect/generics/tree/ClassSignature
instanceKlass sun/reflect/generics/tree/Signature
instanceKlass sun/reflect/generics/tree/FormalTypeParameter
instanceKlass java/lang/reflect/TypeVariable
instanceKlass sun/reflect/generics/repository/AbstractRepository
instanceKlass kotlin/reflect/jvm/internal/impl/load/java/lazy/LazyJavaTypeParameterResolver
instanceKlass kotlin/reflect/jvm/internal/impl/descriptors/runtime/components/RuntimeSourceElementFactory$RuntimeSourceElement
instanceKlass kotlin/reflect/jvm/internal/impl/load/java/sources/JavaSourceElement
instanceKlass kotlin/reflect/jvm/internal/impl/load/java/lazy/descriptors/LazyJavaClassDescriptor$Companion
instanceKlass kotlin/reflect/jvm/internal/impl/load/java/descriptors/JavaClassDescriptor
instanceKlass kotlin/reflect/jvm/internal/impl/load/java/structure/JavaClass
instanceKlass kotlin/reflect/jvm/internal/impl/load/java/structure/JavaTypeParameterListOwner
instanceKlass kotlin/reflect/jvm/internal/impl/load/java/structure/JavaClassifier
instanceKlass kotlin/reflect/jvm/internal/impl/load/java/structure/JavaNamedElement
instanceKlass kotlin/reflect/jvm/internal/impl/descriptors/runtime/structure/ReflectJavaModifierListOwner
instanceKlass kotlin/reflect/jvm/internal/impl/load/java/structure/JavaModifierListOwner
instanceKlass kotlin/reflect/jvm/internal/impl/descriptors/runtime/structure/ReflectJavaAnnotationOwner
instanceKlass kotlin/reflect/jvm/internal/impl/descriptors/DescriptorUtilKt
instanceKlass kotlin/reflect/jvm/internal/impl/resolve/MemberComparator$NameAndTypeMemberComparator
instanceKlass kotlin/reflect/jvm/internal/impl/resolve/OverridingUtil$4
instanceKlass kotlin/reflect/jvm/internal/impl/resolve/OverridingUtil$5
instanceKlass org/jetbrains/exposed/sql/ForeignKeyConstraint
instanceKlass kotlin/reflect/jvm/internal/impl/builtins/functions/FunctionClassKind$Companion
instanceKlass kotlin/reflect/jvm/internal/impl/resolve/scopes/GivenFunctionsMemberScope$$Lambda$0
instanceKlass kotlin/reflect/jvm/internal/impl/builtins/functions/FunctionClassDescriptor$Companion
instanceKlass kotlin/reflect/jvm/internal/impl/builtins/FunctionInterfacePackageFragment
instanceKlass kotlin/reflect/jvm/internal/impl/builtins/functions/FunctionTypeKindExtractor$KindWithArity
instanceKlass kotlin/reflect/jvm/internal/impl/builtins/functions/FunctionTypeKindExtractor$Companion
instanceKlass kotlin/reflect/jvm/internal/impl/builtins/functions/FunctionTypeKindExtractor
instanceKlass kotlin/reflect/jvm/internal/impl/descriptors/impl/TypeAliasConstructorDescriptor
instanceKlass kotlin/reflect/jvm/internal/impl/load/java/descriptors/JavaCallableMemberDescriptor
instanceKlass kotlin/reflect/jvm/internal/impl/resolve/OverridingUtil$8
instanceKlass kotlin/reflect/jvm/internal/impl/load/java/lazy/descriptors/JavaDescriptorUtilKt
instanceKlass kotlin/reflect/jvm/internal/impl/resolve/OverridingUtil$OverrideCompatibilityInfo
instanceKlass kotlin/reflect/jvm/internal/impl/types/TypeCheckerState
instanceKlass kotlin/reflect/jvm/internal/impl/types/checker/ClassicTypeCheckerStateKt
instanceKlass kotlin/reflect/jvm/internal/impl/resolve/OverridingUtilTypeSystemContext
instanceKlass kotlin/reflect/jvm/internal/impl/resolve/scopes/receivers/AbstractReceiverValue
instanceKlass kotlin/reflect/jvm/internal/impl/types/checker/ClassicTypeSystemContext$DefaultImpls
instanceKlass kotlin/reflect/jvm/internal/impl/types/checker/SimpleClassicTypeSystemContext
instanceKlass kotlin/reflect/jvm/internal/impl/types/checker/ClassicTypeSystemContext
instanceKlass kotlin/reflect/jvm/internal/impl/types/model/TypeSystemInferenceExtensionContext
instanceKlass kotlin/reflect/jvm/internal/impl/types/model/TypeSystemCommonSuperTypesContext
instanceKlass kotlin/reflect/jvm/internal/impl/types/TypeSystemCommonBackendContext
instanceKlass kotlin/reflect/jvm/internal/impl/types/model/TypeSystemContext
instanceKlass kotlin/reflect/jvm/internal/impl/types/model/TypeSystemOptimizationContext
instanceKlass kotlin/reflect/jvm/internal/impl/types/AbstractStrictEqualityTypeChecker
instanceKlass kotlin/reflect/jvm/internal/impl/types/checker/StrictEqualityTypeChecker
instanceKlass kotlin/reflect/jvm/internal/impl/types/TypeAttributesKt
instanceKlass kotlin/reflect/jvm/internal/impl/descriptors/annotations/FilteredAnnotations
instanceKlass kotlin/reflect/jvm/internal/impl/types/TypeCapabilitiesKt
instanceKlass kotlin/reflect/jvm/internal/impl/types/TypeSubstitutor$2
instanceKlass kotlin/reflect/jvm/internal/impl/descriptors/annotations/Annotations$DefaultImpls
instanceKlass kotlin/reflect/jvm/internal/impl/types/IntersectionTypeConstructor
instanceKlass kotlin/reflect/jvm/internal/impl/types/model/IntersectionTypeConstructorMarker
instanceKlass kotlin/reflect/jvm/internal/impl/types/model/DefinitelyNotNullTypeMarker
instanceKlass kotlin/reflect/jvm/internal/impl/types/CustomTypeParameter
instanceKlass kotlin/reflect/jvm/internal/impl/types/typesApproximation/CapturedTypeApproximationKt$$Lambda$1
instanceKlass kotlin/reflect/jvm/internal/impl/types/typesApproximation/CapturedTypeApproximationKt
instanceKlass kotlin/reflect/jvm/internal/impl/types/TypeSubstitutionKt
instanceKlass kotlin/reflect/jvm/internal/impl/util/TypeRegistry$$Lambda$0
instanceKlass kotlin/reflect/jvm/internal/impl/util/AbstractArrayMapOwner$AbstractArrayMapAccessor
instanceKlass kotlin/reflect/jvm/internal/impl/types/TypeAttribute
instanceKlass kotlin/reflect/jvm/internal/impl/types/AnnotationsTypeAttributeKt
instanceKlass kotlin/reflect/jvm/internal/impl/types/SpecialTypesKt
instanceKlass kotlin/reflect/jvm/internal/impl/types/KotlinTypeKt
instanceKlass kotlin/reflect/jvm/internal/impl/types/FlexibleTypesKt
instanceKlass kotlin/reflect/jvm/internal/impl/types/RawType
instanceKlass kotlin/reflect/jvm/internal/impl/types/model/DynamicTypeMarker
instanceKlass kotlin/reflect/jvm/internal/impl/types/model/FlexibleTypeMarker
instanceKlass kotlin/reflect/jvm/internal/impl/types/DynamicTypesKt
instanceKlass kotlin/reflect/jvm/internal/impl/types/TypeWithEnhancement
instanceKlass kotlin/reflect/jvm/internal/impl/types/DisjointKeysUnionTypeSubstitution$Companion
instanceKlass kotlin/reflect/jvm/internal/impl/types/DescriptorSubstitutor
instanceKlass kotlin/reflect/jvm/internal/impl/descriptors/impl/PropertyDescriptorImpl$CopyConfiguration
instanceKlass kotlin/reflect/jvm/internal/impl/utils/SmartSet$Companion
instanceKlass kotlin/jvm/internal/markers/KMutableSet
instanceKlass kotlin/jvm/internal/markers/KMutableCollection
instanceKlass kotlin/jvm/internal/markers/KMutableIterable
instanceKlass kotlin/reflect/jvm/internal/impl/resolve/OverridingStrategy
instanceKlass kotlin/reflect/jvm/internal/impl/descriptors/SimpleFunctionDescriptor
instanceKlass kotlin/reflect/jvm/internal/impl/resolve/DescriptorFactory
instanceKlass kotlin/reflect/jvm/internal/impl/resolve/scopes/receivers/ImplicitClassReceiver
instanceKlass kotlin/reflect/jvm/internal/impl/resolve/scopes/receivers/ThisClassReceiver
instanceKlass kotlin/reflect/jvm/internal/impl/resolve/scopes/receivers/ImplicitReceiver
instanceKlass kotlin/sequences/GeneratorSequence$iterator$1
instanceKlass kotlin/sequences/GeneratorSequence
instanceKlass kotlin/reflect/jvm/internal/impl/serialization/deserialization/descriptors/DeserializedMemberScope$OptimizedImplementation$computeDescriptors$1$1
instanceKlass kotlin/reflect/jvm/internal/impl/types/AbstractTypeConstructor$$Lambda$4
instanceKlass kotlin/reflect/jvm/internal/impl/types/AbstractTypeConstructor$$Lambda$3
instanceKlass kotlin/reflect/jvm/internal/impl/storage/SingleThreadValue
instanceKlass kotlin/reflect/jvm/internal/impl/load/kotlin/SignatureBuildingComponents
instanceKlass kotlin/reflect/jvm/internal/impl/builtins/jvm/JvmBuiltInsSignatures
instanceKlass kotlin/reflect/jvm/internal/impl/resolve/calls/inference/CapturedTypeConstructorImpl
instanceKlass kotlin/reflect/jvm/internal/impl/resolve/calls/inference/CapturedTypeConstructor
instanceKlass kotlin/reflect/jvm/internal/impl/types/model/CapturedTypeConstructorMarker
instanceKlass kotlin/reflect/jvm/internal/impl/types/model/CapturedTypeMarker
instanceKlass kotlin/reflect/jvm/internal/impl/types/StarProjectionImpl$$Lambda$0
instanceKlass kotlin/reflect/jvm/internal/impl/types/KotlinTypeFactory$$Lambda$0
instanceKlass kotlin/reflect/jvm/internal/impl/resolve/scopes/SubstitutingScope$$Lambda$1
instanceKlass kotlin/reflect/jvm/internal/impl/resolve/calls/inference/CapturedTypeConstructorKt
instanceKlass kotlin/reflect/jvm/internal/impl/resolve/scopes/SubstitutingScope$$Lambda$0
instanceKlass kotlin/reflect/jvm/internal/impl/resolve/scopes/SubstitutingScope
instanceKlass kotlin/reflect/jvm/internal/impl/types/TypeSubstitutor
instanceKlass kotlin/reflect/jvm/internal/impl/descriptors/impl/ModuleAwareClassDescriptorKt
instanceKlass kotlin/reflect/jvm/internal/impl/types/TypeConstructorSubstitution$Companion
instanceKlass kotlin/reflect/jvm/internal/impl/types/TypeSubstitution$Companion
instanceKlass kotlin/reflect/jvm/internal/impl/types/TypeSubstitution
instanceKlass kotlin/reflect/jvm/internal/impl/types/AbstractTypeConstructor$Supertypes
instanceKlass kotlin/reflect/jvm/internal/impl/resolve/scopes/MemberScope$Companion$$Lambda$0
instanceKlass kotlin/reflect/jvm/internal/impl/resolve/scopes/MemberScope$Companion
instanceKlass kotlin/reflect/jvm/internal/impl/resolve/scopes/DescriptorKindFilter$Companion$MaskToName
instanceKlass kotlin/reflect/jvm/internal/impl/resolve/scopes/DescriptorKindFilter$Companion
instanceKlass kotlin/reflect/jvm/internal/impl/resolve/scopes/DescriptorKindFilter
instanceKlass kotlin/reflect/jvm/internal/impl/resolve/scopes/ResolutionScope$DefaultImpls
instanceKlass kotlin/reflect/jvm/internal/impl/descriptors/impl/DeclarationDescriptorVisitorEmptyBodies
instanceKlass kotlin/reflect/jvm/internal/KParameterImpl$$Lambda$0
instanceKlass kotlin/reflect/jvm/internal/KCallableImpl$$Lambda$8
instanceKlass kotlin/reflect/jvm/internal/KParameterImpl
instanceKlass kotlin/reflect/KParameter
instanceKlass kotlin/reflect/jvm/internal/UtilKt
instanceKlass kotlin/reflect/jvm/internal/KFunctionImpl$$Lambda$2
instanceKlass kotlin/reflect/jvm/internal/KFunctionImpl$$Lambda$1
instanceKlass kotlin/reflect/jvm/internal/KFunctionImpl$$Lambda$0
instanceKlass kotlin/reflect/jvm/internal/JvmFunctionSignature
instanceKlass kotlin/reflect/jvm/internal/impl/resolve/InlineClassesUtilsKt
instanceKlass kotlin/reflect/jvm/internal/impl/metadata/jvm/deserialization/JvmMemberSignature
instanceKlass kotlin/reflect/jvm/internal/impl/metadata/deserialization/ProtoBufUtilKt
instanceKlass kotlin/reflect/jvm/internal/FunctionWithAllInvokes
instanceKlass kotlin/reflect/jvm/internal/impl/builtins/jvm/JvmBuiltIns$Settings
instanceKlass kotlin/reflect/jvm/internal/impl/types/KotlinTypeFactory$$Lambda$1
instanceKlass kotlin/reflect/jvm/internal/impl/descriptors/impl/AbstractTypeParameterDescriptor$2$1
instanceKlass kotlin/reflect/jvm/internal/impl/types/TypeProjectionBase
instanceKlass kotlin/reflect/jvm/internal/impl/util/collectionUtils/ScopeUtilsKt
instanceKlass kotlin/reflect/jvm/internal/impl/load/java/JavaClassFinder$Request
instanceKlass kotlin/reflect/jvm/internal/impl/serialization/deserialization/DeserializedPackageFragmentImpl$$Lambda$1
instanceKlass java/util/LinkedList$ListItr
instanceKlass kotlin/Triple
instanceKlass kotlin/reflect/jvm/internal/impl/metadata/deserialization/NameResolverImpl$WhenMappings
instanceKlass kotlin/reflect/jvm/internal/impl/protobuf/Utf8
instanceKlass kotlin/reflect/jvm/internal/impl/serialization/deserialization/DeserializedPackageFragmentImpl$$Lambda$0
instanceKlass kotlin/reflect/jvm/internal/impl/serialization/deserialization/ProtoBasedClassDataFinder
instanceKlass kotlin/reflect/jvm/internal/impl/metadata/deserialization/NameResolverImpl
instanceKlass kotlin/reflect/jvm/internal/impl/metadata/ProtoBuf$Annotation$ArgumentOrBuilder
instanceKlass kotlin/reflect/jvm/internal/impl/metadata/ProtoBuf$QualifiedNameTable$QualifiedName$Kind$1
instanceKlass kotlin/reflect/jvm/internal/impl/metadata/ProtoBuf$QualifiedNameTable$QualifiedNameOrBuilder
instanceKlass kotlin/reflect/jvm/internal/impl/metadata/ProtoBuf$QualifiedNameTableOrBuilder
instanceKlass kotlin/reflect/jvm/internal/impl/protobuf/LazyStringList
instanceKlass kotlin/reflect/jvm/internal/impl/protobuf/ProtocolStringList
instanceKlass kotlin/reflect/jvm/internal/impl/metadata/ProtoBuf$StringTableOrBuilder
instanceKlass kotlin/reflect/jvm/internal/impl/metadata/ProtoBuf$PackageFragmentOrBuilder
instanceKlass kotlin/collections/IntIterator
instanceKlass kotlin/reflect/jvm/internal/impl/metadata/builtins/BuiltInsBinaryVersion$Companion
instanceKlass kotlin/reflect/jvm/internal/impl/metadata/builtins/ReadPackageFragmentKt
instanceKlass kotlin/reflect/jvm/internal/impl/serialization/deserialization/builtins/BuiltInsPackageFragmentImpl$Companion
instanceKlass kotlin/reflect/jvm/internal/impl/builtins/BuiltInsPackageFragment
instanceKlass kotlin/reflect/jvm/internal/impl/descriptors/impl/ValueParameterDescriptorImpl$Companion
instanceKlass kotlin/reflect/jvm/internal/impl/descriptors/ValueParameterDescriptor
instanceKlass kotlin/reflect/jvm/internal/impl/descriptors/TypeParameterUtilsKt
instanceKlass kotlin/reflect/jvm/internal/impl/serialization/deserialization/descriptors/DeserializedClassDescriptor$DeserializedClassMemberScope$$Lambda$2
instanceKlass kotlin/reflect/jvm/internal/impl/serialization/deserialization/descriptors/DeserializedClassDescriptor$DeserializedClassMemberScope$$Lambda$1
instanceKlass kotlin/reflect/jvm/internal/impl/serialization/deserialization/descriptors/DeserializedMemberScope$$Lambda$1
instanceKlass kotlin/reflect/jvm/internal/impl/serialization/deserialization/descriptors/DeserializedMemberScope$$Lambda$0
instanceKlass kotlin/reflect/jvm/internal/impl/serialization/deserialization/descriptors/DeserializedMemberScope$OptimizedImplementation$$Lambda$4
instanceKlass kotlin/reflect/jvm/internal/impl/serialization/deserialization/descriptors/DeserializedMemberScope$OptimizedImplementation$$Lambda$3
instanceKlass kotlin/reflect/jvm/internal/impl/serialization/deserialization/descriptors/DeserializedMemberScope$OptimizedImplementation$$Lambda$2
instanceKlass kotlin/reflect/jvm/internal/impl/serialization/deserialization/descriptors/DeserializedMemberScope$OptimizedImplementation$$Lambda$1
instanceKlass kotlin/reflect/jvm/internal/impl/serialization/deserialization/descriptors/DeserializedMemberScope$OptimizedImplementation$$Lambda$0
instanceKlass kotlin/reflect/jvm/internal/impl/protobuf/SmallSortedMap$EntryIterator
instanceKlass kotlin/reflect/jvm/internal/impl/protobuf/GeneratedMessageLite$ExtendableMessage$ExtensionWriter
instanceKlass kotlin/reflect/jvm/internal/impl/serialization/deserialization/descriptors/DeserializedMemberScope$OptimizedImplementation
instanceKlass kotlin/reflect/jvm/internal/impl/serialization/deserialization/descriptors/DeserializedMemberScope$Implementation
instanceKlass kotlin/reflect/jvm/internal/impl/serialization/deserialization/descriptors/DeserializedClassDescriptor$DeserializedClassMemberScope$$Lambda$0
instanceKlass kotlin/reflect/jvm/internal/impl/descriptors/TypeAliasDescriptor
instanceKlass kotlin/reflect/jvm/internal/impl/util/EmptyArrayMap$iterator$1
instanceKlass kotlin/reflect/jvm/internal/impl/serialization/deserialization/TypeDeserializer$$Lambda$2
instanceKlass kotlin/reflect/jvm/internal/impl/metadata/ProtoBuf$VersionRequirement$VersionKind$1
instanceKlass kotlin/reflect/jvm/internal/impl/metadata/ProtoBuf$VersionRequirement$Level$1
instanceKlass kotlin/reflect/jvm/internal/impl/metadata/ProtoBuf$VersionRequirementOrBuilder
instanceKlass kotlin/reflect/jvm/internal/impl/metadata/deserialization/ProtoTypeTableUtilKt
instanceKlass kotlin/reflect/jvm/internal/impl/serialization/deserialization/descriptors/DeserializedCallableMemberDescriptor
instanceKlass kotlin/reflect/jvm/internal/impl/serialization/deserialization/descriptors/DeserializedMemberDescriptor
instanceKlass kotlin/reflect/jvm/internal/impl/serialization/deserialization/descriptors/DescriptorWithContainerSource
instanceKlass java/util/ArrayList$SubList$1
instanceKlass kotlin/reflect/jvm/internal/impl/load/java/lazy/descriptors/LazyJavaPackageScope$KotlinClassLookupResult
instanceKlass kotlin/reflect/jvm/internal/impl/serialization/deserialization/ProtoContainer
instanceKlass kotlin/reflect/jvm/internal/impl/serialization/deserialization/descriptors/DeserializedClassDescriptor$$Lambda$4
instanceKlass kotlin/reflect/jvm/internal/impl/serialization/deserialization/descriptors/DeserializedClassDescriptor$$Lambda$3
instanceKlass kotlin/reflect/jvm/internal/impl/serialization/deserialization/descriptors/DeserializedClassDescriptor$$Lambda$2
instanceKlass kotlin/reflect/jvm/internal/impl/serialization/deserialization/descriptors/DeserializedClassDescriptor$$Lambda$1
instanceKlass kotlin/reflect/jvm/internal/impl/serialization/deserialization/descriptors/DeserializedClassDescriptor$$Lambda$0
instanceKlass kotlin/reflect/jvm/internal/impl/descriptors/ScopesHolderForClass$$Lambda$0
instanceKlass kotlin/reflect/jvm/internal/impl/descriptors/ScopesHolderForClass$Companion
instanceKlass kotlin/reflect/jvm/internal/impl/descriptors/ScopesHolderForClass
instanceKlass kotlin/reflect/jvm/internal/impl/serialization/deserialization/descriptors/DeserializedClassDescriptor$DeserializedClassTypeConstructor$$Lambda$0
instanceKlass kotlin/reflect/jvm/internal/impl/serialization/deserialization/descriptors/DeserializedTypeParameterDescriptor$$Lambda$0
instanceKlass kotlin/reflect/jvm/internal/impl/serialization/deserialization/descriptors/DeserializedAnnotations
instanceKlass kotlin/reflect/jvm/internal/impl/descriptors/impl/AbstractTypeParameterDescriptor$2
instanceKlass kotlin/reflect/jvm/internal/impl/descriptors/impl/AbstractTypeParameterDescriptor$1
instanceKlass kotlin/reflect/jvm/internal/impl/descriptors/TypeParameterDescriptor
instanceKlass kotlin/reflect/jvm/internal/impl/types/model/TypeParameterMarker
instanceKlass kotlin/reflect/jvm/internal/impl/metadata/deserialization/VersionSpecificBehaviorKt
instanceKlass kotlin/reflect/jvm/internal/impl/serialization/deserialization/ProtoEnumFlagsUtilsKt$WhenMappings
instanceKlass kotlin/reflect/jvm/internal/impl/serialization/deserialization/ProtoEnumFlagsUtilsKt
instanceKlass kotlin/reflect/jvm/internal/impl/serialization/deserialization/ProtoEnumFlags$WhenMappings
instanceKlass kotlin/reflect/jvm/internal/impl/metadata/ProtoBuf$MemberKind$1
instanceKlass kotlin/reflect/jvm/internal/impl/metadata/ProtoBuf$Class$Kind$1
instanceKlass kotlin/reflect/jvm/internal/impl/metadata/ProtoBuf$Modality$1
instanceKlass kotlin/reflect/jvm/internal/impl/metadata/ProtoBuf$Visibility$1
instanceKlass kotlin/reflect/jvm/internal/impl/metadata/deserialization/Flags$FlagField
instanceKlass kotlin/reflect/jvm/internal/impl/metadata/deserialization/Flags
instanceKlass kotlin/reflect/jvm/internal/impl/serialization/deserialization/ProtoEnumFlags
instanceKlass kotlin/reflect/jvm/internal/impl/metadata/jvm/deserialization/JvmNameResolverBase$WhenMappings
instanceKlass kotlin/reflect/jvm/internal/impl/serialization/deserialization/NameResolverUtilKt
instanceKlass kotlin/reflect/jvm/internal/impl/descriptors/DeserializedDescriptor
instanceKlass kotlin/reflect/jvm/internal/impl/serialization/deserialization/MemberDeserializer
instanceKlass kotlin/reflect/jvm/internal/impl/serialization/deserialization/TypeDeserializer$$Lambda$1
instanceKlass kotlin/reflect/jvm/internal/impl/serialization/deserialization/TypeDeserializer$$Lambda$0
instanceKlass kotlin/reflect/jvm/internal/impl/serialization/deserialization/TypeDeserializer
instanceKlass kotlin/reflect/jvm/internal/impl/serialization/deserialization/DeserializationContext
instanceKlass kotlin/reflect/jvm/internal/impl/metadata/deserialization/VersionRequirementTable$Companion
instanceKlass kotlin/reflect/jvm/internal/impl/metadata/deserialization/VersionRequirementTable
instanceKlass kotlin/reflect/jvm/internal/impl/metadata/deserialization/TypeTable
instanceKlass kotlin/reflect/jvm/internal/impl/serialization/deserialization/ClassDeserializer$ClassKey
instanceKlass kotlin/reflect/jvm/internal/impl/serialization/deserialization/ClassData
instanceKlass kotlin/reflect/jvm/internal/impl/load/kotlin/KotlinJvmBinarySourceElement
instanceKlass kotlin/reflect/jvm/internal/impl/serialization/deserialization/descriptors/DeserializedContainerSource
instanceKlass kotlin/reflect/jvm/internal/impl/protobuf/SmallSortedMap$Entry
instanceKlass kotlin/reflect/jvm/internal/impl/protobuf/FieldSet$1
instanceKlass kotlin/reflect/jvm/internal/impl/protobuf/AbstractMessageLite$Builder
instanceKlass kotlin/reflect/jvm/internal/impl/protobuf/GeneratedMessageLite$1
instanceKlass kotlin/reflect/jvm/internal/impl/metadata/ProtoBuf$Type$Argument$Projection$1
instanceKlass kotlin/reflect/jvm/internal/impl/metadata/ProtoBuf$Type$ArgumentOrBuilder
instanceKlass kotlin/reflect/jvm/internal/impl/metadata/jvm/deserialization/JvmNameResolverKt
instanceKlass kotlin/reflect/jvm/internal/impl/metadata/jvm/JvmProtoBuf$StringTableTypes$Record$Operation$1
instanceKlass kotlin/reflect/jvm/internal/impl/metadata/jvm/JvmProtoBuf$StringTableTypes$RecordOrBuilder
instanceKlass kotlin/reflect/jvm/internal/impl/protobuf/WireFormat
instanceKlass kotlin/reflect/jvm/internal/impl/protobuf/CodedOutputStream
instanceKlass kotlin/reflect/jvm/internal/impl/protobuf/CodedInputStream
instanceKlass kotlin/reflect/jvm/internal/impl/metadata/jvm/JvmProtoBuf$StringTableTypesOrBuilder
instanceKlass kotlin/collections/IndexedValue
instanceKlass kotlin/collections/IndexingIterator
instanceKlass kotlin/collections/IndexingIterable
instanceKlass java/lang/Character$CharacterCache
instanceKlass kotlin/reflect/jvm/internal/impl/metadata/jvm/deserialization/JvmNameResolverBase$Companion
instanceKlass kotlin/reflect/jvm/internal/impl/metadata/jvm/deserialization/JvmNameResolverBase
instanceKlass kotlin/reflect/jvm/internal/impl/metadata/deserialization/NameResolver
instanceKlass kotlin/reflect/jvm/internal/impl/metadata/jvm/deserialization/UtfEncodingKt
instanceKlass kotlin/reflect/jvm/internal/impl/metadata/jvm/deserialization/BitEncoding
instanceKlass kotlin/reflect/jvm/internal/impl/load/kotlin/KotlinClassFinder$Result
instanceKlass kotlin/reflect/jvm/internal/impl/load/kotlin/header/KotlinClassHeader
instanceKlass kotlin/reflect/jvm/internal/impl/load/kotlin/header/ReadKotlinClassHeaderAnnotationVisitor$CollectStringArrayAnnotationVisitor
instanceKlass kotlin/reflect/jvm/internal/impl/descriptors/runtime/components/ReflectKotlinClassKt
instanceKlass kotlin/reflect/jvm/internal/impl/load/kotlin/KotlinJvmBinaryClass$AnnotationArrayArgumentVisitor
instanceKlass kotlin/reflect/jvm/internal/impl/load/kotlin/header/ReadKotlinClassHeaderAnnotationVisitor$KotlinMetadataArgumentVisitor
instanceKlass java/lang/Override
instanceKlass kotlin/reflect/jvm/internal/impl/resolve/jvm/JvmClassName
instanceKlass kotlin/reflect/jvm/internal/impl/load/java/JvmAnnotationNames
instanceKlass kotlin/reflect/jvm/internal/impl/descriptors/runtime/components/ReflectAnnotationSource
instanceKlass kotlin/reflect/jvm/internal/impl/descriptors/runtime/components/ReflectClassStructure
instanceKlass kotlin/reflect/jvm/internal/impl/load/kotlin/KotlinJvmBinaryClass$AnnotationArgumentVisitor
instanceKlass kotlin/reflect/jvm/internal/impl/load/kotlin/header/ReadKotlinClassHeaderAnnotationVisitor
instanceKlass kotlin/reflect/jvm/internal/impl/load/kotlin/KotlinJvmBinaryClass$AnnotationVisitor
instanceKlass kotlin/reflect/jvm/internal/impl/descriptors/runtime/components/ReflectKotlinClass$Factory
instanceKlass kotlin/reflect/jvm/internal/impl/descriptors/runtime/components/ReflectKotlinClass
instanceKlass kotlin/reflect/jvm/internal/impl/load/kotlin/KotlinJvmBinaryClass
instanceKlass kotlin/reflect/jvm/internal/impl/descriptors/runtime/components/ReflectJavaClassFinderKt
instanceKlass kotlin/reflect/jvm/internal/impl/descriptors/runtime/components/ReflectKotlinClassFinderKt
instanceKlass kotlin/reflect/jvm/internal/impl/load/java/lazy/descriptors/LazyJavaPackageScope$FindClassRequest
instanceKlass kotlin/reflect/jvm/internal/impl/incremental/UtilsKt
instanceKlass kotlin/reflect/jvm/internal/impl/resolve/scopes/ChainedMemberScope$Companion
instanceKlass kotlin/reflect/jvm/internal/impl/resolve/scopes/ChainedMemberScope
instanceKlass kotlin/reflect/jvm/internal/impl/load/java/lazy/descriptors/LazyJavaPackageFragment$$Lambda$2
instanceKlass kotlin/reflect/jvm/internal/impl/load/java/lazy/LazyJavaAnnotations$$Lambda$0
instanceKlass kotlin/reflect/jvm/internal/impl/load/java/lazy/LazyJavaAnnotations
instanceKlass kotlin/reflect/jvm/internal/impl/load/java/lazy/LazyJavaAnnotationsKt
instanceKlass kotlin/reflect/jvm/internal/impl/load/java/lazy/descriptors/LazyJavaPackageFragment$$Lambda$1
instanceKlass kotlin/reflect/jvm/internal/impl/load/java/lazy/descriptors/JvmPackageScope$$Lambda$0
instanceKlass kotlin/reflect/jvm/internal/impl/load/java/lazy/descriptors/LazyJavaPackageScope$$Lambda$1
instanceKlass kotlin/reflect/jvm/internal/impl/load/java/lazy/descriptors/LazyJavaPackageScope$$Lambda$0
instanceKlass kotlin/reflect/jvm/internal/impl/load/java/lazy/descriptors/LazyJavaScope$$Lambda$8
instanceKlass kotlin/reflect/jvm/internal/impl/load/java/lazy/descriptors/LazyJavaScope$$Lambda$7
instanceKlass kotlin/reflect/jvm/internal/impl/load/java/lazy/descriptors/LazyJavaScope$$Lambda$6
instanceKlass kotlin/reflect/jvm/internal/impl/load/java/lazy/descriptors/LazyJavaScope$$Lambda$5
instanceKlass kotlin/reflect/jvm/internal/impl/load/java/lazy/descriptors/LazyJavaScope$$Lambda$4
instanceKlass kotlin/reflect/jvm/internal/impl/load/java/lazy/descriptors/LazyJavaScope$$Lambda$3
instanceKlass kotlin/reflect/jvm/internal/impl/load/java/lazy/descriptors/LazyJavaScope$$Lambda$2
instanceKlass kotlin/reflect/jvm/internal/impl/load/java/lazy/descriptors/LazyJavaScope$$Lambda$1
instanceKlass kotlin/reflect/jvm/internal/impl/load/java/lazy/descriptors/LazyJavaScope$$Lambda$0
instanceKlass kotlin/reflect/jvm/internal/impl/load/java/lazy/descriptors/JvmPackageScope
instanceKlass kotlin/reflect/jvm/internal/impl/load/java/lazy/descriptors/LazyJavaPackageFragment$$Lambda$0
instanceKlass kotlin/reflect/jvm/internal/impl/utils/DeserializationHelpersKt
instanceKlass kotlin/reflect/jvm/internal/impl/load/java/lazy/ContextKt$$Lambda$0
instanceKlass kotlin/reflect/jvm/internal/impl/load/java/lazy/ContextKt
instanceKlass kotlin/reflect/jvm/internal/impl/storage/LockBasedStorageManager$KeyWithComputation
instanceKlass kotlin/reflect/jvm/internal/impl/load/java/lazy/LazyJavaPackageFragmentProvider$$Lambda$0
instanceKlass kotlin/reflect/jvm/internal/impl/descriptors/runtime/structure/ReflectJavaElement
instanceKlass kotlin/reflect/jvm/internal/impl/load/java/structure/JavaPackage
instanceKlass kotlin/reflect/jvm/internal/impl/load/java/structure/JavaAnnotationOwner
instanceKlass kotlin/reflect/jvm/internal/impl/load/java/structure/JavaElement
instanceKlass kotlin/reflect/jvm/internal/impl/load/java/JavaClassFinder$$Util
instanceKlass kotlin/reflect/jvm/internal/impl/descriptors/PackageFragmentProviderKt
instanceKlass kotlin/reflect/jvm/internal/impl/resolve/scopes/LazyScopeAdapter$$Lambda$0
instanceKlass kotlin/reflect/jvm/internal/impl/descriptors/impl/LazyPackageViewDescriptorImpl$$Lambda$2
instanceKlass kotlin/reflect/jvm/internal/impl/resolve/scopes/AbstractScopeAdapter
instanceKlass kotlin/reflect/jvm/internal/impl/descriptors/impl/LazyPackageViewDescriptorImpl$$Lambda$1
instanceKlass kotlin/reflect/jvm/internal/impl/descriptors/impl/LazyPackageViewDescriptorImpl$$Lambda$0
instanceKlass kotlin/reflect/jvm/internal/impl/resolve/ResolutionAnchorProviderKt
instanceKlass kotlin/reflect/jvm/internal/impl/descriptors/FindClassInModuleKt
instanceKlass kotlin/reflect/jvm/internal/impl/descriptors/runtime/components/PackagePartScopeCache
instanceKlass kotlin/reflect/jvm/internal/impl/load/kotlin/DeserializationComponentsForJava$Companion$ModuleData
instanceKlass kotlin/reflect/jvm/internal/impl/descriptors/impl/CompositePackageFragmentProvider
instanceKlass kotlin/reflect/jvm/internal/impl/descriptors/impl/ModuleDependenciesImpl
instanceKlass kotlin/reflect/jvm/internal/impl/descriptors/impl/ModuleDependencies
instanceKlass kotlin/reflect/jvm/internal/impl/builtins/jvm/JvmBuiltInClassDescriptorFactory$$Lambda$0
instanceKlass kotlin/reflect/jvm/internal/impl/builtins/jvm/JvmBuiltInClassDescriptorFactory$$Lambda$1
instanceKlass kotlin/reflect/jvm/internal/impl/builtins/jvm/JvmBuiltInClassDescriptorFactory$Companion
instanceKlass kotlin/reflect/jvm/internal/impl/builtins/jvm/JvmBuiltInClassDescriptorFactory
instanceKlass kotlin/reflect/jvm/internal/impl/builtins/functions/BuiltInFictitiousFunctionClassFactory
instanceKlass kotlin/reflect/jvm/internal/impl/descriptors/deserialization/ClassDescriptorFactory
instanceKlass kotlin/reflect/jvm/internal/impl/serialization/deserialization/FlexibleTypeDeserializer$ThrowException
instanceKlass kotlin/reflect/jvm/internal/impl/serialization/deserialization/ErrorReporter$1
instanceKlass kotlin/reflect/jvm/internal/impl/metadata/ProtoBuf$EnumEntryOrBuilder
instanceKlass kotlin/reflect/jvm/internal/impl/metadata/ProtoBuf$Annotation$Argument$Value$Type$1
instanceKlass kotlin/reflect/jvm/internal/impl/metadata/ProtoBuf$Annotation$Argument$ValueOrBuilder
instanceKlass kotlin/reflect/jvm/internal/impl/metadata/builtins/BuiltInsProtoBuf
instanceKlass kotlin/reflect/jvm/internal/impl/serialization/SerializerExtensionProtocol
instanceKlass kotlin/reflect/jvm/internal/impl/serialization/deserialization/AbstractAnnotationLoader
instanceKlass kotlin/reflect/jvm/internal/impl/serialization/deserialization/DeserializedClassDataFinder
instanceKlass kotlin/reflect/jvm/internal/impl/serialization/deserialization/AbstractDeserializedPackageFragmentProvider$$Lambda$0
instanceKlass kotlin/reflect/jvm/internal/impl/builtins/jvm/JvmBuiltInsPackageFragmentProvider$Companion
instanceKlass kotlin/reflect/jvm/internal/impl/serialization/deserialization/AbstractDeserializedPackageFragmentProvider
instanceKlass kotlin/reflect/jvm/internal/impl/resolve/jvm/JavaDescriptorResolver
instanceKlass kotlin/reflect/jvm/internal/impl/serialization/deserialization/ClassDeserializer$$Lambda$0
instanceKlass kotlin/reflect/jvm/internal/impl/serialization/deserialization/ClassDeserializer$Companion
instanceKlass kotlin/reflect/jvm/internal/impl/serialization/deserialization/ClassDeserializer
instanceKlass kotlin/reflect/jvm/internal/impl/serialization/deserialization/JvmEnumEntriesDeserializationSupport
instanceKlass kotlin/reflect/jvm/internal/impl/serialization/deserialization/EnumEntriesDeserializationSupport
instanceKlass kotlin/reflect/jvm/internal/impl/protobuf/ExtensionRegistryLite$ObjectIntPair
instanceKlass kotlin/reflect/jvm/internal/impl/metadata/ProtoBuf$PackageOrBuilder
instanceKlass kotlin/reflect/jvm/internal/impl/metadata/ProtoBuf$VersionRequirementTableOrBuilder
instanceKlass kotlin/reflect/jvm/internal/impl/metadata/ProtoBuf$ClassOrBuilder
instanceKlass kotlin/reflect/jvm/internal/impl/metadata/ProtoBuf$TypeParameter$Variance$1
instanceKlass kotlin/reflect/jvm/internal/impl/protobuf/Internal$EnumLiteMap
instanceKlass kotlin/reflect/jvm/internal/impl/metadata/ProtoBuf$TypeParameterOrBuilder
instanceKlass kotlin/reflect/jvm/internal/impl/metadata/ProtoBuf$AnnotationOrBuilder
instanceKlass kotlin/reflect/jvm/internal/impl/metadata/jvm/JvmProtoBuf$JvmFieldSignatureOrBuilder
instanceKlass kotlin/reflect/jvm/internal/impl/metadata/jvm/JvmProtoBuf$JvmPropertySignatureOrBuilder
instanceKlass kotlin/reflect/jvm/internal/impl/metadata/ProtoBuf$ValueParameterOrBuilder
instanceKlass kotlin/reflect/jvm/internal/impl/metadata/ProtoBuf$PropertyOrBuilder
instanceKlass kotlin/reflect/jvm/internal/impl/metadata/ProtoBuf$ContractOrBuilder
instanceKlass kotlin/reflect/jvm/internal/impl/metadata/ProtoBuf$TypeTableOrBuilder
instanceKlass kotlin/reflect/jvm/internal/impl/metadata/ProtoBuf$TypeOrBuilder
instanceKlass kotlin/reflect/jvm/internal/impl/metadata/ProtoBuf$FunctionOrBuilder
instanceKlass kotlin/reflect/jvm/internal/impl/protobuf/Internal$EnumLite
instanceKlass kotlin/reflect/jvm/internal/impl/protobuf/GeneratedMessageLite$ExtensionDescriptor
instanceKlass kotlin/reflect/jvm/internal/impl/protobuf/GeneratedMessageLite$GeneratedExtension
instanceKlass java/lang/Long$LongCache
instanceKlass kotlin/reflect/jvm/internal/impl/metadata/jvm/JvmProtoBuf$JvmMethodSignatureOrBuilder
instanceKlass kotlin/reflect/jvm/internal/impl/protobuf/ByteString$ByteIterator
instanceKlass kotlin/reflect/jvm/internal/impl/protobuf/ByteString
instanceKlass kotlin/reflect/jvm/internal/impl/protobuf/SmallSortedMap$EmptySet$2
instanceKlass kotlin/reflect/jvm/internal/impl/protobuf/SmallSortedMap$EmptySet$1
instanceKlass kotlin/reflect/jvm/internal/impl/protobuf/SmallSortedMap$EmptySet
instanceKlass kotlin/reflect/jvm/internal/impl/protobuf/LazyFieldLite
instanceKlass kotlin/reflect/jvm/internal/impl/protobuf/FieldSet
instanceKlass kotlin/reflect/jvm/internal/impl/protobuf/AbstractParser
instanceKlass kotlin/reflect/jvm/internal/impl/protobuf/MessageLite$Builder
instanceKlass kotlin/reflect/jvm/internal/impl/protobuf/Parser
instanceKlass kotlin/reflect/jvm/internal/impl/protobuf/FieldSet$FieldDescriptorLite
instanceKlass kotlin/reflect/jvm/internal/impl/protobuf/AbstractMessageLite
instanceKlass kotlin/reflect/jvm/internal/impl/metadata/ProtoBuf$ConstructorOrBuilder
instanceKlass kotlin/reflect/jvm/internal/impl/protobuf/GeneratedMessageLite$ExtendableMessageOrBuilder
instanceKlass kotlin/reflect/jvm/internal/impl/protobuf/MessageLite
instanceKlass kotlin/reflect/jvm/internal/impl/protobuf/MessageLiteOrBuilder
instanceKlass kotlin/reflect/jvm/internal/impl/metadata/jvm/JvmProtoBuf
instanceKlass kotlin/reflect/jvm/internal/impl/protobuf/ExtensionRegistryLite
instanceKlass kotlin/reflect/jvm/internal/impl/metadata/jvm/deserialization/JvmProtoBufUtil
instanceKlass kotlin/reflect/jvm/internal/impl/utils/WrappedValues$ThrowableWrapper
instanceKlass kotlin/reflect/jvm/internal/impl/builtins/jvm/JvmBuiltInsCustomizer$$Lambda$2
instanceKlass kotlin/reflect/jvm/internal/impl/builtins/jvm/JvmBuiltInsCustomizer$$Lambda$1
instanceKlass kotlin/reflect/jvm/internal/impl/builtins/jvm/JvmBuiltInsCustomizer$$Lambda$0
instanceKlass kotlin/reflect/jvm/internal/impl/types/KotlinTypeFactory$EMPTY_REFINED_TYPE_FACTORY$1
instanceKlass kotlin/reflect/jvm/internal/impl/types/KotlinTypeFactory
instanceKlass kotlin/reflect/jvm/internal/impl/util/ArrayMap
instanceKlass kotlin/reflect/jvm/internal/impl/util/TypeRegistry
instanceKlass kotlin/reflect/jvm/internal/impl/util/AbstractArrayMapOwner
instanceKlass kotlin/reflect/jvm/internal/impl/descriptors/FieldDescriptor
instanceKlass kotlin/reflect/jvm/internal/impl/descriptors/PropertySetterDescriptor
instanceKlass kotlin/reflect/jvm/internal/impl/descriptors/PropertyGetterDescriptor
instanceKlass kotlin/reflect/jvm/internal/impl/types/error/ErrorPropertyDescriptor
instanceKlass kotlin/reflect/jvm/internal/impl/descriptors/PropertyDescriptor
instanceKlass kotlin/reflect/jvm/internal/impl/descriptors/VariableDescriptorWithAccessors
instanceKlass kotlin/reflect/jvm/internal/impl/descriptors/VariableDescriptor
instanceKlass kotlin/jvm/internal/StringCompanionObject
instanceKlass kotlin/reflect/jvm/internal/impl/types/error/ErrorTypeConstructor
instanceKlass kotlin/reflect/jvm/internal/impl/types/error/ErrorScope
instanceKlass kotlin/reflect/jvm/internal/impl/util/ModuleVisibilityHelper$EMPTY
instanceKlass kotlin/reflect/jvm/internal/impl/descriptors/DescriptorVisibilities$12
instanceKlass kotlin/reflect/jvm/internal/impl/descriptors/DescriptorVisibilities$11
instanceKlass kotlin/reflect/jvm/internal/impl/descriptors/DescriptorVisibilities$10
instanceKlass kotlin/reflect/jvm/internal/impl/util/ModuleVisibilityHelper
instanceKlass kotlin/reflect/jvm/internal/impl/descriptors/DescriptorVisibility
instanceKlass kotlin/reflect/jvm/internal/impl/descriptors/Visibility
instanceKlass kotlin/reflect/jvm/internal/impl/descriptors/DescriptorVisibilities
instanceKlass kotlin/reflect/jvm/internal/impl/resolve/scopes/receivers/ReceiverValue
instanceKlass kotlin/reflect/jvm/internal/impl/descriptors/FunctionDescriptor$CopyBuilder
instanceKlass kotlin/reflect/jvm/internal/impl/descriptors/ClassConstructorDescriptor
instanceKlass kotlin/reflect/jvm/internal/impl/descriptors/ConstructorDescriptor
instanceKlass java/util/Formattable
instanceKlass java/util/Formatter$Flags
instanceKlass java/util/Formatter$FormatSpecifier
instanceKlass java/util/Formatter$Conversion
instanceKlass java/util/Formatter$FixedString
instanceKlass java/util/Formatter$FormatString
instanceKlass sun/util/locale/LocaleObjectCache
instanceKlass sun/util/locale/BaseLocale$Key
instanceKlass java/util/Formatter
instanceKlass kotlin/reflect/jvm/internal/impl/types/error/ErrorModuleDescriptor$$Lambda$0
instanceKlass kotlin/reflect/jvm/internal/impl/types/error/ErrorModuleDescriptor
instanceKlass kotlin/reflect/jvm/internal/impl/types/error/ErrorUtils
instanceKlass kotlin/reflect/jvm/internal/impl/types/TypeProjection
instanceKlass kotlin/reflect/jvm/internal/impl/types/model/TypeArgumentMarker
instanceKlass kotlin/reflect/jvm/internal/impl/types/TypeUtils
instanceKlass kotlin/reflect/jvm/internal/impl/descriptors/impl/AbstractClassDescriptor$1$1
instanceKlass kotlin/reflect/jvm/internal/impl/types/checker/KotlinTypeRefinerKt
instanceKlass kotlin/reflect/jvm/internal/impl/resolve/descriptorUtil/DescriptorUtilsKt
instanceKlass kotlin/reflect/jvm/internal/impl/resolve/DescriptorUtils
instanceKlass kotlin/reflect/jvm/internal/impl/resolve/scopes/MemberScopeImpl
instanceKlass kotlin/reflect/jvm/internal/impl/types/AbstractTypeConstructor$$Lambda$2
instanceKlass kotlin/reflect/jvm/internal/impl/types/AbstractTypeConstructor$$Lambda$1
instanceKlass kotlin/reflect/jvm/internal/impl/types/AbstractTypeConstructor$$Lambda$0
instanceKlass kotlin/reflect/jvm/internal/impl/types/ClassifierBasedTypeConstructor
instanceKlass kotlin/reflect/jvm/internal/impl/descriptors/ReceiverParameterDescriptor
instanceKlass kotlin/reflect/jvm/internal/impl/descriptors/ParameterDescriptor
instanceKlass kotlin/reflect/jvm/internal/impl/descriptors/ValueDescriptor
instanceKlass kotlin/reflect/jvm/internal/impl/descriptors/impl/AbstractClassDescriptor$3
instanceKlass kotlin/reflect/jvm/internal/impl/descriptors/impl/AbstractClassDescriptor$2
instanceKlass kotlin/reflect/jvm/internal/impl/descriptors/impl/AbstractClassDescriptor$1
instanceKlass kotlin/reflect/jvm/internal/impl/descriptors/Modality$Companion
instanceKlass kotlin/reflect/jvm/internal/impl/descriptors/impl/ModuleAwareClassDescriptor$Companion
instanceKlass kotlin/reflect/jvm/internal/impl/types/TypeConstructor
instanceKlass kotlin/reflect/jvm/internal/impl/types/model/TypeConstructorMarker
instanceKlass kotlin/reflect/jvm/internal/impl/resolve/scopes/MemberScope
instanceKlass kotlin/reflect/jvm/internal/impl/resolve/scopes/ResolutionScope
instanceKlass kotlin/reflect/jvm/internal/impl/descriptors/impl/ModuleAwareClassDescriptor
instanceKlass kotlin/reflect/jvm/internal/impl/descriptors/ClassDescriptor
instanceKlass kotlin/reflect/jvm/internal/impl/descriptors/ClassifierDescriptorWithTypeParameters
instanceKlass kotlin/reflect/jvm/internal/impl/builtins/jvm/JvmBuiltInsCustomizer$$Lambda$3
instanceKlass kotlin/reflect/jvm/internal/impl/descriptors/PackageViewDescriptor
instanceKlass kotlin/reflect/jvm/internal/impl/renderer/KeywordStringsGenerated
instanceKlass kotlin/reflect/jvm/internal/impl/renderer/RenderingUtilsKt
instanceKlass kotlin/reflect/jvm/internal/impl/descriptors/ModuleDescriptor$DefaultImpls
instanceKlass kotlin/reflect/jvm/internal/impl/renderer/DescriptorRendererImpl$RenderDeclarationDescriptorVisitor
instanceKlass kotlin/reflect/jvm/internal/impl/descriptors/DeclarationDescriptorVisitor
instanceKlass kotlin/reflect/jvm/internal/impl/renderer/DescriptorRenderer$$Lambda$10
instanceKlass kotlin/reflect/jvm/internal/impl/renderer/ClassifierNamePolicy$FULLY_QUALIFIED
instanceKlass kotlin/reflect/jvm/internal/impl/renderer/DescriptorRenderer$$Lambda$9
instanceKlass kotlin/reflect/jvm/internal/impl/renderer/DescriptorRenderer$$Lambda$8
instanceKlass kotlin/reflect/jvm/internal/impl/renderer/DescriptorRenderer$$Lambda$7
instanceKlass kotlin/reflect/jvm/internal/impl/renderer/DescriptorRenderer$$Lambda$6
instanceKlass kotlin/reflect/jvm/internal/impl/renderer/DescriptorRenderer$$Lambda$5
instanceKlass kotlin/reflect/jvm/internal/impl/renderer/ClassifierNamePolicy$SHORT
instanceKlass kotlin/reflect/jvm/internal/impl/renderer/DescriptorRenderer$$Lambda$4
instanceKlass kotlin/reflect/jvm/internal/impl/renderer/DescriptorRenderer$$Lambda$3
instanceKlass kotlin/reflect/jvm/internal/impl/renderer/DescriptorRenderer$$Lambda$2
instanceKlass kotlin/reflect/jvm/internal/impl/renderer/DescriptorRenderer$$Lambda$1
instanceKlass kotlin/reflect/jvm/internal/impl/renderer/DescriptorRendererImpl$$Lambda$0
instanceKlass kotlin/reflect/jvm/internal/impl/renderer/ExcludedTypeAnnotations
instanceKlass kotlin/reflect/jvm/internal/impl/renderer/DescriptorRenderer$ValueParametersHandler$DEFAULT
instanceKlass kotlin/reflect/jvm/internal/impl/renderer/DescriptorRenderer$ValueParametersHandler
instanceKlass kotlin/reflect/jvm/internal/impl/renderer/DescriptorRendererOptionsImpl$$Lambda$1
instanceKlass kotlin/reflect/jvm/internal/impl/renderer/DescriptorRendererOptionsImpl$$Lambda$0
instanceKlass kotlin/reflect/jvm/internal/impl/renderer/DescriptorRendererModifier$Companion
instanceKlass kotlin/properties/ObservableProperty
instanceKlass kotlin/properties/ReadWriteProperty
instanceKlass kotlin/properties/ReadOnlyProperty
instanceKlass kotlin/properties/Delegates
instanceKlass kotlin/reflect/jvm/internal/impl/renderer/ClassifierNamePolicy$SOURCE_CODE_QUALIFIED
instanceKlass kotlin/reflect/jvm/internal/impl/renderer/ClassifierNamePolicy
instanceKlass kotlin/reflect/jvm/internal/KMutableProperty1Impl$$Lambda$0
instanceKlass kotlin/reflect/KMutableProperty$Setter
instanceKlass kotlin/reflect/jvm/internal/impl/renderer/DescriptorRendererOptionsImpl
instanceKlass kotlin/reflect/jvm/internal/impl/renderer/DescriptorRendererOptions
instanceKlass kotlin/reflect/jvm/internal/impl/renderer/DescriptorRenderer$$Lambda$0
instanceKlass kotlin/reflect/jvm/internal/impl/renderer/DescriptorRenderer$Companion
instanceKlass kotlin/reflect/jvm/internal/impl/renderer/DescriptorRenderer
instanceKlass kotlin/reflect/jvm/internal/impl/descriptors/SourceElement$1
instanceKlass kotlin/reflect/jvm/internal/impl/descriptors/SourceElement
instanceKlass kotlin/reflect/jvm/internal/impl/descriptors/PackageFragmentDescriptor
instanceKlass kotlin/reflect/jvm/internal/impl/descriptors/ClassOrPackageFragmentDescriptor
instanceKlass kotlin/reflect/jvm/internal/impl/builtins/jvm/JavaToKotlinClassMapper
instanceKlass kotlin/reflect/jvm/internal/impl/builtins/jvm/JvmBuiltIns$$Lambda$2
instanceKlass kotlin/reflect/jvm/internal/impl/builtins/jvm/JvmBuiltInsCustomizer
instanceKlass kotlin/reflect/jvm/internal/impl/storage/StorageKt
instanceKlass kotlin/reflect/jvm/internal/impl/load/kotlin/JavaFlexibleTypeDeserializer
instanceKlass kotlin/reflect/jvm/internal/impl/serialization/deserialization/FlexibleTypeDeserializer
instanceKlass kotlin/reflect/jvm/internal/impl/serialization/deserialization/LocalClassifierTypeSettings$Default
instanceKlass kotlin/reflect/jvm/internal/impl/serialization/deserialization/LocalClassifierTypeSettings
instanceKlass kotlin/reflect/jvm/internal/impl/serialization/deserialization/DeserializationComponents
instanceKlass kotlin/reflect/jvm/internal/impl/types/DefaultTypeAttributeTranslator
instanceKlass kotlin/reflect/jvm/internal/impl/types/TypeAttributeTranslator
instanceKlass kotlin/reflect/jvm/internal/impl/types/extensions/TypeAttributeTranslators
instanceKlass kotlin/reflect/jvm/internal/impl/serialization/deserialization/ContractDeserializer$Companion$DEFAULT$1
instanceKlass kotlin/reflect/jvm/internal/impl/serialization/deserialization/ContractDeserializer$Companion
instanceKlass kotlin/reflect/jvm/internal/impl/serialization/deserialization/ContractDeserializer
instanceKlass kotlin/reflect/jvm/internal/impl/serialization/deserialization/DeserializationConfiguration$Default
instanceKlass kotlin/reflect/jvm/internal/impl/serialization/deserialization/DeserializationConfiguration
instanceKlass kotlin/reflect/jvm/internal/impl/resolve/constants/ConstantValue
instanceKlass kotlin/reflect/jvm/internal/impl/serialization/deserialization/AnnotationDeserializer
instanceKlass kotlin/reflect/jvm/internal/impl/load/kotlin/AbstractBinaryClassAnnotationAndConstantLoader$$Lambda$0
instanceKlass kotlin/reflect/jvm/internal/impl/load/kotlin/AbstractBinaryClassAnnotationLoader$Companion
instanceKlass kotlin/reflect/jvm/internal/impl/load/kotlin/AbstractBinaryClassAnnotationLoader
instanceKlass kotlin/reflect/jvm/internal/impl/serialization/deserialization/AnnotationAndConstantLoader
instanceKlass kotlin/reflect/jvm/internal/impl/serialization/deserialization/AnnotationLoader
instanceKlass kotlin/reflect/jvm/internal/impl/load/kotlin/BinaryClassAnnotationAndConstantLoaderImplKt
instanceKlass kotlin/reflect/jvm/internal/impl/load/kotlin/JavaClassDataFinder
instanceKlass kotlin/reflect/jvm/internal/impl/serialization/deserialization/ClassDataFinder
instanceKlass kotlin/reflect/jvm/internal/impl/types/TypeParameterUpperBoundEraser$$Lambda$1
instanceKlass kotlin/reflect/jvm/internal/impl/types/TypeParameterUpperBoundEraser$$Lambda$0
instanceKlass kotlin/reflect/jvm/internal/impl/types/TypeParameterErasureOptions
instanceKlass kotlin/reflect/jvm/internal/impl/types/TypeParameterUpperBoundEraser$Companion
instanceKlass kotlin/reflect/jvm/internal/impl/types/TypeParameterUpperBoundEraser
instanceKlass kotlin/reflect/jvm/internal/impl/types/ErasureProjectionComputer
instanceKlass kotlin/reflect/jvm/internal/impl/load/java/lazy/types/JavaTypeResolver
instanceKlass kotlin/InitializedLazyImpl
instanceKlass kotlin/reflect/jvm/internal/impl/load/java/lazy/TypeParameterResolver$EMPTY
instanceKlass kotlin/reflect/jvm/internal/impl/load/java/lazy/TypeParameterResolver
instanceKlass kotlin/reflect/jvm/internal/impl/load/java/lazy/LazyJavaResolverContext
instanceKlass kotlin/reflect/jvm/internal/impl/load/java/lazy/LazyJavaPackageFragmentProvider
instanceKlass kotlin/reflect/jvm/internal/impl/descriptors/PackageFragmentProviderOptimized
instanceKlass kotlin/reflect/jvm/internal/impl/descriptors/PackageFragmentProvider
instanceKlass kotlin/reflect/jvm/internal/impl/resolve/jvm/CompositeSyntheticJavaPartsProvider
instanceKlass kotlin/reflect/jvm/internal/impl/resolve/jvm/SyntheticJavaPartsProvider$Companion
instanceKlass kotlin/reflect/jvm/internal/impl/resolve/jvm/SyntheticJavaPartsProvider
instanceKlass kotlin/reflect/jvm/internal/impl/load/kotlin/DeserializationComponentsForJavaKt$makeLazyJavaPackageFragmentProvider$javaResolverComponents$1
instanceKlass kotlin/reflect/jvm/internal/impl/load/java/JavaModuleAnnotationsProvider
instanceKlass kotlin/reflect/jvm/internal/impl/resolve/OverridingUtil$1
instanceKlass kotlin/reflect/jvm/internal/impl/load/java/JavaIncompatibilityRulesOverridabilityCondition$Companion
instanceKlass kotlin/reflect/jvm/internal/impl/load/java/JavaIncompatibilityRulesOverridabilityCondition
instanceKlass kotlin/reflect/jvm/internal/impl/load/java/ErasedOverridabilityCondition
instanceKlass kotlin/reflect/jvm/internal/impl/load/java/FieldOverridabilityCondition
instanceKlass kotlin/reflect/jvm/internal/impl/resolve/ExternalOverridabilityCondition
instanceKlass kotlin/reflect/jvm/internal/impl/descriptors/PropertyAccessorDescriptor
instanceKlass kotlin/reflect/jvm/internal/impl/descriptors/VariableAccessorDescriptor
instanceKlass kotlin/reflect/jvm/internal/impl/descriptors/FunctionDescriptor
instanceKlass kotlin/reflect/jvm/internal/impl/descriptors/CallableMemberDescriptor
instanceKlass kotlin/reflect/jvm/internal/impl/descriptors/MemberDescriptor
instanceKlass kotlin/reflect/jvm/internal/impl/descriptors/CallableDescriptor
instanceKlass kotlin/reflect/jvm/internal/impl/descriptors/Substitutable
instanceKlass kotlin/reflect/jvm/internal/impl/descriptors/DeclarationDescriptorWithVisibility
instanceKlass kotlin/reflect/jvm/internal/impl/types/checker/KotlinTypeChecker$TypeConstructorEquality
instanceKlass kotlin/reflect/jvm/internal/impl/resolve/OverridingUtil
instanceKlass kotlin/reflect/jvm/internal/impl/types/AbstractTypePreparator
instanceKlass kotlin/reflect/jvm/internal/impl/types/AbstractTypeRefiner
instanceKlass kotlin/reflect/jvm/internal/impl/types/checker/NewKotlinTypeCheckerImpl
instanceKlass kotlin/reflect/jvm/internal/impl/types/checker/NewKotlinTypeChecker$Companion
instanceKlass kotlin/reflect/jvm/internal/impl/types/checker/NewKotlinTypeChecker
instanceKlass kotlin/reflect/jvm/internal/impl/types/checker/KotlinTypeChecker
instanceKlass kotlin/reflect/jvm/internal/impl/load/java/JavaClassesTracker$Default
instanceKlass kotlin/reflect/jvm/internal/impl/load/java/JavaClassesTracker
instanceKlass kotlin/reflect/jvm/internal/impl/load/java/lazy/JavaResolverSettings$Default
instanceKlass kotlin/reflect/jvm/internal/impl/load/java/lazy/JavaResolverSettings
instanceKlass kotlin/reflect/jvm/internal/impl/load/java/typeEnhancement/JavaTypeEnhancement
instanceKlass kotlin/reflect/jvm/internal/impl/load/java/typeEnhancement/SignatureEnhancement
instanceKlass kotlin/reflect/jvm/internal/impl/utils/WrappedValues$1
instanceKlass kotlin/reflect/jvm/internal/impl/utils/WrappedValues
instanceKlass kotlin/reflect/jvm/internal/impl/load/java/NullabilityAnnotationStates$Companion
instanceKlass kotlin/reflect/jvm/internal/impl/load/java/Jsr305Settings$$Lambda$0
instanceKlass kotlin/reflect/jvm/internal/impl/load/java/Jsr305Settings
instanceKlass kotlin/reflect/jvm/internal/impl/load/java/NullabilityAnnotationStatesImpl$$Lambda$0
instanceKlass kotlin/KotlinVersionCurrentValue
instanceKlass kotlin/KotlinVersion$Companion
instanceKlass kotlin/KotlinVersion
instanceKlass kotlin/reflect/jvm/internal/impl/load/java/ReportLevel$Companion
instanceKlass kotlin/reflect/jvm/internal/impl/load/java/JavaNullabilityAnnotationsStatus$Companion
instanceKlass kotlin/reflect/jvm/internal/impl/load/java/JavaNullabilityAnnotationsStatus
instanceKlass kotlin/reflect/jvm/internal/impl/load/java/NullabilityAnnotationStatesImpl
instanceKlass kotlin/reflect/jvm/internal/impl/load/java/NullabilityAnnotationStates
instanceKlass kotlin/reflect/jvm/internal/impl/load/java/JavaNullabilityAnnotationSettingsKt
instanceKlass kotlin/reflect/jvm/internal/impl/load/java/JavaTypeEnhancementState$Companion
instanceKlass kotlin/reflect/jvm/internal/impl/load/java/JavaTypeEnhancementState
instanceKlass kotlin/reflect/jvm/internal/impl/load/java/AbstractAnnotationTypeQualifierResolver$Companion
instanceKlass kotlin/reflect/jvm/internal/impl/load/java/AbstractAnnotationTypeQualifierResolver
instanceKlass kotlin/reflect/jvm/internal/impl/builtins/ReflectionTypes$ClassLookup
instanceKlass kotlin/reflect/jvm/internal/impl/builtins/ReflectionTypes$$Lambda$0
instanceKlass kotlin/reflect/jvm/internal/impl/builtins/ReflectionTypes$Companion
instanceKlass kotlin/reflect/jvm/internal/impl/builtins/ReflectionTypes
instanceKlass kotlin/reflect/jvm/internal/impl/incremental/components/LookupTracker$DO_NOTHING
instanceKlass kotlin/reflect/jvm/internal/impl/incremental/components/LookupTracker
instanceKlass kotlin/reflect/jvm/internal/impl/descriptors/SupertypeLoopChecker$EMPTY
instanceKlass kotlin/reflect/jvm/internal/impl/descriptors/SupertypeLoopChecker
instanceKlass kotlin/reflect/jvm/internal/impl/storage/LockBasedStorageManager$CacheWithNullableValuesBasedOnMemoizedFunction$1
instanceKlass kotlin/reflect/jvm/internal/impl/resolve/sam/SamConversionResolverImpl
instanceKlass kotlin/reflect/jvm/internal/impl/resolve/sam/SamConversionResolver
instanceKlass kotlin/reflect/jvm/internal/impl/load/java/components/JavaPropertyInitializerEvaluator$DoNothing
instanceKlass kotlin/reflect/jvm/internal/impl/load/java/components/JavaPropertyInitializerEvaluator
instanceKlass kotlin/reflect/jvm/internal/impl/load/java/components/JavaResolverCache$1
instanceKlass kotlin/reflect/jvm/internal/impl/load/java/components/JavaResolverCache
instanceKlass kotlin/reflect/jvm/internal/impl/load/java/components/SignaturePropagator$1
instanceKlass kotlin/reflect/jvm/internal/impl/load/java/components/SignaturePropagator
instanceKlass kotlin/reflect/jvm/internal/impl/load/java/lazy/JavaResolverComponents
instanceKlass kotlin/reflect/jvm/internal/impl/load/kotlin/PackagePartProvider$Empty
instanceKlass kotlin/reflect/jvm/internal/impl/load/kotlin/PackagePartProvider
instanceKlass kotlin/reflect/jvm/internal/impl/load/kotlin/DeserializationComponentsForJavaKt
instanceKlass kotlin/reflect/jvm/internal/impl/descriptors/NotFoundClasses$$Lambda$1
instanceKlass kotlin/reflect/jvm/internal/impl/descriptors/NotFoundClasses$$Lambda$0
instanceKlass kotlin/reflect/jvm/internal/impl/descriptors/NotFoundClasses
instanceKlass kotlin/reflect/jvm/internal/impl/load/java/lazy/SingleModuleClassResolver
instanceKlass kotlin/reflect/jvm/internal/impl/load/java/lazy/ModuleClassResolver
instanceKlass kotlin/reflect/jvm/internal/impl/metadata/jvm/deserialization/JvmMetadataVersion$Companion
instanceKlass kotlin/reflect/jvm/internal/impl/metadata/deserialization/BinaryVersion$Companion
instanceKlass kotlin/reflect/jvm/internal/impl/metadata/deserialization/BinaryVersion
instanceKlass kotlin/reflect/jvm/internal/impl/load/kotlin/header/KotlinClassHeader$Kind$Companion
instanceKlass kotlin/reflect/jvm/internal/impl/load/kotlin/DeserializedDescriptorResolver$Companion
instanceKlass kotlin/reflect/jvm/internal/impl/load/kotlin/DeserializedDescriptorResolver
instanceKlass kotlin/reflect/jvm/internal/impl/builtins/jvm/JvmBuiltIns$$Lambda$1
instanceKlass kotlin/reflect/jvm/internal/impl/builtins/KotlinBuiltIns$4
instanceKlass kotlin/reflect/jvm/internal/impl/descriptors/impl/ModuleDescriptorImpl$$Lambda$1
instanceKlass kotlin/reflect/jvm/internal/impl/descriptors/impl/ModuleDescriptorImpl$$Lambda$0
instanceKlass kotlin/reflect/jvm/internal/impl/descriptors/impl/PackageViewDescriptorFactory$Default
instanceKlass kotlin/reflect/jvm/internal/impl/descriptors/ModuleCapability
instanceKlass kotlin/reflect/jvm/internal/impl/descriptors/impl/PackageViewDescriptorFactory$Companion
instanceKlass kotlin/reflect/jvm/internal/impl/descriptors/impl/PackageViewDescriptorFactory
instanceKlass kotlin/reflect/jvm/internal/impl/descriptors/annotations/Annotations$Companion$EMPTY$1
instanceKlass kotlin/reflect/jvm/internal/impl/descriptors/annotations/Annotations$Companion
instanceKlass kotlin/reflect/jvm/internal/impl/descriptors/annotations/Annotations
instanceKlass kotlin/reflect/jvm/internal/impl/descriptors/annotations/AnnotatedImpl
instanceKlass kotlin/reflect/jvm/internal/impl/builtins/jvm/JvmBuiltIns$WhenMappings
instanceKlass kotlin/reflect/jvm/internal/impl/builtins/jvm/JvmBuiltIns$$Lambda$0
instanceKlass kotlin/reflect/jvm/internal/impl/storage/LockBasedStorageManager$MapBasedMemoizedFunction
instanceKlass kotlin/reflect/jvm/internal/impl/builtins/KotlinBuiltIns$3
instanceKlass kotlin/reflect/jvm/internal/impl/builtins/KotlinBuiltIns$2
instanceKlass kotlin/reflect/jvm/internal/impl/storage/LockBasedStorageManager$LockBasedLazyValue
instanceKlass kotlin/reflect/jvm/internal/impl/builtins/KotlinBuiltIns$1
instanceKlass kotlin/reflect/jvm/internal/impl/types/model/TypeArgumentListMarker
instanceKlass kotlin/reflect/jvm/internal/impl/types/model/SimpleTypeMarker
instanceKlass kotlin/reflect/jvm/internal/impl/types/model/RigidTypeMarker
instanceKlass kotlin/reflect/jvm/internal/impl/types/KotlinType
instanceKlass kotlin/reflect/jvm/internal/impl/types/model/KotlinTypeMarker
instanceKlass kotlin/reflect/jvm/internal/impl/incremental/components/LookupLocation
instanceKlass kotlin/reflect/jvm/internal/impl/descriptors/deserialization/AdditionalClassPartsProvider
instanceKlass kotlin/reflect/jvm/internal/impl/descriptors/ModuleDescriptor
instanceKlass kotlin/reflect/jvm/internal/impl/descriptors/deserialization/PlatformDependentDeclarationFilter
instanceKlass kotlin/reflect/jvm/internal/impl/descriptors/ClassifierDescriptor
instanceKlass kotlin/reflect/jvm/internal/impl/descriptors/DeclarationDescriptorNonRoot
instanceKlass kotlin/reflect/jvm/internal/impl/descriptors/DeclarationDescriptorWithSource
instanceKlass kotlin/reflect/jvm/internal/impl/descriptors/DeclarationDescriptor
instanceKlass kotlin/reflect/jvm/internal/impl/descriptors/annotations/Annotated
instanceKlass kotlin/reflect/jvm/internal/impl/descriptors/Named
instanceKlass kotlin/reflect/jvm/internal/impl/builtins/KotlinBuiltIns
instanceKlass kotlin/reflect/jvm/internal/impl/storage/DefaultSimpleLock
instanceKlass kotlin/reflect/jvm/internal/impl/storage/SimpleLock$Companion
instanceKlass kotlin/reflect/jvm/internal/impl/storage/EmptySimpleLock
instanceKlass kotlin/reflect/jvm/internal/impl/storage/LockBasedStorageManager$ExceptionHandlingStrategy$1
instanceKlass kotlin/reflect/jvm/internal/impl/storage/LockBasedStorageManager$ExceptionHandlingStrategy
instanceKlass kotlin/reflect/jvm/internal/impl/storage/SimpleLock
instanceKlass kotlin/reflect/jvm/internal/impl/storage/MemoizedFunctionToNotNull
instanceKlass kotlin/reflect/jvm/internal/impl/storage/CacheWithNullableValues
instanceKlass kotlin/reflect/jvm/internal/impl/storage/NullableLazyValue
instanceKlass kotlin/reflect/jvm/internal/impl/storage/NotNullLazyValue
instanceKlass kotlin/reflect/jvm/internal/impl/storage/CacheWithNotNullValues
instanceKlass kotlin/reflect/jvm/internal/impl/storage/MemoizedFunctionToNullable
instanceKlass kotlin/reflect/jvm/internal/impl/storage/LockBasedStorageManager
instanceKlass kotlin/reflect/jvm/internal/impl/storage/StorageManager
instanceKlass kotlin/reflect/jvm/internal/impl/descriptors/runtime/components/RuntimeSourceElementFactory
instanceKlass kotlin/reflect/jvm/internal/impl/load/java/sources/JavaSourceElementFactory
instanceKlass kotlin/reflect/jvm/internal/impl/descriptors/runtime/components/RuntimeErrorReporter
instanceKlass kotlin/reflect/jvm/internal/impl/serialization/deserialization/ErrorReporter
instanceKlass kotlin/reflect/jvm/internal/impl/descriptors/runtime/components/ReflectJavaClassFinder
instanceKlass kotlin/reflect/jvm/internal/impl/load/java/JavaClassFinder
instanceKlass kotlin/reflect/jvm/internal/impl/load/kotlin/DeserializationComponentsForJava$Companion
instanceKlass kotlin/reflect/jvm/internal/impl/load/kotlin/DeserializationComponentsForJava
instanceKlass kotlin/reflect/jvm/internal/impl/serialization/deserialization/builtins/BuiltInsResourceLoader
instanceKlass kotlin/reflect/jvm/internal/impl/descriptors/runtime/components/ReflectKotlinClassFinder
instanceKlass kotlin/reflect/jvm/internal/impl/load/kotlin/KotlinClassFinder
instanceKlass kotlin/reflect/jvm/internal/impl/serialization/deserialization/KotlinMetadataFinder
instanceKlass kotlin/reflect/jvm/internal/impl/descriptors/runtime/components/RuntimeModuleData$Companion
instanceKlass kotlin/reflect/jvm/internal/impl/descriptors/runtime/components/RuntimeModuleData
instanceKlass kotlin/reflect/jvm/internal/WeakClassLoaderBox
instanceKlass kotlin/reflect/jvm/internal/ModuleByClassLoaderKt
instanceKlass kotlin/reflect/jvm/internal/impl/utils/DFS$Neighbors
instanceKlass kotlin/reflect/full/KClasses
instanceKlass org/jetbrains/exposed/sql/SQLExpressionBuilderKt
instanceKlass org/jetbrains/exposed/sql/Sequence
instanceKlass org/jetbrains/exposed/sql/AutoIncColumnType
instanceKlass org/jetbrains/exposed/sql/Expression$Companion
instanceKlass org/jetbrains/exposed/sql/Expression
instanceKlass org/jetbrains/exposed/sql/ColumnType
instanceKlass org/jetbrains/exposed/sql/IColumnType
instanceKlass org/jetbrains/exposed/sql/ColumnSet
instanceKlass org/jetbrains/exposed/sql/FieldSet
instanceKlass org/jetbrains/exposed/sql/DdlAware
instanceKlass org/jetbrains/exposed/sql/SchemaUtils
instanceKlass org/jetbrains/exposed/sql/CompositeSqlLogger
instanceKlass org/slf4j/helpers/NamedLoggerBase
instanceKlass org/slf4j/helpers/Util
instanceKlass org/slf4j/helpers/NOPLoggerFactory
instanceKlass org/slf4j/Logger
instanceKlass org/slf4j/helpers/SubstituteLoggerFactory
instanceKlass org/slf4j/event/LoggingEvent
instanceKlass org/slf4j/ILoggerFactory
instanceKlass org/slf4j/LoggerFactory
instanceKlass org/jetbrains/exposed/sql/SQLLogKt
instanceKlass org/jetbrains/exposed/sql/transactions/ThreadLocalTransactionManager$ThreadLocalTransaction
instanceKlass org/jetbrains/exposed/dao/EntityLifecycleInterceptor
instanceKlass org/jetbrains/exposed/sql/statements/GlobalStatementInterceptor
instanceKlass org/jetbrains/exposed/sql/statements/StatementInterceptor
instanceKlass org/jetbrains/exposed/sql/Transaction$Companion
instanceKlass kotlin/collections/MapWithDefault
instanceKlass org/jetbrains/exposed/sql/vendors/FunctionProvider
instanceKlass org/jetbrains/exposed/sql/vendors/DataTypeProvider
instanceKlass org/jetbrains/exposed/sql/vendors/H2Dialect$Companion
instanceKlass org/jetbrains/exposed/sql/vendors/VendorDialect
instanceKlass org/jetbrains/exposed/sql/vendors/DatabaseDialect
instanceKlass org/jetbrains/exposed/sql/transactions/TransactionApiKt
instanceKlass org/jetbrains/exposed/sql/transactions/ThreadLocalTransactionManagerKt
instanceKlass org/jetbrains/exposed/sql/UserDataHolder
instanceKlass org/jetbrains/exposed/sql/transactions/TransactionInterface
instanceKlass java/util/concurrent/ConcurrentLinkedDeque$AbstractItr
instanceKlass org/jetbrains/exposed/sql/transactions/ThreadLocalTransactionManager
instanceKlass java/util/concurrent/ConcurrentLinkedDeque$Node
instanceKlass org/jetbrains/exposed/sql/transactions/TransactionManager$Companion
instanceKlass org/jetbrains/exposed/sql/transactions/TransactionManager
instanceKlass kotlin/UnsafeLazyImpl
instanceKlass org/jetbrains/exposed/sql/Slf4jSqlDebugLogger
instanceKlass org/jetbrains/exposed/sql/SqlLogger
instanceKlass org/jetbrains/exposed/sql/DatabaseConfig$Builder
instanceKlass org/jetbrains/exposed/sql/DatabaseConfig$Companion
instanceKlass org/jetbrains/exposed/sql/DatabaseConfig
instanceKlass java/sql/DriverInfo
instanceKlass java/sql/DriverManager
instanceKlass java/sql/Connection
instanceKlass java/sql/Wrapper
instanceKlass org/h2/Driver
instanceKlass org/h2/JdbcDriverBackwardsCompat
instanceKlass java/sql/Driver
instanceKlass org/jetbrains/exposed/jdbc/ExposedConnectionImpl
instanceKlass sun/net/www/protocol/jar/JarFileFactory
instanceKlass sun/net/www/protocol/jar/URLJarFile$URLJarFileCloseController
instanceKlass org/jetbrains/exposed/sql/DatabaseConnectionAutoRegistration
instanceKlass org/jetbrains/exposed/sql/Database$Companion
instanceKlass org/javacs/kt/progress/Progress$Factory$None
instanceKlass org/javacs/kt/progress/Progress$Factory
instanceKlass org/jetbrains/exposed/sql/Database
instanceKlass org/javacs/kt/index/SymbolIndex
instanceKlass org/javacs/kt/SourcePath
instanceKlass org/javacs/kt/externalsources/FernflowerDecompiler
instanceKlass org/javacs/kt/externalsources/Decompiler
instanceKlass org/javacs/kt/externalsources/ClassPathSourceArchiveProvider
instanceKlass org/javacs/kt/externalsources/JdkSourceArchiveProvider
instanceKlass org/javacs/kt/externalsources/CompositeSourceArchiveProvider
instanceKlass org/javacs/kt/externalsources/SourceArchiveProvider
instanceKlass org/javacs/kt/externalsources/ClassContentProvider
instanceKlass org/javacs/kt/URIContentProvider
instanceKlass org/javacs/kt/util/TemporaryDirectory
instanceKlass org/jetbrains/kotlin/config/JvmTarget$Companion
instanceKlass org/jetbrains/kotlin/platform/TargetPlatformVersion
instanceKlass java/util/concurrent/LinkedBlockingQueue$Node
instanceKlass java/util/concurrent/locks/AbstractQueuedSynchronizer$ConditionObject
instanceKlass java/util/concurrent/locks/Condition
instanceKlass java/util/concurrent/ThreadPoolExecutor$AbortPolicy
instanceKlass java/util/concurrent/RejectedExecutionHandler
instanceKlass java/util/concurrent/AbstractExecutorService
instanceKlass java/util/concurrent/Executors$DelegatedExecutorService
instanceKlass java/util/concurrent/Executors
instanceKlass org/javacs/kt/util/AsyncExecutor
instanceKlass org/jetbrains/kotlin/psi/KtPsiFactory$Companion
instanceKlass org/jetbrains/kotlin/psi/KtPsiFactory
instanceKlass org/jetbrains/kotlin/samWithReceiver/CliSamWithReceiverComponentContributor
instanceKlass kotlin/jvm/internal/CollectionToArray
instanceKlass kotlin/collections/AbstractList$IteratorImpl
instanceKlass org/jetbrains/kotlin/cli/jvm/compiler/JavaLanguageLevelKt$EntriesMappings
instanceKlass org/jetbrains/kotlin/cli/jvm/compiler/JavaLanguageLevelKt
instanceKlass com/intellij/util/keyFMap/PairElementsFMap
instanceKlass org/jetbrains/kotlin/config/AppendJavaSourceRootsHandlerKeyKt
instanceKlass org/jetbrains/kotlin/cli/jvm/compiler/CliVirtualFileFinderFactory
instanceKlass org/jetbrains/kotlin/load/kotlin/VirtualFileFinderFactory
instanceKlass org/jetbrains/kotlin/load/kotlin/MetadataFinderFactory
instanceKlass org/jetbrains/kotlin/load/kotlin/VirtualFileFinder
instanceKlass org/jetbrains/kotlin/load/kotlin/KotlinClassFinder
instanceKlass org/jetbrains/kotlin/serialization/deserialization/KotlinMetadataFinder
instanceKlass org/jetbrains/kotlin/cli/jvm/modules/CliJavaModuleResolver$Companion
instanceKlass org/jetbrains/kotlin/cli/jvm/modules/CliJavaModuleResolver
instanceKlass org/jetbrains/kotlin/resolve/jvm/modules/JavaModuleResolver
instanceKlass org/jetbrains/kotlin/load/java/JavaModuleAnnotationsProvider
instanceKlass org/jetbrains/kotlin/cli/jvm/index/SingleJavaFileRootsIndex
instanceKlass org/jetbrains/kotlin/cli/jvm/index/JvmDependenciesIndexImpl$Cache
instanceKlass org/jetbrains/kotlin/cli/jvm/index/JvmDependenciesIndexImpl
instanceKlass org/jetbrains/kotlin/cli/jvm/index/JvmDependenciesDynamicCompoundIndex
instanceKlass org/jetbrains/kotlin/cli/jvm/index/JvmDependenciesIndex
instanceKlass jdk/internal/jrtfs/JrtFileAttributes
instanceKlass org/jetbrains/kotlin/cli/jvm/compiler/ClasspathRootsResolver$RootsAndModules
instanceKlass org/jetbrains/kotlin/cli/jvm/index/JavaRoot$RootTypes
instanceKlass org/jetbrains/kotlin/cli/jvm/index/JavaRoot
instanceKlass org/jetbrains/kotlin/cli/common/messages/CompilerMessageSeverity$Companion
instanceKlass org/jetbrains/kotlin/resolve/jvm/modules/JavaModule$Automatic
instanceKlass org/jetbrains/kotlin/utils/WrappedValues$1
instanceKlass org/jetbrains/kotlin/utils/WrappedValues
instanceKlass org/jetbrains/kotlin/resolve/jvm/modules/JavaModuleInfo$Requires
instanceKlass org/jetbrains/kotlin/cli/jvm/compiler/CliJavaModuleUtilsKt
instanceKlass org/jetbrains/kotlin/resolve/jvm/modules/JavaModule$Explicit
instanceKlass org/jetbrains/kotlin/resolve/jvm/modules/JavaModule
instanceKlass org/jetbrains/kotlin/utils/CollectionsKt
instanceKlass org/jetbrains/kotlin/name/Name
instanceKlass org/jetbrains/kotlin/name/FqNameUnsafe$Companion
instanceKlass org/jetbrains/kotlin/name/FqNameUnsafe
instanceKlass org/jetbrains/kotlin/name/FqName$Companion
instanceKlass org/jetbrains/kotlin/name/FqName
instanceKlass org/jetbrains/kotlin/resolve/jvm/modules/JavaModuleInfo$Exports
instanceKlass org/jetbrains/org/objectweb/asm/ModuleVisitor
instanceKlass org/jetbrains/org/objectweb/asm/Context
instanceKlass org/jetbrains/org/objectweb/asm/Attribute
instanceKlass org/jetbrains/org/objectweb/asm/ClassVisitor
instanceKlass org/jetbrains/org/objectweb/asm/Label
instanceKlass org/jetbrains/org/objectweb/asm/ClassReader
instanceKlass kotlin/jvm/internal/Ref$ObjectRef
instanceKlass jdk/internal/jrtfs/JrtFileSystem$1
instanceKlass java/nio/channels/Channels
instanceKlass org/jetbrains/kotlin/resolve/jvm/modules/JavaModuleInfo$Companion
instanceKlass org/jetbrains/kotlin/resolve/jvm/modules/JavaModuleInfo
instanceKlass jdk/internal/misc/ScopedMemoryAccess$Scope
instanceKlass kotlin/sequences/FlatteningSequence$iterator$1
instanceKlass kotlin/sequences/FlatteningSequence
instanceKlass kotlin/collections/CollectionsKt___CollectionsKt$asSequence$$inlined$Sequence$1
instanceKlass kotlin/jvm/internal/AdaptedFunctionReference
instanceKlass kotlin/collections/ArraysKt___ArraysKt$asSequence$$inlined$Sequence$1
instanceKlass jdk/internal/jimage/ImageBufferCache$2
instanceKlass jdk/internal/jimage/ImageBufferCache
instanceKlass jdk/internal/jimage/ImageReader$SharedImageReader$LocationVisitor
instanceKlass jdk/internal/jimage/ImageLocation
instanceKlass org/jetbrains/kotlin/storage/LockBasedStorageManager$MapBasedMemoizedFunction
instanceKlass org/jetbrains/kotlin/storage/EmptySimpleLock
instanceKlass org/jetbrains/kotlin/storage/LockBasedStorageManager$ExceptionHandlingStrategy$1
instanceKlass org/jetbrains/kotlin/storage/LockBasedStorageManager$ExceptionHandlingStrategy
instanceKlass org/jetbrains/kotlin/storage/MemoizedFunctionToNotNull
instanceKlass org/jetbrains/kotlin/storage/CacheWithNullableValues
instanceKlass org/jetbrains/kotlin/storage/SimpleLock
instanceKlass org/jetbrains/kotlin/storage/NotNullLazyValue
instanceKlass org/jetbrains/kotlin/storage/CacheWithNotNullValues
instanceKlass org/jetbrains/kotlin/storage/NullableLazyValue
instanceKlass org/jetbrains/kotlin/storage/MemoizedFunctionToNullable
instanceKlass org/jetbrains/kotlin/storage/LockBasedStorageManager
instanceKlass org/jetbrains/kotlin/storage/StorageManager
instanceKlass org/jetbrains/kotlin/cli/jvm/modules/JavaModuleGraph
instanceKlass org/jetbrains/kotlin/cli/jvm/compiler/ClasspathRootsResolver$Companion
instanceKlass org/jetbrains/kotlin/cli/jvm/compiler/ClasspathRootsResolver
instanceKlass org/jetbrains/kotlin/resolve/jvm/modules/JavaModule$Root
instanceKlass java/util/function/BooleanSupplier
instanceKlass java/util/stream/StreamSpliterators
instanceKlass java/util/stream/AbstractSpinedBuffer
instanceKlass jdk/internal/jrtfs/JrtDirectoryStream$1
instanceKlass java/util/stream/StreamSpliterators$AbstractWrappingSpliterator
instanceKlass jdk/internal/jimage/ImageReader$Node
instanceKlass jdk/internal/jrtfs/JrtPath
instanceKlass jdk/internal/jrtfs/JrtDirectoryStream
instanceKlass java/util/concurrent/BlockingQueue
instanceKlass com/intellij/util/ConcurrencyUtil
instanceKlass jdk/internal/jimage/decompressor/Decompressor
instanceKlass jdk/internal/jimage/ImageStringsReader
instanceKlass jdk/internal/jimage/ImageHeader
instanceKlass jdk/internal/access/foreign/MemorySegmentProxy
instanceKlass sun/nio/ch/Util$4
instanceKlass sun/nio/ch/Util
instanceKlass sun/nio/ch/FileChannelImpl$Unmapper
instanceKlass jdk/internal/access/foreign/UnmapperProxy
instanceKlass jdk/internal/misc/ExtendedMapMode
instanceKlass sun/nio/ch/IOStatus
instanceKlass sun/nio/ch/NativeThread
instanceKlass java/nio/channels/spi/AbstractInterruptibleChannel$1
instanceKlass sun/nio/ch/Interruptible
instanceKlass java/nio/channels/FileChannel$MapMode
instanceKlass jdk/internal/jimage/BasicImageReader$2
instanceKlass sun/nio/ch/FileChannelImpl$Closer
instanceKlass sun/nio/ch/NativeDispatcher
instanceKlass sun/nio/ch/NativeThreadSet
instanceKlass sun/nio/ch/IOUtil
instanceKlass jdk/internal/jimage/BasicImageReader$1
instanceKlass jdk/internal/jimage/ImageReader$Node
instanceKlass jdk/internal/jimage/ImageStrings
instanceKlass jdk/internal/jimage/BasicImageReader
instanceKlass jdk/internal/jimage/ImageReader
instanceKlass jdk/internal/jrtfs/SystemImage$2
instanceKlass jdk/internal/jrtfs/SystemImage
instanceKlass jdk/internal/jrtfs/JrtPath
instanceKlass java/io/FilePermissionCollection$1
instanceKlass java/io/FilePermission$1
instanceKlass jdk/internal/access/JavaIOFilePermissionAccess
instanceKlass java/net/URLClassLoader$1
instanceKlass java/net/URLClassLoader$2
instanceKlass jdk/internal/jrtfs/JrtFileSystemProvider$1
instanceKlass sun/nio/fs/WindowsUriSupport
instanceKlass java/util/AbstractMap$SimpleImmutableEntry
instanceKlass java/nio/charset/CoderResult
instanceKlass java/util/AbstractMap$SimpleEntry
instanceKlass jdk/internal/jimage/ImageBufferCache$2
instanceKlass jdk/internal/jimage/ImageBufferCache
instanceKlass sun/net/www/MessageHeader
instanceKlass java/net/URLConnection
instanceKlass java/nio/channels/AsynchronousFileChannel
instanceKlass java/nio/channels/AsynchronousChannel
instanceKlass java/util/concurrent/ExecutorService
instanceKlass java/nio/file/FileStore
instanceKlass jdk/internal/module/ModulePatcher$PatchedModuleReader
instanceKlass java/nio/file/spi/FileSystemProvider$1
instanceKlass java/lang/annotation/Documented
instanceKlass java/lang/Deprecated
instanceKlass java/lang/Process
instanceKlass org/jetbrains/kotlin/cli/jvm/modules/JavaVersionUtilsKt
instanceKlass org/jetbrains/kotlin/cli/jvm/modules/CliJavaModuleFinder
instanceKlass org/jetbrains/kotlin/resolve/jvm/modules/JavaModuleFinder
instanceKlass kotlin/jvm/internal/Ref$BooleanRef
instanceKlass org/jetbrains/kotlin/extensions/PreprocessedFileCreator
instanceKlass com/intellij/openapi/util/KeyedExtensionCollector$MyExtensionPointListener
instanceKlass org/jetbrains/kotlin/cli/common/config/ContentRootsKt
instanceKlass org/jetbrains/kotlin/cli/jvm/compiler/CoreEnvironmentUtilsKt
instanceKlass org/jetbrains/kotlin/resolve/lazy/declarations/DeclarationProviderFactoryService$Companion
instanceKlass org/jetbrains/kotlin/resolve/lazy/declarations/DeclarationProviderFactoryService
instanceKlass kotlin/sequences/ConstrainedOnceSequence
instanceKlass org/jetbrains/kotlin/scripting/definitions/ScriptDefinitionProvider$Companion
instanceKlass org/jetbrains/kotlin/scripting/definitions/AutoloadedScriptDefinitions$Companion
instanceKlass org/jetbrains/kotlin/scripting/definitions/AutoloadedScriptDefinitions
instanceKlass kotlin/sequences/SequencesKt__SequenceBuilderKt$sequence$$inlined$Sequence$1
instanceKlass org/jetbrains/kotlin/scripting/definitions/LazyClasspathWithClassLoader
instanceKlass org/jetbrains/kotlin/scripting/definitions/ClasspathWithClassLoader
instanceKlass org/jetbrains/kotlin/scripting/definitions/ScriptiDefinitionsFromClasspathDiscoverySourceKt
instanceKlass org/jetbrains/kotlin/scripting/compiler/plugin/impl/ErrorReportingKt
instanceKlass org/jetbrains/kotlin/scripting/definitions/ScriptDefinitionsFromClasspathDiscoverySource
instanceKlass org/jetbrains/kotlin/scripting/definitions/ScriptDefinitionsSource
instanceKlass kotlin/script/experimental/api/ScriptEvaluationKt
instanceKlass kotlin/script/experimental/api/ScriptEvaluationConfiguration$Companion
instanceKlass kotlin/script/experimental/api/ScriptEvaluationConfigurationKeys
instanceKlass kotlin/script/experimental/dependencies/DependenciesResolver$NoDependencies
instanceKlass kotlin/script/experimental/dependencies/DependenciesResolver
instanceKlass kotlin/script/dependencies/ScriptDependenciesResolver
instanceKlass kotlin/script/experimental/jvm/compat/ExpectedLocationUtilKt$WhenMappings
instanceKlass kotlin/script/experimental/jvm/compat/ExpectedLocationUtilKt
instanceKlass kotlin/script/experimental/api/IdeScriptCompilationConfigurationBuilder$Companion
instanceKlass kotlin/script/experimental/api/IdeScriptCompilationConfigurationKeys
instanceKlass kotlin/script/experimental/api/ScriptIdeConfigurationKt
instanceKlass kotlin/reflect/jvm/internal/impl/name/SpecialNames
instanceKlass kotlin/reflect/jvm/internal/impl/builtins/CompanionObjectMapping
instanceKlass kotlin/reflect/jvm/internal/impl/name/FqNamesUtilKt
instanceKlass kotlin/reflect/jvm/internal/impl/utils/CollectionsKt
instanceKlass kotlin/reflect/jvm/internal/impl/builtins/PrimitiveType$Companion
instanceKlass kotlin/reflect/jvm/internal/impl/builtins/PrimitiveType$$Lambda$1
instanceKlass kotlin/reflect/jvm/internal/impl/builtins/PrimitiveType$$Lambda$0
instanceKlass kotlin/reflect/jvm/internal/impl/builtins/StandardNames$FqNames
instanceKlass kotlin/reflect/jvm/internal/impl/builtins/jvm/JavaToKotlinClassMap$PlatformMutabilityMapping
instanceKlass kotlin/reflect/jvm/internal/impl/name/StandardClassIdsKt
instanceKlass kotlin/reflect/jvm/internal/impl/name/StandardClassIds
instanceKlass kotlin/reflect/jvm/internal/impl/builtins/StandardNames
instanceKlass kotlin/reflect/jvm/internal/impl/builtins/functions/FunctionTypeKind
instanceKlass kotlin/reflect/jvm/internal/impl/builtins/jvm/JavaToKotlinClassMap
instanceKlass kotlin/jvm/functions/Function22
instanceKlass kotlin/jvm/functions/Function21
instanceKlass kotlin/jvm/functions/Function20
instanceKlass kotlin/jvm/functions/Function19
instanceKlass kotlin/jvm/functions/Function18
instanceKlass kotlin/jvm/functions/Function17
instanceKlass kotlin/jvm/functions/Function16
instanceKlass kotlin/jvm/functions/Function15
instanceKlass kotlin/jvm/functions/Function14
instanceKlass kotlin/jvm/functions/Function13
instanceKlass kotlin/jvm/functions/Function12
instanceKlass kotlin/jvm/functions/Function11
instanceKlass kotlin/jvm/functions/Function10
instanceKlass kotlin/jvm/functions/Function9
instanceKlass kotlin/jvm/functions/Function8
instanceKlass kotlin/jvm/functions/Function7
instanceKlass kotlin/jvm/functions/Function6
instanceKlass kotlin/jvm/functions/Function5
instanceKlass kotlin/jvm/functions/Function4
instanceKlass kotlin/jvm/functions/Function3
instanceKlass kotlin/TuplesKt
instanceKlass kotlin/jvm/JvmClassMappingKt
instanceKlass kotlin/reflect/jvm/internal/impl/descriptors/runtime/structure/ReflectClassUtilKt
instanceKlass kotlin/reflect/jvm/internal/impl/name/Name
instanceKlass kotlin/reflect/jvm/internal/impl/name/FqNameUnsafe$Companion
instanceKlass kotlin/reflect/jvm/internal/impl/name/FqNameUnsafe
instanceKlass kotlin/reflect/jvm/internal/impl/name/FqName$Companion
instanceKlass kotlin/reflect/jvm/internal/impl/name/FqName
instanceKlass kotlin/reflect/jvm/internal/impl/name/ClassId$Companion
instanceKlass kotlin/reflect/jvm/internal/impl/name/ClassId
instanceKlass kotlin/reflect/jvm/internal/RuntimeTypeMapper
instanceKlass kotlin/reflect/jvm/internal/KClassImpl$Data$$Lambda$17
instanceKlass kotlin/reflect/jvm/internal/KClassImpl$Data$$Lambda$16
instanceKlass kotlin/reflect/jvm/internal/KClassImpl$Data$$Lambda$15
instanceKlass kotlin/reflect/jvm/internal/KClassImpl$Data$$Lambda$14
instanceKlass kotlin/reflect/jvm/internal/KClassImpl$Data$$Lambda$13
instanceKlass kotlin/reflect/jvm/internal/KClassImpl$Data$$Lambda$12
instanceKlass kotlin/reflect/jvm/internal/KClassImpl$Data$$Lambda$11
instanceKlass kotlin/reflect/jvm/internal/KClassImpl$Data$$Lambda$10
instanceKlass kotlin/reflect/jvm/internal/KClassImpl$Data$$Lambda$9
instanceKlass kotlin/reflect/jvm/internal/KClassImpl$Data$$Lambda$8
instanceKlass kotlin/reflect/jvm/internal/KClassImpl$Data$$Lambda$7
instanceKlass kotlin/reflect/jvm/internal/KClassImpl$Data$$Lambda$6
instanceKlass kotlin/reflect/jvm/internal/KClassImpl$Data$$Lambda$5
instanceKlass kotlin/reflect/jvm/internal/KClassImpl$Data$$Lambda$4
instanceKlass kotlin/reflect/jvm/internal/KClassImpl$Data$$Lambda$3
instanceKlass kotlin/reflect/jvm/internal/KClassImpl$Data$$Lambda$2
instanceKlass kotlin/reflect/jvm/internal/KClassImpl$Data$$Lambda$1
instanceKlass kotlin/reflect/jvm/internal/KClassImpl$Data$$Lambda$0
instanceKlass kotlin/reflect/jvm/internal/KDeclarationContainerImpl$Data$$Lambda$0
instanceKlass kotlin/reflect/jvm/internal/KDeclarationContainerImpl$Data
instanceKlass kotlin/script/experimental/api/KotlinType$Companion
instanceKlass kotlin/script/experimental/api/KotlinType
instanceKlass kotlin/script/experimental/api/ScriptCompilationKt
instanceKlass kotlin/reflect/jvm/internal/KClassImpl$$Lambda$0
instanceKlass kotlin/reflect/jvm/internal/KClassifierImpl
instanceKlass kotlin/script/templates/standard/ScriptTemplateWithArgs
instanceKlass org/jetbrains/kotlin/scripting/definitions/KotlinScriptDefinition$Companion
instanceKlass kotlin/script/experimental/api/ScriptCompilationConfiguration$Companion
instanceKlass kotlin/script/experimental/api/ScriptCompilationConfigurationKeys
instanceKlass org/jetbrains/kotlin/scripting/definitions/ScriptDefinition$Companion
instanceKlass org/jetbrains/kotlin/scripting/compiler/plugin/ScriptingCompilerConfigurationExtensionKt
instanceKlass org/jetbrains/kotlin/scripting/definitions/ScriptCompilationConfigurationFromDefinitionKt
instanceKlass org/jetbrains/kotlin/scripting/configuration/ScriptingConfigurationKeys
instanceKlass com/intellij/diagnostic/Activity
instanceKlass com/intellij/diagnostic/StartUpMeasurer
instanceKlass org/jetbrains/kotlin/resolve/jvm/KotlinJavaPsiFacade$2
instanceKlass org/jetbrains/kotlin/resolve/jvm/KotlinJavaPsiFacade$1
instanceKlass com/intellij/psi/PsiModifierList
instanceKlass org/jetbrains/kotlin/resolve/jvm/NotFoundPackagesCachingStrategy$Default
instanceKlass com/intellij/psi/impl/ElementBase$ElementIconRequest
instanceKlass org/jetbrains/kotlin/resolve/jvm/KotlinJavaPsiFacade$KotlinPsiElementFinderWrapperImpl
instanceKlass org/jetbrains/kotlin/resolve/jvm/KotlinJavaPsiFacade$KotlinPsiElementFinderWrapper
instanceKlass org/jetbrains/kotlin/resolve/jvm/NotFoundPackagesCachingStrategy
instanceKlass org/jetbrains/kotlin/load/java/structure/JavaClass
instanceKlass org/jetbrains/kotlin/load/java/structure/JavaTypeParameterListOwner
instanceKlass org/jetbrains/kotlin/load/java/structure/JavaModifierListOwner
instanceKlass org/jetbrains/kotlin/load/java/structure/JavaClassifier
instanceKlass org/jetbrains/kotlin/load/java/structure/JavaNamedElement
instanceKlass org/jetbrains/kotlin/load/java/structure/JavaAnnotationOwner
instanceKlass org/jetbrains/kotlin/load/java/structure/JavaElement
instanceKlass org/jetbrains/kotlin/resolve/jvm/KotlinJavaPsiFacade
instanceKlass org/jetbrains/kotlin/load/java/structure/impl/source/JavaElementSourceFactory
instanceKlass org/jetbrains/kotlin/cli/common/CliModuleVisibilityManagerImpl
instanceKlass org/jetbrains/kotlin/load/kotlin/ModuleVisibilityManager
instanceKlass org/jetbrains/kotlin/compiler/plugin/CompilerPluginRegistrarKt
instanceKlass org/jetbrains/kotlin/compiler/plugin/CompilerPluginRegistrar$Companion
instanceKlass org/jetbrains/kotlin/compiler/plugin/CompilerPluginRegistrar
instanceKlass org/jetbrains/kotlin/compiler/plugin/CompilerPluginRegistrar$ExtensionStorage
instanceKlass org/jetbrains/kotlin/scripting/compiler/plugin/definitions/CliScriptReportSink
instanceKlass org/jetbrains/kotlin/scripting/resolve/ScriptReportSink
instanceKlass org/jetbrains/kotlin/scripting/extensions/ScriptExtraImportsProviderExtension
instanceKlass org/jetbrains/kotlin/scripting/extensions/ScriptingResolveExtension
instanceKlass java/util/concurrent/locks/ReentrantReadWriteLock$WriteLock
instanceKlass java/util/concurrent/locks/ReentrantReadWriteLock$ReadLock
instanceKlass java/util/concurrent/locks/ReentrantReadWriteLock
instanceKlass java/util/concurrent/locks/ReadWriteLock
instanceKlass org/jetbrains/kotlin/scripting/definitions/ScriptConfigurationsProvider$Companion
instanceKlass org/jetbrains/kotlin/scripting/definitions/ScriptConfigurationsProvider
instanceKlass org/jetbrains/kotlin/scripting/definitions/LazyScriptDefinitionProvider$Companion
instanceKlass org/jetbrains/kotlin/scripting/definitions/LazyScriptDefinitionProvider
instanceKlass org/jetbrains/kotlin/scripting/definitions/ScriptDefinitionProvider
instanceKlass org/jetbrains/kotlin/scripting/compiler/plugin/extensions/JvmStandardReplFactoryExtension
instanceKlass org/jetbrains/kotlin/cli/common/extensions/ReplFactoryExtension
instanceKlass org/jetbrains/kotlin/scripting/compiler/plugin/JvmCliReplShellExtension
instanceKlass org/jetbrains/kotlin/scripting/compiler/plugin/PluginRegisrarKt
instanceKlass org/jetbrains/kotlin/scripting/compiler/plugin/AbstractScriptEvaluationExtension
instanceKlass org/jetbrains/kotlin/scripting/compiler/plugin/extensions/ScriptingProcessSourcesBeforeCompilingExtension
instanceKlass org/jetbrains/kotlin/scripting/compiler/plugin/extensions/ScriptingCollectAdditionalSourcesExtension
instanceKlass org/jetbrains/kotlin/scripting/compiler/plugin/ScriptingCompilerConfigurationExtension
instanceKlass kotlin/jvm/internal/ArrayIterator
instanceKlass kotlin/jvm/internal/ArrayIteratorKt
instanceKlass kotlin/collections/ArraysKt___ArraysKt$asIterable$$inlined$Iterable$1
instanceKlass kotlin/script/experimental/jvm/JvmGetScriptingClass$Companion
instanceKlass kotlin/script/experimental/jvm/JvmGetScriptingClass
instanceKlass kotlin/script/experimental/jvm/GetScriptingClassByClassLoader
instanceKlass kotlin/script/experimental/host/GetScriptingClass
instanceKlass kotlin/script/experimental/util/PropertiesCollection$Key$Companion
instanceKlass kotlin/script/experimental/util/PropertiesCollection$Key
instanceKlass kotlin/script/experimental/host/HostConfigurationKt
instanceKlass kotlin/collections/EmptyList
instanceKlass kotlin/script/experimental/util/PropertiesCollection$Builder
instanceKlass kotlin/script/experimental/util/PropertiesCollection$PropertyKeyDelegate
instanceKlass kotlin/reflect/jvm/internal/KProperty1Impl$$Lambda$1
instanceKlass kotlin/reflect/jvm/internal/KProperty1Impl$$Lambda$0
instanceKlass kotlin/reflect/jvm/internal/KPropertyImpl$$Lambda$1
instanceKlass kotlin/reflect/jvm/internal/KPropertyImpl$$Lambda$0
instanceKlass kotlin/reflect/jvm/internal/KCallableImpl$$Lambda$5
instanceKlass kotlin/reflect/jvm/internal/KCallableImpl$$Lambda$4
instanceKlass kotlin/reflect/jvm/internal/KCallableImpl$$Lambda$3
instanceKlass kotlin/reflect/jvm/internal/KCallableImpl$$Lambda$2
instanceKlass kotlin/reflect/jvm/internal/KCallableImpl$$Lambda$1
instanceKlass kotlin/reflect/jvm/internal/ReflectProperties$Val$1
instanceKlass kotlin/reflect/jvm/internal/ReflectProperties$Val
instanceKlass kotlin/reflect/jvm/internal/ReflectProperties
instanceKlass kotlin/reflect/jvm/internal/KCallableImpl$$Lambda$0
instanceKlass kotlin/reflect/jvm/internal/KPackageImpl$$Lambda$0
instanceKlass kotlin/text/Regex$Companion
instanceKlass kotlin/text/Regex
instanceKlass kotlin/jvm/internal/DefaultConstructorMarker
instanceKlass kotlin/reflect/jvm/internal/KDeclarationContainerImpl$Companion
instanceKlass kotlin/reflect/jvm/internal/CachesKt$$Lambda$4
instanceKlass kotlin/reflect/jvm/internal/CachesKt$$Lambda$3
instanceKlass kotlin/reflect/jvm/internal/CachesKt$$Lambda$2
instanceKlass kotlin/reflect/jvm/internal/CachesKt$$Lambda$1
instanceKlass kotlin/reflect/jvm/internal/CacheByClass
instanceKlass kotlin/reflect/jvm/internal/CacheByClassKt
instanceKlass kotlin/reflect/jvm/internal/CachesKt$$Lambda$0
instanceKlass kotlin/reflect/jvm/internal/CachesKt
instanceKlass kotlin/reflect/jvm/internal/KPropertyImpl$Companion
instanceKlass kotlin/reflect/jvm/internal/KCallableImpl
instanceKlass kotlin/reflect/jvm/internal/KTypeParameterOwnerImpl
instanceKlass kotlin/reflect/jvm/internal/KDeclarationContainerImpl
instanceKlass kotlin/jvm/internal/ClassBasedDeclarationContainer
instanceKlass kotlin/reflect/KMutableProperty2
instanceKlass kotlin/reflect/KProperty2
instanceKlass kotlin/reflect/KMutableProperty1
instanceKlass kotlin/reflect/KMutableProperty0
instanceKlass kotlin/reflect/KMutableProperty
instanceKlass kotlin/reflect/KProperty0
instanceKlass kotlin/reflect/KClass
instanceKlass kotlin/reflect/KTypeParameter
instanceKlass kotlin/reflect/KType
instanceKlass kotlin/jvm/internal/ReflectionFactory
instanceKlass kotlin/reflect/KClassifier
instanceKlass kotlin/jvm/internal/Reflection
instanceKlass kotlin/reflect/KProperty$Getter
instanceKlass kotlin/reflect/KProperty$Accessor
instanceKlass kotlin/reflect/KProperty1
instanceKlass kotlin/reflect/KProperty
instanceKlass kotlin/script/experimental/jvm/JvmScriptingHostConfigurationKt
instanceKlass kotlin/script/experimental/host/ScriptingHostConfiguration$Companion
instanceKlass kotlin/script/experimental/host/ScriptingHostConfigurationKeys
instanceKlass kotlin/script/experimental/util/PropertiesCollection$Companion
instanceKlass kotlin/script/experimental/util/PropertiesCollection
instanceKlass org/jetbrains/kotlin/resolve/diagnostics/DiagnosticSuppressor
instanceKlass org/jetbrains/kotlin/fir/extensions/FirAnalysisHandlerExtension
instanceKlass org/jetbrains/kotlin/resolve/extensions/AssignResolutionAltererExtension
instanceKlass org/jetbrains/kotlin/extensions/AnnotationBasedExtension
instanceKlass org/jetbrains/kotlin/types/DefaultTypeAttributeTranslator
instanceKlass org/jetbrains/kotlin/types/extensions/TypeAttributeTranslators
instanceKlass org/jetbrains/kotlin/extensions/TypeAttributeTranslatorExtension
instanceKlass org/jetbrains/kotlin/types/TypeAttributeTranslator
instanceKlass org/jetbrains/kotlin/fir/extensions/FirExtensionRegistrarAdapter
instanceKlass org/jetbrains/kotlin/serialization/DescriptorSerializerPlugin
instanceKlass org/jetbrains/kotlin/extensions/internal/CallResolutionInterceptorExtension
instanceKlass org/jetbrains/kotlin/extensions/internal/CandidateInterceptor
instanceKlass org/jetbrains/kotlin/extensions/internal/TypeResolutionInterceptorExtension
instanceKlass org/jetbrains/kotlin/extensions/internal/TypeResolutionInterceptor
instanceKlass org/jetbrains/kotlin/cli/common/extensions/ShellExtension
instanceKlass org/jetbrains/kotlin/cli/common/extensions/ScriptEvaluationExtension
instanceKlass org/jetbrains/kotlin/backend/common/extensions/IrGenerationExtension
instanceKlass org/jetbrains/kotlin/ir/linkage/IrDeserializer$IrLinkerExtension
instanceKlass org/jetbrains/kotlin/resolve/extensions/ExtraImportsProviderExtension
instanceKlass org/jetbrains/kotlin/extensions/ProcessSourcesBeforeCompilingExtension
instanceKlass org/jetbrains/kotlin/extensions/CollectAdditionalSourcesExtension
instanceKlass org/jetbrains/kotlin/extensions/CompilerConfigurationExtension
instanceKlass org/jetbrains/kotlin/js/translate/extensions/JsSyntheticTranslateExtension
instanceKlass org/jetbrains/kotlin/extensions/PreprocessedVirtualFileFactoryExtension
instanceKlass org/jetbrains/kotlin/extensions/DeclarationAttributeAltererExtension
instanceKlass org/jetbrains/kotlin/extensions/StorageComponentContainerContributor
instanceKlass org/jetbrains/kotlin/resolve/jvm/extensions/PackageFragmentProviderExtension
instanceKlass org/jetbrains/kotlin/resolve/jvm/extensions/AnalysisHandlerExtension
instanceKlass org/jetbrains/kotlin/resolve/extensions/AnalysisHandlerExtension
instanceKlass org/jetbrains/kotlin/codegen/extensions/ClassFileFactoryFinalizerExtension
instanceKlass org/jetbrains/kotlin/backend/jvm/extensions/ClassGeneratorExtension
instanceKlass org/jetbrains/kotlin/codegen/extensions/ClassBuilderInterceptorExtension
instanceKlass org/jetbrains/kotlin/resolve/jvm/extensions/SyntheticJavaResolveExtension
instanceKlass org/jetbrains/kotlin/resolve/extensions/SyntheticResolveExtension
instanceKlass org/jetbrains/kotlin/extensions/ProjectExtensionDescriptor
instanceKlass org/jetbrains/kotlin/codegen/extensions/ExpressionCodegenExtension
instanceKlass java/nio/file/FileVisitor
instanceKlass com/intellij/openapi/util/io/FileUtilRt
instanceKlass com/intellij/openapi/vfs/PersistentFSConstants
instanceKlass org/jetbrains/kotlin/cli/common/messages/MessageCollector$Companion$NONE$1
instanceKlass org/jetbrains/kotlin/cli/common/messages/MessageCollector$Companion
instanceKlass org/jetbrains/kotlin/config/CommonConfigurationKeysKt
instanceKlass com/intellij/psi/impl/source/DummyHolderFactory$DefaultFactory
instanceKlass com/intellij/psi/impl/source/DummyHolderFactory
instanceKlass com/intellij/psi/PsiImportHolder
instanceKlass com/intellij/psi/impl/source/PsiFileWithStubSupport
instanceKlass com/intellij/psi/impl/PsiFileEx
instanceKlass com/intellij/openapi/ui/Queryable
instanceKlass com/intellij/psi/impl/source/JavaDummyHolderFactory
instanceKlass com/intellij/lang/jvm/facade/JvmFacadeImpl
instanceKlass com/intellij/lang/jvm/facade/JvmFacade
instanceKlass com/intellij/util/containers/ConcurrentRefValueHashMap$ValueReference
instanceKlass com/intellij/util/containers/ConcurrentRefValueHashMap
instanceKlass com/intellij/psi/impl/source/HolderFactory
instanceKlass com/intellij/psi/PsiConstantEvaluationHelper
instanceKlass com/intellij/psi/JavaPsiFacade
instanceKlass org/jetbrains/kotlin/cli/jvm/compiler/MockInferredAnnotationsManager$Companion
instanceKlass com/intellij/codeInsight/InferredAnnotationsManager
instanceKlass com/intellij/codeInsight/ExternalAnnotationsListener
instanceKlass com/intellij/codeInsight/ExternalAnnotationsManager
instanceKlass com/intellij/util/Processor
instanceKlass org/jetbrains/kotlin/asJava/finder/JavaElementFinder$Companion
instanceKlass org/jetbrains/kotlin/resolve/jvm/KotlinFinderMarker
instanceKlass org/jetbrains/kotlin/asJava/KotlinAsJavaSupport$Companion
instanceKlass org/jetbrains/kotlin/asJava/KotlinAsJavaSupport
instanceKlass kotlin/SafePublicationLazyImpl$Companion
instanceKlass kotlin/SafePublicationLazyImpl
instanceKlass kotlin/LazyKt__LazyJVMKt$WhenMappings
instanceKlass java/lang/invoke/MethodHandle$1
instanceKlass org/jetbrains/kotlin/asJava/classes/ImplUtilsKt
instanceKlass org/jetbrains/kotlin/cli/jvm/compiler/CliLightClassGenerationSupport$CliLightClassSupport
instanceKlass org/jetbrains/kotlin/asJava/classes/KtUltraLightSupport
instanceKlass org/jetbrains/kotlin/asJava/LightClassGenerationSupport$Companion
instanceKlass org/jetbrains/kotlin/asJava/LightClassGenerationSupport
instanceKlass org/jetbrains/kotlin/resolve/jvm/JvmCodeAnalyzerInitializer
instanceKlass org/jetbrains/kotlin/resolve/CodeAnalyzerInitializer
instanceKlass com/intellij/psi/impl/JvmPsiConversionHelperImpl
instanceKlass com/intellij/psi/JvmPsiConversionHelper
instanceKlass java/util/stream/Collectors$CollectorImpl
instanceKlass java/util/stream/Collectors
instanceKlass java/util/stream/Collector
instanceKlass java/util/function/BinaryOperator
instanceKlass java/util/function/BiConsumer
instanceKlass com/intellij/util/containers/Interner
instanceKlass org/jetbrains/kotlin/utils/PlatformUtilsKt
instanceKlass org/jetbrains/kotlin/load/java/structure/impl/classFiles/BinaryClassSignatureParser
instanceKlass com/intellij/openapi/util/RecursionManager$2
instanceKlass com/intellij/util/containers/SoftKeySoftValueHashMap
instanceKlass com/intellij/psi/search/ProjectScope
instanceKlass org/jetbrains/kotlin/util/PerformanceCounter$Companion
instanceKlass org/jetbrains/kotlin/util/PerformanceCounter
instanceKlass org/jetbrains/kotlin/cli/jvm/compiler/KotlinCliJavaFileManagerImpl$Companion
instanceKlass com/intellij/core/CoreJavaFileManager
instanceKlass org/jetbrains/kotlin/resolve/jvm/KotlinCliJavaFileManager
instanceKlass com/intellij/psi/controlFlow/ControlFlowFactory$1
instanceKlass com/intellij/util/containers/ConcurrentWeakKeySoftValueHashMap$HardKey
instanceKlass com/intellij/util/containers/ConcurrentWeakKeySoftValueHashMap$KeyReference
instanceKlass com/intellij/util/containers/ConcurrentWeakKeySoftValueHashMap
instanceKlass com/intellij/psi/controlFlow/ControlFlow
instanceKlass com/intellij/psi/controlFlow/ControlFlowFactory
instanceKlass com/intellij/psi/codeStyle/SuggestedNameInfo
instanceKlass com/intellij/psi/codeStyle/JavaCodeStyleManager
instanceKlass com/intellij/core/CoreJavaFileCodeStyleFacade
instanceKlass com/intellij/psi/codeStyle/JavaFileCodeStyleFacade
instanceKlass com/intellij/psi/codeStyle/CodeStyleSettingsFacade
instanceKlass com/intellij/psi/codeStyle/JavaCodeStyleSettingsFacade
instanceKlass com/intellij/psi/impl/source/resolve/JavaResolveCache$1
instanceKlass com/intellij/psi/impl/source/resolve/JavaResolveCache
instanceKlass com/intellij/util/lang/JavaVersion
instanceKlass sun/util/locale/LanguageTag
instanceKlass java/util/ResourceBundle$Control
instanceKlass com/intellij/AbstractBundle
instanceKlass com/intellij/core/JavaPsiBundle
instanceKlass com/intellij/openapi/roots/LanguageLevelProjectExtension$LanguageLevelChangeListener
instanceKlass com/intellij/openapi/roots/LanguageLevelProjectExtension
instanceKlass com/intellij/openapi/util/RecursionManager$CalculationStack
instanceKlass com/intellij/openapi/util/RecursionGuard$StackStamp
instanceKlass com/intellij/openapi/util/RecursionGuard
instanceKlass com/intellij/openapi/util/RecursionManager
instanceKlass com/intellij/psi/PsiInferenceHelper
instanceKlass com/intellij/psi/scope/processor/FilterScopeProcessor
instanceKlass com/intellij/psi/scope/PsiScopeProcessor
instanceKlass com/intellij/psi/scope/NameHint
instanceKlass com/intellij/psi/scope/ElementClassHint
instanceKlass com/intellij/psi/impl/source/resolve/PsiResolveHelperImpl
instanceKlass com/intellij/psi/PsiResolveHelper
instanceKlass com/intellij/psi/impl/JavaPsiImplementationHelper
instanceKlass com/intellij/psi/impl/PsiElementFactoryImpl$1
instanceKlass com/intellij/psi/TypeAnnotationProvider$1
instanceKlass com/intellij/psi/TypeAnnotationProvider$Static
instanceKlass com/intellij/psi/TypeAnnotationProvider
instanceKlass com/intellij/psi/PsiAnnotation
instanceKlass com/intellij/lang/jvm/types/JvmPrimitiveTypeKind
instanceKlass com/intellij/lang/jvm/JvmAnnotation
instanceKlass com/intellij/psi/PsiTypes
instanceKlass com/intellij/lang/java/parser/JavaParserUtil$ParserWrapper
instanceKlass com/intellij/lang/jvm/types/JvmReferenceType
instanceKlass com/intellij/psi/PsiReferenceExpression
instanceKlass com/intellij/psi/PsiExpression
instanceKlass com/intellij/psi/PsiCaseLabelElement
instanceKlass com/intellij/psi/PsiAnnotationMemberValue
instanceKlass com/intellij/psi/PsiJavaCodeReferenceElement
instanceKlass com/intellij/psi/PsiQualifiedReferenceElement
instanceKlass com/intellij/psi/PsiQualifiedReference
instanceKlass com/intellij/psi/PsiJavaReference
instanceKlass com/intellij/psi/PsiPolyVariantReference
instanceKlass com/intellij/psi/PsiImportStatementBase
instanceKlass com/intellij/psi/PsiTypeElement
instanceKlass com/intellij/lang/java/parser/BasicJavaParserUtil$ParserWrapper
instanceKlass com/intellij/lang/jvm/types/JvmPrimitiveType
instanceKlass com/intellij/psi/PsiType
instanceKlass com/intellij/psi/PsiAnnotationOwner
instanceKlass com/intellij/lang/jvm/types/JvmType
instanceKlass com/intellij/psi/impl/PsiJavaParserFacadeImpl
instanceKlass com/intellij/psi/PsiElementFactory
instanceKlass com/intellij/psi/PsiJavaParserFacade
instanceKlass com/intellij/psi/JVMElementFactory
instanceKlass com/intellij/lang/injection/InjectedLanguageManager
instanceKlass com/intellij/mock/MockDumbUtil
instanceKlass com/intellij/openapi/project/DumbUtil
instanceKlass com/intellij/psi/search/impl/VirtualFileEnumerationAware
instanceKlass com/intellij/psi/search/impl/VirtualFileEnumeration
instanceKlass com/intellij/psi/search/SearchScope
instanceKlass com/intellij/psi/search/ProjectAwareFileFilter
instanceKlass com/intellij/psi/PsiDirectory
instanceKlass com/intellij/psi/impl/file/PsiDirectoryFactory
instanceKlass com/intellij/psi/util/CachedValue
instanceKlass com/intellij/psi/util/ParameterizedCachedValue
instanceKlass com/intellij/psi/impl/PsiCachedValuesFactory
instanceKlass com/intellij/psi/util/CachedValueProvider
instanceKlass com/intellij/psi/util/CachedValuesManager
instanceKlass com/intellij/psi/impl/source/tree/TreeElementVisitor
instanceKlass com/intellij/psi/PsiFileFactory
instanceKlass com/intellij/psi/impl/PsiToDocumentSynchronizer
instanceKlass com/intellij/psi/PsiRecursiveVisitor
instanceKlass com/intellij/psi/PsiElementVisitor
instanceKlass com/intellij/openapi/editor/event/DocumentListener
instanceKlass com/intellij/psi/PsiDocumentManager
instanceKlass com/intellij/core/MockDocumentCommitProcessor
instanceKlass com/intellij/psi/impl/DocumentCommitProcessor
instanceKlass com/intellij/psi/SmartPointerManager
instanceKlass com/intellij/psi/impl/file/impl/FileManagerImpl$1
instanceKlass com/intellij/openapi/util/Comparing
instanceKlass com/intellij/openapi/fileTypes/CharsetUtil
instanceKlass com/intellij/util/LocalTimeCounter
instanceKlass com/intellij/openapi/extensions/ExtensionPointPriorityListener
instanceKlass com/intellij/openapi/extensions/ExtensionPointUtil$1
instanceKlass com/intellij/openapi/extensions/ExtensionPointUtil
instanceKlass com/intellij/openapi/vfs/NonPhysicalFileSystem
instanceKlass com/intellij/openapi/vfs/VirtualFileWithAssignedFileType
instanceKlass com/intellij/psi/impl/file/impl/FileManagerImpl
instanceKlass com/intellij/openapi/util/NotNullFactory
instanceKlass com/intellij/openapi/util/Factory
instanceKlass com/intellij/openapi/vfs/VirtualFileFilter$2
instanceKlass com/intellij/openapi/vfs/VirtualFileFilter$1
instanceKlass com/intellij/openapi/vfs/VirtualFileFilter
instanceKlass com/intellij/openapi/util/LowMemoryWatcher
instanceKlass com/intellij/psi/impl/source/resolve/ResolveCache$1
instanceKlass com/intellij/psi/impl/AnyPsiChangeListener
instanceKlass com/intellij/psi/impl/file/impl/FileManager
instanceKlass com/intellij/openapi/wm/ex/ProgressIndicatorEx
instanceKlass com/intellij/psi/ResolveResult
instanceKlass com/intellij/psi/impl/source/resolve/ResolveCache$StrongValueReference
instanceKlass com/intellij/util/containers/ConcurrentWeakKeySoftValueHashMap$ValueReference
instanceKlass com/intellij/psi/impl/source/resolve/ResolveCache$AbstractResolver
instanceKlass com/intellij/psi/PsiReference
instanceKlass com/intellij/psi/impl/source/resolve/ResolveCache
instanceKlass com/intellij/psi/impl/PsiModificationTrackerImpl$1
instanceKlass com/intellij/openapi/project/DumbService$DumbModeListener
instanceKlass com/intellij/openapi/project/DumbService$Companion
instanceKlass com/intellij/openapi/project/DumbService
instanceKlass com/intellij/psi/util/PsiModificationTracker$Listener
instanceKlass com/intellij/psi/impl/PsiModificationTrackerImpl
instanceKlass com/intellij/psi/util/PsiModificationTracker
instanceKlass com/intellij/lang/jvm/facade/JvmElementProvider
instanceKlass com/intellij/psi/PsiElementFinder
instanceKlass com/intellij/psi/impl/PsiTreeChangePreprocessor
instanceKlass com/intellij/openapi/roots/PackageIndex
instanceKlass com/intellij/psi/impl/file/impl/JavaFileManager
instanceKlass com/intellij/util/CachedValuesFactory
instanceKlass com/intellij/openapi/roots/FileIndexFacade
instanceKlass com/intellij/psi/impl/ResolveScopeManager
instanceKlass com/intellij/psi/search/ProjectScopeBuilder
instanceKlass com/intellij/openapi/project/Project
instanceKlass com/intellij/core/CoreProjectEnvironment
instanceKlass org/jetbrains/kotlin/cli/jvm/compiler/KotlinCoreEnvironment$Companion$getOrCreateApplicationEnvironment$1$2
instanceKlass org/jetbrains/kotlin/cli/common/PropertiesKt
instanceKlass kotlin/jvm/internal/CallableReference$NoReceiver
instanceKlass kotlin/reflect/KDeclarationContainer
instanceKlass kotlin/jvm/internal/CallableReference
instanceKlass kotlin/reflect/KFunction
instanceKlass kotlin/reflect/KCallable
instanceKlass kotlin/reflect/KAnnotatedElement
instanceKlass org/jetbrains/kotlin/cli/common/CompilerSystemProperties$Companion
instanceKlass com/intellij/pom/java/InternalPersistentJavaLanguageLevelReaderService$DefaultImpl
instanceKlass com/intellij/pom/java/InternalPersistentJavaLanguageLevelReaderService
instanceKlass com/intellij/openapi/vfs/VirtualFileSet
instanceKlass com/intellij/openapi/vfs/CompactVirtualFileSetFactory
instanceKlass com/intellij/openapi/vfs/VirtualFileSetFactoryKt
instanceKlass com/intellij/openapi/vfs/VirtualFileSetFactory
instanceKlass com/intellij/openapi/application/TransactionGuard
instanceKlass com/intellij/psi/util/JavaClassSupers
instanceKlass org/jetbrains/kotlin/load/kotlin/KotlinBinaryClassCache$Companion
instanceKlass org/jetbrains/kotlin/load/kotlin/KotlinBinaryClassCache
instanceKlass org/jetbrains/kotlin/psi/stubs/KotlinFileStub
instanceKlass org/jetbrains/kotlin/parsing/KotlinParserDefinition$Companion
instanceKlass org/jetbrains/kotlin/parsing/KotlinCommonParserDefinition
instanceKlass sun/invoke/util/VerifyAccess$1
instanceKlass javax/swing/Icon
instanceKlass com/intellij/util/keyFMap/OneElementFMap
instanceKlass com/intellij/openapi/extensions/impl/ExtensionProcessingHelper
instanceKlass com/intellij/openapi/extensions/impl/ExtensionsAreaImplKt
instanceKlass kotlinx/coroutines/IncompleteStateBox
instanceKlass kotlinx/coroutines/internal/LockFreeLinkedListNode
instanceKlass kotlin/coroutines/jvm/internal/CompletedContinuation
instanceKlass com/intellij/openapi/util/BuildNumber
instanceKlass com/intellij/ide/plugins/PluginManagerCore
instanceKlass com/intellij/ide/plugins/PluginContentDescriptor$Companion
instanceKlass com/intellij/ide/plugins/PluginContentDescriptor
instanceKlass com/intellij/ide/plugins/IdeaPluginDescriptorImpl
instanceKlass com/intellij/ide/plugins/IdeaPluginDescriptor
instanceKlass org/codehaus/stax2/ri/typed/ValueDecoderFactory
instanceKlass com/fasterxml/aalto/in/ByteBasedPNameTable$Bucket
instanceKlass com/intellij/openapi/extensions/ExtensionPointDescriptor
instanceKlass com/fasterxml/aalto/util/DataUtil
instanceKlass com/fasterxml/aalto/in/ElementScope
instanceKlass com/fasterxml/aalto/in/ByteBasedPNameFactory
instanceKlass com/intellij/ide/plugins/ModuleDependenciesDescriptor$Companion
instanceKlass com/intellij/ide/plugins/ModuleDependenciesDescriptor
instanceKlass com/intellij/ide/plugins/ContainerDescriptor
instanceKlass com/intellij/ide/plugins/RawPluginDescriptor
instanceKlass com/fasterxml/aalto/util/BufferRecycler
instanceKlass com/fasterxml/aalto/util/NameTable
instanceKlass com/fasterxml/aalto/util/XmlCharTypes
instanceKlass com/fasterxml/aalto/in/AttributeCollector
instanceKlass com/fasterxml/aalto/util/TextBuilder
instanceKlass com/fasterxml/aalto/in/FixedNsContext
instanceKlass com/fasterxml/aalto/in/NsBinding
instanceKlass com/fasterxml/aalto/in/PName
instanceKlass org/codehaus/stax2/XMLStreamLocation2
instanceKlass org/codehaus/stax2/typed/TypedValueDecoder
instanceKlass com/fasterxml/aalto/stax/StreamReaderImpl
instanceKlass org/codehaus/stax2/XMLStreamReader2
instanceKlass org/codehaus/stax2/typed/TypedXMLStreamReader
instanceKlass javax/xml/stream/XMLStreamReader
instanceKlass org/codehaus/stax2/LocationInfo
instanceKlass javax/xml/stream/Location
instanceKlass com/fasterxml/aalto/in/XmlScanner
instanceKlass javax/xml/stream/XMLStreamConstants
instanceKlass javax/xml/namespace/NamespaceContext
instanceKlass com/fasterxml/aalto/in/InputBootstrapper
instanceKlass com/fasterxml/aalto/util/UriCanonicalizer
instanceKlass com/fasterxml/aalto/in/ReaderConfig$EncodingContext
instanceKlass com/fasterxml/aalto/impl/CommonConfig
instanceKlass com/intellij/util/xml/dom/StaxFactory
instanceKlass kotlin/jvm/internal/SpreadBuilder
instanceKlass com/intellij/ide/plugins/XmlReader
instanceKlass com/intellij/ide/plugins/JavaZipFileDataLoader
instanceKlass com/intellij/ide/plugins/DataLoader
instanceKlass kotlin/ResultKt
instanceKlass kotlinx/coroutines/internal/OpDescriptor
instanceKlass kotlinx/coroutines/DispatchedTaskKt
instanceKlass kotlinx/coroutines/CompletedExceptionally
instanceKlass kotlinx/coroutines/EventLoop_commonKt
instanceKlass kotlinx/coroutines/AbstractTimeSourceKt
instanceKlass kotlin/Result$Failure
instanceKlass kotlinx/coroutines/CompletionStateKt
instanceKlass kotlin/Result$Companion
instanceKlass kotlin/Result
instanceKlass kotlinx/coroutines/internal/ThreadContextKt
instanceKlass kotlinx/coroutines/internal/DispatchedContinuationKt
instanceKlass kotlinx/coroutines/scheduling/Task
instanceKlass kotlin/coroutines/jvm/internal/DebugProbesKt
instanceKlass kotlin/coroutines/intrinsics/IntrinsicsKt__IntrinsicsJvmKt
instanceKlass kotlinx/coroutines/intrinsics/CancellableKt
instanceKlass kotlinx/coroutines/CoroutineStart$WhenMappings
instanceKlass kotlin/coroutines/CombinedContext
instanceKlass kotlinx/coroutines/Job$DefaultImpls
instanceKlass kotlin/coroutines/CoroutineContext$DefaultImpls
instanceKlass kotlinx/coroutines/NonDisposableHandle
instanceKlass kotlinx/coroutines/ChildHandle
instanceKlass kotlinx/coroutines/DisposableHandle
instanceKlass kotlinx/coroutines/Job$Key
instanceKlass kotlinx/coroutines/Empty
instanceKlass kotlinx/coroutines/Incomplete
instanceKlass kotlinx/coroutines/JobSupportKt
instanceKlass kotlinx/coroutines/JobSupport
instanceKlass kotlinx/coroutines/selects/SelectClause0
instanceKlass kotlinx/coroutines/ParentJob
instanceKlass kotlinx/coroutines/ChildJob
instanceKlass kotlinx/coroutines/Job
instanceKlass kotlin/coroutines/ContinuationInterceptor$DefaultImpls
instanceKlass kotlinx/coroutines/DefaultExecutorKt
instanceKlass kotlinx/coroutines/internal/LimitedDispatcherKt
instanceKlass java/util/concurrent/atomic/AtomicReferenceArray
instanceKlass kotlinx/coroutines/internal/LockFreeTaskQueueCore$Companion
instanceKlass kotlinx/coroutines/internal/LockFreeTaskQueueCore
instanceKlass java/util/concurrent/atomic/AtomicIntegerFieldUpdater$AtomicIntegerFieldUpdaterImpl$1
instanceKlass java/util/concurrent/atomic/AtomicIntegerFieldUpdater
instanceKlass kotlinx/coroutines/internal/ResizableAtomicArray
instanceKlass kotlinx/coroutines/internal/LockFreeTaskQueue
instanceKlass kotlinx/coroutines/internal/Symbol
instanceKlass kotlinx/coroutines/scheduling/CoroutineScheduler$Companion
instanceKlass kotlinx/coroutines/scheduling/CoroutineScheduler
instanceKlass java/util/concurrent/Executor
instanceKlass kotlinx/coroutines/scheduling/TaskContextImpl
instanceKlass kotlinx/coroutines/scheduling/TaskContext
instanceKlass kotlinx/coroutines/scheduling/SchedulerTimeSource
instanceKlass kotlinx/coroutines/internal/SystemPropsKt__SystemProps_commonKt
instanceKlass kotlinx/coroutines/scheduling/TasksKt
instanceKlass kotlinx/coroutines/Dispatchers
instanceKlass kotlinx/coroutines/internal/SystemPropsKt__SystemPropsKt
instanceKlass kotlinx/coroutines/internal/SystemPropsKt
instanceKlass kotlinx/coroutines/DebugKt
instanceKlass kotlinx/coroutines/CopyableThreadContextElement
instanceKlass kotlinx/coroutines/ThreadContextElement
instanceKlass kotlin/coroutines/CoroutineContext$Element$DefaultImpls
instanceKlass kotlinx/coroutines/CoroutineContextKt
instanceKlass kotlinx/coroutines/GlobalScope
instanceKlass java/util/concurrent/atomic/AtomicReferenceFieldUpdater$AtomicReferenceFieldUpdaterImpl$1
instanceKlass java/util/concurrent/atomic/AtomicReferenceFieldUpdater
instanceKlass kotlin/coroutines/AbstractCoroutineContextKey
instanceKlass kotlin/coroutines/AbstractCoroutineContextElement
instanceKlass kotlinx/coroutines/Delay
instanceKlass kotlinx/coroutines/EventLoopKt
instanceKlass kotlinx/coroutines/ThreadLocalEventLoop
instanceKlass kotlin/coroutines/ContinuationInterceptor$Key
instanceKlass kotlin/coroutines/CoroutineContext$Key
instanceKlass kotlin/coroutines/ContinuationInterceptor
instanceKlass kotlin/coroutines/CoroutineContext$Element
instanceKlass kotlin/coroutines/EmptyCoroutineContext
instanceKlass kotlin/coroutines/CoroutineContext
instanceKlass kotlinx/coroutines/BuildersKt__BuildersKt
instanceKlass kotlinx/coroutines/BuildersKt
instanceKlass kotlin/coroutines/jvm/internal/BaseContinuationImpl
instanceKlass kotlin/coroutines/jvm/internal/CoroutineStackFrame
instanceKlass kotlin/coroutines/Continuation
instanceKlass kotlin/coroutines/jvm/internal/SuspendFunction
instanceKlass com/intellij/ide/plugins/MyXmlInterner
instanceKlass com/intellij/util/xml/dom/XmlInterner
instanceKlass com/intellij/ide/plugins/DescriptorListLoadingContext
instanceKlass com/intellij/ide/plugins/ReadModuleContext
instanceKlass com/intellij/ide/plugins/PluginXmlPathResolver$Companion
instanceKlass com/intellij/ide/plugins/PluginXmlPathResolver
instanceKlass com/intellij/ide/plugins/PathResolver
instanceKlass com/intellij/ide/plugins/PluginDescriptorLoader
instanceKlass kotlin/io/CloseableKt
instanceKlass com/intellij/psi/JavaModuleSystem
instanceKlass com/intellij/psi/impl/compiled/ClsCustomNavigationPolicy
instanceKlass org/jetbrains/kotlin/cli/jvm/compiler/IdeaExtensionPoints
instanceKlass com/intellij/psi/impl/smartPointers/SmartPointerAnchorProvider
instanceKlass com/intellij/codeInsight/runner/JavaMainMethodProvider
instanceKlass com/intellij/openapi/util/NotNullLazyValue
instanceKlass com/intellij/psi/augment/PsiAugmentProvider
instanceKlass com/intellij/psi/meta/MetaDataContributor
instanceKlass com/intellij/psi/FileContextProvider
instanceKlass org/jetbrains/kotlin/cli/jvm/compiler/DummyJavaFileCodeStyleFacadeFactory
instanceKlass com/intellij/psi/codeStyle/JavaFileCodeStyleFacadeFactory
instanceKlass com/intellij/psi/compiled/ClsStubBuilder
instanceKlass com/intellij/psi/FileViewProvider
instanceKlass com/intellij/psi/compiled/ClassFileDecompilers$Full
instanceKlass java/util/TimSort
instanceKlass java/util/Arrays$LegacyMergeSort
instanceKlass com/intellij/openapi/components/Service
instanceKlass com/intellij/psi/compiled/ClassFileDecompilers
instanceKlass com/intellij/psi/compiled/ClassFileDecompilers$Decompiler
instanceKlass com/intellij/psi/util/MethodSignature
instanceKlass com/intellij/openapi/application/QueryExecutorBase
instanceKlass com/intellij/util/QueryExecutor
instanceKlass com/intellij/psi/search/searches/SuperMethodsSearch$1
instanceKlass com/intellij/openapi/extensions/SmartExtensionPoint$1
instanceKlass com/intellij/openapi/extensions/ExtensionPointAndAreaListener
instanceKlass com/intellij/openapi/extensions/SmartExtensionPoint
instanceKlass com/intellij/util/Query
instanceKlass com/intellij/util/QueryFactory
instanceKlass com/intellij/openapi/util/registry/RegistryValue
instanceKlass com/intellij/lang/folding/FoldingBuilderEx
instanceKlass com/intellij/openapi/project/PossiblyDumbAware
instanceKlass com/intellij/openapi/project/DumbAware
instanceKlass com/intellij/lang/folding/FoldingBuilder
instanceKlass com/intellij/codeInsight/folding/JavaCodeFoldingSettings
instanceKlass com/intellij/psi/PsiParameter
instanceKlass com/intellij/lang/jvm/JvmParameter
instanceKlass com/intellij/psi/presentation/java/VariablePresentationProvider
instanceKlass com/intellij/psi/PsiLocalVariable
instanceKlass com/intellij/psi/presentation/java/FieldPresentationProvider
instanceKlass com/intellij/psi/PsiField
instanceKlass com/intellij/psi/PsiVariable
instanceKlass com/intellij/lang/jvm/JvmField
instanceKlass com/intellij/psi/presentation/java/MethodPresentationProvider
instanceKlass com/intellij/psi/PsiMethod
instanceKlass com/intellij/psi/PsiParameterListOwner
instanceKlass com/intellij/lang/jvm/JvmMethod
instanceKlass com/intellij/psi/presentation/java/ClassPresentationProvider
instanceKlass com/intellij/psi/PsiClass
instanceKlass com/intellij/psi/PsiTypeParameterListOwner
instanceKlass com/intellij/psi/PsiJvmMember
instanceKlass com/intellij/psi/PsiTarget
instanceKlass com/intellij/psi/PsiNameIdentifierOwner
instanceKlass com/intellij/psi/PsiDocCommentOwner
instanceKlass com/intellij/psi/PsiMember
instanceKlass com/intellij/psi/PsiJavaDocumentedElement
instanceKlass com/intellij/pom/PomRenameableTarget
instanceKlass com/intellij/pom/PomNamedTarget
instanceKlass com/intellij/pom/PomTarget
instanceKlass com/intellij/lang/jvm/JvmClass
instanceKlass com/intellij/lang/jvm/JvmTypeParametersOwner
instanceKlass com/intellij/lang/jvm/JvmMember
instanceKlass com/intellij/lang/jvm/JvmTypeDeclaration
instanceKlass com/intellij/navigation/ItemPresentation
instanceKlass com/intellij/psi/presentation/java/PackagePresentationProvider
instanceKlass com/intellij/navigation/ItemPresentationProvider
instanceKlass com/intellij/psi/PsiPackage
instanceKlass com/intellij/psi/PsiQualifiedNamedElement
instanceKlass com/intellij/psi/PsiJvmModifiersOwner
instanceKlass com/intellij/psi/PsiModifierListOwner
instanceKlass com/intellij/lang/jvm/JvmModifiersOwner
instanceKlass com/intellij/psi/PsiDirectoryContainer
instanceKlass com/intellij/lang/jvm/JvmPackage
instanceKlass com/intellij/lang/jvm/JvmNamedElement
instanceKlass com/intellij/lang/jvm/JvmAnnotatedElement
instanceKlass com/intellij/lang/jvm/JvmElement
instanceKlass com/intellij/openapi/projectRoots/JavaVersionService
instanceKlass com/intellij/psi/JavaDirectoryService
instanceKlass com/intellij/psi/PsiSubstitutor
instanceKlass com/intellij/psi/PsiSubstitutorFactory
instanceKlass com/intellij/openapi/util/ModificationTracker$1
instanceKlass com/intellij/psi/impl/file/PsiPackageImplementationHelper
instanceKlass kotlin/text/CharsKt__CharJVMKt
instanceKlass kotlin/internal/ProgressionUtilKt
instanceKlass kotlin/ranges/IntRange$Companion
instanceKlass kotlin/ranges/IntProgression$Companion
instanceKlass kotlin/ranges/RangesKt__RangesKt
instanceKlass kotlin/text/DelimitedRangesSequence$iterator$1
instanceKlass kotlin/sequences/TransformingSequence$iterator$1
instanceKlass kotlin/sequences/FilteringSequence$iterator$1
instanceKlass kotlin/sequences/FilteringSequence
instanceKlass kotlin/sequences/TransformingSequence
instanceKlass kotlin/sequences/SequencesKt__SequenceBuilderKt
instanceKlass kotlin/ranges/IntProgression
instanceKlass kotlin/ranges/OpenEndRange
instanceKlass kotlin/ranges/ClosedRange
instanceKlass kotlin/jvm/functions/Function2
instanceKlass kotlin/text/DelimitedRangesSequence
instanceKlass kotlin/sequences/Sequence
instanceKlass kotlin/text/StringsKt__AppendableKt
instanceKlass com/intellij/openapi/extensions/LoadingOrder$Companion
instanceKlass com/intellij/openapi/extensions/LoadingOrder
instanceKlass com/intellij/codeInsight/JavaContainerProvider
instanceKlass com/intellij/codeInsight/ContainerProvider
instanceKlass com/intellij/psi/impl/PsiExpressionEvaluator
instanceKlass com/intellij/psi/impl/ConstantExpressionEvaluator
instanceKlass com/intellij/psi/stubs/IndexSink
instanceKlass com/intellij/util/diff/FlyweightCapableTreeStructure
instanceKlass com/intellij/psi/impl/java/stubs/PsiJavaFileStub
instanceKlass com/intellij/psi/stubs/PsiClassHolderFileStub
instanceKlass com/intellij/psi/stubs/LightStubBuilder
instanceKlass com/intellij/psi/stubs/PsiFileStub
instanceKlass com/intellij/psi/stubs/StubElement
instanceKlass com/intellij/psi/stubs/Stub
instanceKlass com/intellij/psi/StubBuilder
instanceKlass com/intellij/psi/stubs/StubSerializer
instanceKlass com/intellij/psi/stubs/ObjectStubSerializer
instanceKlass com/intellij/lang/java/JavaParserDefinition
instanceKlass com/intellij/psi/javadoc/PsiDocTagValue
instanceKlass com/intellij/psi/javadoc/PsiDocToken
instanceKlass com/intellij/psi/javadoc/PsiSnippetAttributeValue
instanceKlass com/intellij/psi/PsiFragment
instanceKlass com/intellij/psi/PsiLiteralValue
instanceKlass com/intellij/psi/PsiKeyword
instanceKlass com/intellij/psi/PsiIdentifier
instanceKlass com/intellij/psi/PsiJavaToken
instanceKlass com/intellij/psi/impl/compiled/ClassFileStubBuilder
instanceKlass com/intellij/psi/stubs/BinaryFileStubBuilder$CompositeBinaryFileStubBuilder
instanceKlass com/intellij/psi/stubs/BinaryFileStubBuilder
instanceKlass com/intellij/psi/ClassFileViewProviderFactory
instanceKlass com/intellij/psi/FileViewProviderFactory
instanceKlass com/intellij/openapi/util/Conditions
instanceKlass com/intellij/psi/tree/IElementType$Predicate
instanceKlass com/intellij/lexer/Lexer
instanceKlass com/intellij/openapi/fileTypes/PlainTextParserDefinition
instanceKlass kotlinx/collections/immutable/implementations/immutableList/AbstractListIterator
instanceKlass kotlinx/collections/immutable/internal/ListImplementation
instanceKlass com/intellij/lang/LanguageUtil
instanceKlass kotlin/collections/ArrayAsCollection
instanceKlass kotlinx/collections/immutable/implementations/immutableSet/TrieNodeIterator
instanceKlass kotlinx/collections/immutable/implementations/immutableSet/PersistentHashSetIterator
instanceKlass com/intellij/util/containers/ContainerUtil$9$1
instanceKlass com/intellij/util/containers/ContainerUtil$9
instanceKlass com/intellij/psi/PsiPlainText
instanceKlass com/intellij/lang/ASTFactory$DefaultFactoryHolder
instanceKlass com/intellij/ide/highlighter/ArchiveFileType
instanceKlass kotlinx/collections/immutable/implementations/immutableSet/TrieNode$Companion
instanceKlass kotlinx/collections/immutable/implementations/immutableSet/TrieNode
instanceKlass kotlinx/collections/immutable/implementations/immutableSet/PersistentHashSet$Companion
instanceKlass kotlin/collections/AbstractSet$Companion
instanceKlass kotlinx/collections/immutable/PersistentSet
instanceKlass kotlinx/collections/immutable/ImmutableSet
instanceKlass com/intellij/openapi/fileTypes/LanguageFileType
instanceKlass com/intellij/ide/highlighter/JavaClassFileType
instanceKlass com/intellij/DynamicBundle$LanguageBundleEP
instanceKlass com/intellij/util/pico/CachingConstructorInjectionComponentAdapter
instanceKlass com/intellij/openapi/application/ApplicationInfo
instanceKlass com/intellij/util/graph/GraphAlgorithms
instanceKlass com/intellij/util/messages/impl/MessagePublisher
instanceKlass com/intellij/util/messages/impl/CompositeMessageBus$WhenMappings
instanceKlass com/intellij/openapi/command/impl/CoreCommandProcessor$1
instanceKlass com/intellij/openapi/command/CommandListener
instanceKlass com/intellij/openapi/command/CommandToken
instanceKlass com/intellij/openapi/command/CommandProcessor
instanceKlass com/intellij/codeInsight/folding/CodeFoldingSettings
instanceKlass com/intellij/util/containers/Unsafe
instanceKlass com/intellij/util/ConcurrentLongObjectHashMap$CounterCell
instanceKlass com/intellij/util/ConcurrentLongObjectHashMap$Node
instanceKlass com/intellij/util/containers/ConcurrentLongObjectMap$LongEntry
instanceKlass com/intellij/util/ConcurrentLongObjectHashMap
instanceKlass com/intellij/util/containers/ConcurrentLongObjectMap
instanceKlass com/intellij/util/Java11Shim$Companion$INSTANCE$1
instanceKlass com/intellij/util/Java11Shim$Companion
instanceKlass com/intellij/util/Java11Shim
instanceKlass java/util/concurrent/Future
instanceKlass com/intellij/openapi/progress/PerformInBackgroundOption
instanceKlass com/intellij/openapi/progress/ProgressIndicator
instanceKlass com/intellij/openapi/progress/Task
instanceKlass com/intellij/openapi/progress/TaskInfo
instanceKlass com/intellij/openapi/progress/Progressive
instanceKlass com/intellij/psi/PsiReferenceService
instanceKlass com/intellij/psi/stubs/ObjectStubTree
instanceKlass com/intellij/psi/PsiFile
instanceKlass com/intellij/psi/PsiFileSystemItem
instanceKlass com/intellij/psi/PsiCheckedRenameElement
instanceKlass com/intellij/psi/PsiNamedElement
instanceKlass com/intellij/psi/NavigatablePsiElement
instanceKlass com/intellij/psi/stubs/StubTreeLoader
instanceKlass com/intellij/psi/PsiReferenceProviderBean
instanceKlass com/intellij/psi/PsiReferenceContributor
instanceKlass com/intellij/codeInsight/highlighting/PassRunningAssert
instanceKlass it/unimi/dsi/fastutil/doubles/Double2ObjectMap
instanceKlass it/unimi/dsi/fastutil/doubles/Double2ObjectFunction
instanceKlass java/util/function/DoubleFunction
instanceKlass com/intellij/psi/PsiReferenceRegistrar
instanceKlass com/intellij/psi/PsiReferenceProvider
instanceKlass com/intellij/psi/impl/source/resolve/reference/ReferenceProvidersRegistry
instanceKlass com/intellij/lang/PsiBuilder
instanceKlass com/intellij/openapi/util/UserDataHolderUnprotected
instanceKlass com/intellij/lang/SyntaxTreeBuilder
instanceKlass com/intellij/lang/PsiBuilderFactory
instanceKlass java/io/Reader
instanceKlass com/intellij/openapi/util/text/StringUtilRt
instanceKlass com/intellij/psi/impl/source/CharTableImpl
instanceKlass com/intellij/psi/PsiLanguageInjectionHost
instanceKlass com/intellij/psi/PsiComment
instanceKlass com/intellij/model/psi/UrlReferenceHost
instanceKlass com/intellij/model/psi/PsiExternalReferenceHost
instanceKlass com/intellij/psi/tree/ILazyParseableElementTypeBase
instanceKlass com/intellij/psi/tree/IElementType
instanceKlass com/intellij/lang/FileASTNode
instanceKlass com/intellij/util/CharTable
instanceKlass com/intellij/navigation/NavigationItem
instanceKlass com/intellij/pom/Navigatable
instanceKlass com/intellij/psi/PsiWhiteSpace
instanceKlass com/intellij/psi/PsiElement
instanceKlass com/intellij/openapi/util/Iconable
instanceKlass com/intellij/psi/impl/ReparseableASTNode
instanceKlass com/intellij/lang/ASTNode
instanceKlass com/intellij/lang/ASTFactory
instanceKlass com/intellij/lang/DefaultASTFactory
instanceKlass com/intellij/openapi/vfs/encoding/EncodingRegistry
instanceKlass java/util/Collections$UnmodifiableMap$UnmodifiableEntrySet$UnmodifiableEntry
instanceKlass java/util/Collections$UnmodifiableMap$UnmodifiableEntrySet$1
instanceKlass com/intellij/openapi/extensions/impl/ImplementationClassResolver
instanceKlass com/intellij/serviceContainer/LazyExtensionInstance
instanceKlass com/intellij/openapi/extensions/PluginAware
instanceKlass com/intellij/util/KeyedLazyInstance
instanceKlass com/intellij/openapi/vfs/impl/BulkVirtualFileListenerAdapter
instanceKlass com/intellij/util/messages/impl/BaseBusConnection
instanceKlass com/intellij/util/messages/impl/MessageBusImpl$MessageHandlerHolder
instanceKlass com/intellij/util/messages/MessageBusConnection
instanceKlass com/intellij/util/messages/SimpleMessageBusConnection
instanceKlass com/intellij/openapi/vfs/impl/VirtualFileManagerImpl$LoggingListener
instanceKlass sun/misc/Unsafe
instanceKlass com/intellij/util/ReflectionUtil
instanceKlass com/intellij/openapi/vfs/newvfs/CachingVirtualFileSystem
instanceKlass kotlinx/collections/immutable/implementations/immutableMap/TrieNode$ModificationResult
instanceKlass kotlin/collections/ArraysUtilJVM
instanceKlass kotlin/collections/ArraysKt__ArraysJVMKt
instanceKlass kotlin/_Assertions
instanceKlass kotlinx/collections/immutable/internal/CommonFunctionsKt
instanceKlass kotlinx/collections/immutable/implementations/immutableList/SmallPersistentVector$Companion
instanceKlass kotlinx/collections/immutable/PersistentList
instanceKlass kotlinx/collections/immutable/PersistentCollection
instanceKlass kotlinx/collections/immutable/ImmutableList
instanceKlass kotlinx/collections/immutable/ImmutableCollection
instanceKlass kotlinx/collections/immutable/implementations/immutableList/UtilsKt
instanceKlass kotlinx/collections/immutable/implementations/immutableMap/TrieNodeKt
instanceKlass java/util/concurrent/atomic/AtomicBoolean
instanceKlass sun/reflect/misc/ReflectUtil
instanceKlass java/util/concurrent/atomic/AtomicLongFieldUpdater$CASUpdater$1
instanceKlass java/util/concurrent/atomic/AtomicLongFieldUpdater
instanceKlass kotlinx/collections/immutable/implementations/immutableMap/TrieNode$Companion
instanceKlass kotlinx/collections/immutable/implementations/immutableMap/TrieNode
instanceKlass kotlinx/collections/immutable/implementations/immutableMap/PersistentHashMap$Companion
instanceKlass kotlin/collections/AbstractMap$Companion
instanceKlass kotlin/collections/AbstractMap
instanceKlass kotlinx/collections/immutable/PersistentMap
instanceKlass kotlinx/collections/immutable/ImmutableMap
instanceKlass kotlinx/collections/immutable/ExtensionsKt
instanceKlass com/intellij/openapi/application/CachedSingletonsRegistry
instanceKlass com/intellij/openapi/vfs/newvfs/BulkFileListener
instanceKlass com/intellij/util/messages/Topic
instanceKlass com/intellij/openapi/vfs/VirtualFileManager
instanceKlass com/intellij/openapi/extensions/ExtensionPointListener$Companion
instanceKlass com/intellij/openapi/util/EmptyRunnable
instanceKlass com/intellij/openapi/extensions/ExtensionPointAdapter
instanceKlass com/intellij/openapi/extensions/impl/ExtensionComponentAdapter
instanceKlass com/intellij/openapi/extensions/LoadingOrder$Orderable
instanceKlass com/intellij/openapi/extensions/ExtensionPointListener
instanceKlass com/intellij/openapi/extensions/impl/ExtensionPointImpl
instanceKlass com/intellij/openapi/extensions/ExtensionPoint
instanceKlass com/intellij/openapi/extensions/PluginId
instanceKlass com/intellij/openapi/extensions/DefaultPluginDescriptor
instanceKlass com/intellij/openapi/vfs/VirtualFileManagerListener
instanceKlass java/util/EventObject
instanceKlass com/intellij/openapi/editor/ex/DocumentEx
instanceKlass com/intellij/openapi/editor/Document
instanceKlass com/intellij/openapi/fileEditor/FileDocumentManager
instanceKlass com/intellij/openapi/vfs/impl/ArchiveHandler
instanceKlass com/intellij/util/EventDispatcher
instanceKlass com/intellij/openapi/vfs/VirtualFileListener
instanceKlass com/intellij/util/ArrayUtil
instanceKlass com/intellij/util/ArrayFactory
instanceKlass com/intellij/openapi/extensions/Extensions
instanceKlass com/intellij/openapi/util/ObjectNode$ListNodeChildren
instanceKlass com/intellij/openapi/util/Disposer$CheckedDisposableImpl
instanceKlass com/intellij/openapi/util/CheckedDisposable
instanceKlass com/intellij/openapi/extensions/impl/ExtensionsAreaImpl
instanceKlass com/intellij/util/pico/DefaultPicoContainer$InstanceComponentAdapter
instanceKlass com/intellij/util/pico/DefaultPicoContainer$LinkedHashSetWrapper
instanceKlass org/picocontainer/ComponentAdapter
instanceKlass com/intellij/util/messages/impl/MessageQueue
instanceKlass com/intellij/util/messages/impl/CompositeMessageBusKt
instanceKlass java/util/concurrent/ConcurrentLinkedQueue$Node
instanceKlass com/intellij/util/messages/impl/MessageBusImpl$Companion
instanceKlass com/intellij/util/messages/impl/MessageBusImpl
instanceKlass com/intellij/util/messages/impl/MessageBusEx
instanceKlass com/intellij/util/messages/MessageBusFactory
instanceKlass com/intellij/util/keyFMap/DebugFMap
instanceKlass com/intellij/util/keyFMap/EmptyFMap
instanceKlass com/intellij/util/keyFMap/KeyFMap
instanceKlass com/intellij/openapi/application/ModalityState
instanceKlass kotlinx/coroutines/CoroutineScope
instanceKlass com/intellij/util/pico/DefaultPicoContainer
instanceKlass com/intellij/util/messages/MessageBus
instanceKlass com/intellij/openapi/extensions/ExtensionsArea
instanceKlass com/intellij/openapi/fileTypes/UnknownFileType
instanceKlass com/intellij/util/text/CharArrayCharSequence
instanceKlass com/intellij/util/text/CharSequenceBackedByArray
instanceKlass com/intellij/openapi/util/text/CharSequenceWithStringHash
instanceKlass com/intellij/openapi/util/text/Strings
instanceKlass com/intellij/util/text/StringKt
instanceKlass sun/nio/fs/WindowsChannelFactory$2
instanceKlass sun/nio/fs/WindowsChannelFactory$Flags
instanceKlass sun/nio/fs/WindowsChannelFactory$1
instanceKlass sun/nio/fs/WindowsChannelFactory
instanceKlass java/nio/channels/spi/AbstractInterruptibleChannel
instanceKlass java/nio/channels/InterruptibleChannel
instanceKlass java/nio/channels/ScatteringByteChannel
instanceKlass java/nio/channels/GatheringByteChannel
instanceKlass java/nio/channels/SeekableByteChannel
instanceKlass java/nio/channels/ByteChannel
instanceKlass java/nio/channels/WritableByteChannel
instanceKlass java/nio/channels/ReadableByteChannel
instanceKlass java/nio/channels/Channel
instanceKlass java/nio/file/FileChannelLinesSpliterator
instanceKlass com/intellij/openapi/application/PathManager
instanceKlass java/util/function/UnaryOperator
instanceKlass com/intellij/util/ObjectUtils$Sentinel
instanceKlass com/intellij/util/ObjectUtils
instanceKlass com/intellij/util/concurrency/SynchronizedClearableLazy$Companion
instanceKlass com/intellij/util/concurrency/SynchronizedClearableLazy
instanceKlass kotlin/UNINITIALIZED_VALUE
instanceKlass kotlin/SynchronizedLazyImpl
instanceKlass kotlin/Lazy
instanceKlass kotlin/LazyKt__LazyJVMKt
instanceKlass kotlin/jvm/internal/Lambda
instanceKlass kotlin/jvm/internal/FunctionBase
instanceKlass kotlin/jvm/functions/Function0
instanceKlass com/intellij/openapi/util/registry/EarlyAccessRegistryManagerKt
instanceKlass com/intellij/openapi/util/registry/EarlyAccessRegistryManager
instanceKlass com/intellij/ide/plugins/DisabledPluginsState$Companion
instanceKlass com/intellij/ide/plugins/DisabledPluginsState
instanceKlass com/intellij/ide/plugins/PluginEnabler$Headless
instanceKlass com/intellij/ide/plugins/PluginEnabler
instanceKlass org/jetbrains/kotlin/cli/jvm/compiler/KotlinCoreApplicationEnvironmentMode$UnitTest
instanceKlass org/jetbrains/kotlin/cli/jvm/compiler/KotlinCoreApplicationEnvironment$Companion
instanceKlass com/intellij/lang/ParserDefinition
instanceKlass com/intellij/openapi/fileTypes/FileType
instanceKlass com/intellij/openapi/fileTypes/FileTypeRegistry
instanceKlass org/picocontainer/MutablePicoContainer
instanceKlass org/picocontainer/PicoContainer
instanceKlass com/intellij/openapi/util/SimpleModificationTracker
instanceKlass com/intellij/openapi/progress/ProgressIndicatorProvider
instanceKlass com/intellij/openapi/extensions/PluginDescriptor
instanceKlass com/intellij/openapi/util/KeyedExtensionCollector
instanceKlass com/intellij/openapi/util/ModificationTracker
instanceKlass com/intellij/openapi/util/UserDataHolderEx
instanceKlass com/intellij/util/messages/MessageBusOwner
instanceKlass com/intellij/openapi/application/ex/ApplicationEx
instanceKlass com/intellij/openapi/application/Application
instanceKlass com/intellij/openapi/components/ComponentManager
instanceKlass com/intellij/openapi/util/UserDataHolder
instanceKlass com/intellij/openapi/extensions/AreaInstance
instanceKlass com/intellij/concurrency/JobLauncher
instanceKlass com/intellij/core/CoreApplicationEnvironment
instanceKlass org/jetbrains/kotlin/cli/jvm/compiler/KotlinCoreApplicationEnvironmentMode$Production
instanceKlass org/jetbrains/kotlin/cli/jvm/compiler/KotlinCoreApplicationEnvironmentMode
instanceKlass com/intellij/util/ArrayUtilRt
instanceKlass com/intellij/openapi/application/ApplicationManager
instanceKlass org/jetbrains/kotlin/cli/jvm/compiler/IdeaStandaloneExecutionSetup
instanceKlass org/jetbrains/kotlin/cli/jvm/compiler/CompatKt
instanceKlass kotlin/collections/EmptyIterator
instanceKlass com/intellij/util/containers/ConcurrentFactoryMap
instanceKlass com/intellij/util/Function
instanceKlass org/jetbrains/kotlin/cli/jvm/modules/CoreJrtFileSystem$Companion
instanceKlass com/intellij/openapi/extensions/ExtensionPointName$Companion
instanceKlass com/intellij/openapi/extensions/BaseExtensionPointName
instanceKlass java/util/EventListener
instanceKlass com/intellij/openapi/vfs/VirtualFileSystem
instanceKlass com/intellij/openapi/util/Condition$3
instanceKlass com/intellij/openapi/util/Condition$2
instanceKlass com/intellij/openapi/util/Condition$1
instanceKlass com/intellij/openapi/util/Condition
instanceKlass com/intellij/util/containers/FastUtilCaseInsensitiveStringHashingStrategy
instanceKlass com/intellij/util/containers/FastUtilHashingStrategies$1
instanceKlass com/intellij/util/containers/FastUtilHashingStrategies$SerializableHashStrategy
instanceKlass com/intellij/util/containers/FastUtilCharSequenceHashingStrategy
instanceKlass com/intellij/util/containers/FastUtilHashingStrategies
instanceKlass it/unimi/dsi/fastutil/objects/ObjectSpliterator
instanceKlass it/unimi/dsi/fastutil/objects/ObjectIterator
instanceKlass com/intellij/openapi/util/SystemInfoRt
instanceKlass java/util/concurrent/atomic/AtomicReference
instanceKlass com/intellij/openapi/util/registry/Registry$1
instanceKlass com/intellij/openapi/util/registry/RegistryValueListener
instanceKlass com/intellij/openapi/util/registry/Registry
instanceKlass org/jetbrains/kotlin/utils/JavaSdkUtil
instanceKlass java/util/regex/Pattern$BitClass
instanceKlass org/jetbrains/kotlin/utils/PathUtil
instanceKlass org/jetbrains/kotlin/cli/jvm/config/JvmContentRootsKt
instanceKlass org/jetbrains/kotlin/config/JVMConfigurationKeys
instanceKlass org/jetbrains/kotlin/scripting/compiler/plugin/ScriptingCompilerConfigurationComponentRegistrar
instanceKlass org/jetbrains/kotlin/compiler/plugin/ComponentRegistrar$Companion
instanceKlass org/jetbrains/kotlin/compiler/plugin/ComponentRegistrar
instanceKlass org/javacs/kt/util/LoggingMessageCollector
instanceKlass org/jetbrains/kotlin/cli/common/messages/MessageCollector
instanceKlass org/jetbrains/kotlin/cli/common/CLIConfigurationKeys
instanceKlass it/unimi/dsi/fastutil/ints/Int2ObjectMap$FastEntrySet
instanceKlass it/unimi/dsi/fastutil/ints/IntSet
instanceKlass it/unimi/dsi/fastutil/ints/IntCollection
instanceKlass it/unimi/dsi/fastutil/ints/IntIterable
instanceKlass it/unimi/dsi/fastutil/ints/AbstractInt2ObjectFunction
instanceKlass it/unimi/dsi/fastutil/ints/Int2ObjectMap
instanceKlass it/unimi/dsi/fastutil/ints/Int2ObjectFunction
instanceKlass java/util/function/IntFunction
instanceKlass com/intellij/util/containers/IntKeyWeakValueHashMap
instanceKlass com/intellij/openapi/util/Key
instanceKlass org/jetbrains/kotlin/config/CompilerConfigurationKey
instanceKlass org/jetbrains/kotlin/config/CommonConfigurationKeys
instanceKlass kotlin/collections/EmptyMap
instanceKlass kotlin/collections/MapsKt__MapWithDefaultKt
instanceKlass org/jetbrains/kotlin/config/LanguageVersionSettingsImpl$Companion
instanceKlass org/jetbrains/kotlin/config/LanguageVersionSettings$Companion
instanceKlass org/jetbrains/kotlin/config/LanguageVersionSettingsImpl
instanceKlass org/jetbrains/kotlin/config/LanguageVersionSettings
instanceKlass org/jetbrains/kotlin/config/LanguageFeature$Companion
instanceKlass org/jetbrains/kotlin/config/MavenComparableVersion$IntegerItem
instanceKlass org/jetbrains/kotlin/config/MavenComparableVersion$Item
instanceKlass org/jetbrains/kotlin/config/MavenComparableVersion
instanceKlass org/jetbrains/kotlin/config/ApiVersion$Companion
instanceKlass org/jetbrains/kotlin/config/ApiVersion
instanceKlass org/jetbrains/kotlin/config/LanguageVersion$Companion
instanceKlass org/jetbrains/kotlin/config/LanguageOrApiVersion
instanceKlass org/jetbrains/kotlin/utils/DescriptionAware
instanceKlass org/jetbrains/kotlin/config/CompilerConfiguration
instanceKlass com/intellij/openapi/diagnostic/Attachment
instanceKlass com/intellij/openapi/diagnostic/Logger$DefaultFactory
instanceKlass com/intellij/openapi/diagnostic/Logger$Factory
instanceKlass com/intellij/openapi/diagnostic/Logger
instanceKlass org/jetbrains/kotlin/cli/jvm/compiler/KotlinCoreEnvironment$Companion
instanceKlass org/jetbrains/kotlin/cli/jvm/compiler/KotlinCoreEnvironment
instanceKlass com/intellij/openapi/util/Disposer$1
instanceKlass com/intellij/util/containers/CanonicalHashingStrategy
instanceKlass com/intellij/util/containers/ConcurrentRefHashMap$HardKey
instanceKlass com/intellij/util/containers/ConcurrentRefHashMap$1
instanceKlass com/intellij/util/containers/ConcurrentRefHashMap$KeyReference
instanceKlass com/intellij/util/containers/ConcurrentList
instanceKlass com/intellij/util/containers/ConcurrentIntObjectMap
instanceKlass com/intellij/util/containers/IntObjectMap
instanceKlass com/intellij/util/containers/ContainerUtil
instanceKlass com/intellij/openapi/util/ObjectNode$1
instanceKlass com/intellij/openapi/util/Disposer$2
instanceKlass com/intellij/openapi/util/ObjectNode$NodeChildren
instanceKlass com/intellij/openapi/util/ObjectNode
instanceKlass it/unimi/dsi/fastutil/objects/Object2ObjectMap$FastEntrySet
instanceKlass it/unimi/dsi/fastutil/objects/AbstractObject2ObjectFunction
instanceKlass it/unimi/dsi/fastutil/objects/Object2ObjectMap
instanceKlass it/unimi/dsi/fastutil/objects/Object2ObjectFunction
instanceKlass com/intellij/util/containers/RefHashMap$HardKey
instanceKlass com/intellij/util/containers/RefHashMap$Key
instanceKlass com/intellij/util/containers/IdentityHashingStrategy
instanceKlass com/intellij/util/containers/HashingStrategy
instanceKlass it/unimi/dsi/fastutil/Hash$Strategy
instanceKlass com/intellij/util/containers/CollectionFactory
instanceKlass java/lang/StrictMath
instanceKlass it/unimi/dsi/fastutil/HashCommon
instanceKlass it/unimi/dsi/fastutil/objects/Reference2ObjectMap$FastEntrySet
instanceKlass it/unimi/dsi/fastutil/objects/ObjectSet
instanceKlass it/unimi/dsi/fastutil/objects/ReferenceSet
instanceKlass it/unimi/dsi/fastutil/objects/ReferenceCollection
instanceKlass it/unimi/dsi/fastutil/objects/ObjectCollection
instanceKlass it/unimi/dsi/fastutil/objects/ObjectIterable
instanceKlass it/unimi/dsi/fastutil/objects/AbstractReference2ObjectFunction
instanceKlass it/unimi/dsi/fastutil/objects/Reference2ObjectMap
instanceKlass it/unimi/dsi/fastutil/objects/Reference2ObjectFunction
instanceKlass it/unimi/dsi/fastutil/Function
instanceKlass it/unimi/dsi/fastutil/Hash
instanceKlass com/intellij/openapi/diagnostic/ControlFlowException
instanceKlass com/intellij/openapi/util/ObjectTree
instanceKlass com/intellij/openapi/Disposable
instanceKlass com/intellij/openapi/util/Disposer
instanceKlass org/javacs/kt/compiler/CompilationEnvironment
instanceKlass org/jetbrains/kotlin/cli/common/environment/UtilKt
instanceKlass org/javacs/kt/compiler/Compiler$Companion
instanceKlass org/jetbrains/kotlin/utils/exceptions/KotlinExceptionWithAttachments
instanceKlass com/intellij/openapi/diagnostic/ExceptionWithAttachments
instanceKlass org/javacs/kt/compiler/Compiler
instanceKlass kotlin/collections/EmptySet
instanceKlass kotlin/collections/SetsKt__SetsJVMKt
instanceKlass kotlin/collections/CollectionsKt__CollectionsJVMKt
instanceKlass sun/nio/fs/WindowsSecurityDescriptor
instanceKlass sun/nio/fs/WindowsPath$1
instanceKlass sun/security/provider/AbstractDrbg$NonceProvider
instanceKlass sun/nio/fs/BasicFileAttributesHolder
instanceKlass sun/nio/fs/WindowsDirectoryStream$WindowsDirectoryIterator
instanceKlass sun/nio/fs/WindowsDirectoryStream
instanceKlass java/nio/file/DirectoryStream
instanceKlass java/nio/file/Files$AcceptAllFilter
instanceKlass java/nio/file/DirectoryStream$Filter
instanceKlass java/net/NetworkInterface$1
instanceKlass java/net/DefaultInterface
instanceKlass java/net/Inet6Address$Inet6AddressHolder
instanceKlass java/net/InetAddress$PlatformNameService
instanceKlass java/net/InetAddress$NameService
instanceKlass java/net/Inet6AddressImpl
instanceKlass java/net/InetAddressImpl
instanceKlass java/net/InetAddressImplFactory
instanceKlass java/util/concurrent/ConcurrentSkipListMap$Node
instanceKlass java/util/concurrent/ConcurrentSkipListMap$Index
instanceKlass java/util/concurrent/ConcurrentNavigableMap
instanceKlass java/net/InetAddress$InetAddressHolder
instanceKlass java/net/InetAddress$1
instanceKlass jdk/internal/access/JavaNetInetAddressAccess
instanceKlass java/net/InetAddress
instanceKlass java/net/InterfaceAddress
instanceKlass java/net/NetworkInterface
instanceKlass java/util/Collections$UnmodifiableCollection$1
instanceKlass sun/security/provider/SeedGenerator$1
instanceKlass sun/security/provider/SeedGenerator
instanceKlass sun/security/provider/AbstractDrbg$SeederHolder
instanceKlass java/security/DrbgParameters$NextBytes
instanceKlass sun/security/provider/EntropySource
instanceKlass sun/security/provider/AbstractDrbg
instanceKlass java/security/DrbgParameters$Instantiation
instanceKlass java/security/DrbgParameters
instanceKlass sun/security/provider/MoreDrbgParameters
instanceKlass java/security/SecureRandomSpi
instanceKlass java/util/AbstractList$Itr
instanceKlass java/util/Random
instanceKlass java/util/random/RandomGenerator
instanceKlass java/nio/file/TempFileHelper
instanceKlass java/nio/file/attribute/FileAttribute
instanceKlass org/javacs/kt/CompilerClassPath
instanceKlass org/javacs/kt/database/DatabaseService$Companion
instanceKlass org/javacs/kt/database/DatabaseService
instanceKlass org/javacs/kt/KtfmtConfiguration
instanceKlass org/javacs/kt/FormattingConfiguration
instanceKlass org/javacs/kt/InlayHintsConfiguration
instanceKlass org/javacs/kt/ExternalSourcesConfiguration
instanceKlass org/javacs/kt/IndexingConfiguration
instanceKlass org/javacs/kt/ScriptsConfiguration
instanceKlass org/javacs/kt/DiagnosticsConfiguration
instanceKlass org/javacs/kt/SnippetsConfiguration
instanceKlass org/javacs/kt/CompletionConfiguration
instanceKlass org/javacs/kt/JVMConfiguration
instanceKlass org/javacs/kt/CompilerConfiguration
instanceKlass org/javacs/kt/CodegenConfiguration
instanceKlass org/javacs/kt/Configuration
instanceKlass org/javacs/kt/KotlinLanguageServer$Companion
instanceKlass org/javacs/kt/KotlinLanguageServer
instanceKlass org/eclipse/lsp4j/services/LanguageClientAware
instanceKlass org/eclipse/lsp4j/services/LanguageServer
instanceKlass sun/security/util/ManifestEntryVerifier$SunProviderHolder
instanceKlass java/util/LinkedList$Node
instanceKlass java/util/Base64$Encoder
instanceKlass java/util/Base64$Decoder
instanceKlass java/util/Base64
instanceKlass javax/crypto/SecretKey
instanceKlass sun/security/util/Length
instanceKlass sun/security/util/KeyUtil
instanceKlass java/security/interfaces/XECKey
instanceKlass java/security/interfaces/ECKey
instanceKlass sun/security/util/JarConstraintsParameters
instanceKlass sun/security/util/ConstraintsParameters
instanceKlass java/security/Timestamp
instanceKlass sun/security/timestamp/TimestampToken
instanceKlass java/security/cert/CertPath
instanceKlass java/math/MutableBigInteger
instanceKlass sun/security/rsa/RSAPadding
instanceKlass sun/security/rsa/RSACore
instanceKlass java/security/interfaces/RSAPrivateCrtKey
instanceKlass sun/security/pkcs/PKCS8Key
instanceKlass java/security/interfaces/RSAPrivateKey
instanceKlass java/security/PrivateKey
instanceKlass javax/security/auth/Destroyable
instanceKlass java/security/Signature$1
instanceKlass jdk/internal/access/JavaSecuritySignatureAccess
instanceKlass java/security/SignatureSpi
instanceKlass jdk/internal/icu/util/CodePointTrie$Data
instanceKlass jdk/internal/icu/util/CodePointTrie$1
instanceKlass java/lang/Readable
instanceKlass jdk/internal/icu/util/CodePointMap
instanceKlass jdk/internal/icu/util/VersionInfo
instanceKlass jdk/internal/icu/impl/ICUBinary$1
instanceKlass jdk/internal/icu/impl/ICUBinary
instanceKlass jdk/internal/icu/impl/NormalizerImpl$IsAcceptable
instanceKlass jdk/internal/icu/impl/ICUBinary$Authenticate
instanceKlass jdk/internal/icu/impl/NormalizerImpl
instanceKlass jdk/internal/icu/impl/Norm2AllModes$Norm2AllModesSingleton
instanceKlass jdk/internal/icu/impl/Norm2AllModes$NFKCSingleton
instanceKlass jdk/internal/icu/impl/Norm2AllModes
instanceKlass jdk/internal/icu/text/Normalizer2
instanceKlass jdk/internal/icu/text/NormalizerBase$ModeImpl
instanceKlass jdk/internal/icu/text/NormalizerBase$NFKDModeImpl
instanceKlass jdk/internal/icu/text/NormalizerBase$1
instanceKlass jdk/internal/icu/text/NormalizerBase$Mode
instanceKlass jdk/internal/icu/text/NormalizerBase
instanceKlass java/text/Normalizer
instanceKlass sun/security/x509/AVAKeyword
instanceKlass sun/security/util/SignatureUtil
instanceKlass java/lang/constant/DynamicConstantDesc
instanceKlass java/lang/constant/DirectMethodHandleDesc$1
instanceKlass java/lang/constant/DirectMethodHandleDescImpl$1
instanceKlass java/lang/constant/DirectMethodHandleDescImpl
instanceKlass java/lang/constant/DirectMethodHandleDesc
instanceKlass java/lang/constant/MethodHandleDesc$1
instanceKlass java/lang/constant/MethodHandleDesc
instanceKlass java/lang/constant/MethodTypeDescImpl
instanceKlass java/lang/constant/MethodTypeDesc
instanceKlass java/lang/constant/ReferenceClassDescImpl
instanceKlass java/lang/constant/ConstantUtils
instanceKlass java/lang/constant/ClassDesc
instanceKlass java/lang/constant/ConstantDescs
instanceKlass java/lang/invoke/VarHandle$2
instanceKlass java/lang/invoke/VarHandle$TypesAndInvokers
instanceKlass java/lang/invoke/VarHandle$AccessDescriptor
instanceKlass java/lang/invoke/VarHandleByteArrayBase
instanceKlass sun/security/provider/ByteArrayAccess$BE
instanceKlass sun/security/provider/ByteArrayAccess
instanceKlass sun/security/util/MessageDigestSpi2
instanceKlass sun/security/util/CryptoAlgorithmConstraints$CryptoHolder
instanceKlass java/security/MessageDigestSpi
instanceKlass java/lang/Byte$ByteCache
instanceKlass sun/security/pkcs/PKCS9Attribute
instanceKlass sun/security/pkcs/PKCS9Attributes
instanceKlass java/time/Instant
instanceKlass java/time/zone/ZoneOffsetTransition
instanceKlass java/time/LocalTime
instanceKlass java/time/temporal/ValueRange
instanceKlass java/time/Duration
instanceKlass java/time/temporal/TemporalAmount
instanceKlass java/time/temporal/TemporalUnit
instanceKlass java/time/temporal/TemporalField
instanceKlass java/time/LocalDate
instanceKlass java/time/chrono/ChronoLocalDate
instanceKlass java/time/ZonedDateTime
instanceKlass java/time/chrono/ChronoZonedDateTime
instanceKlass java/time/LocalDateTime
instanceKlass java/time/chrono/ChronoLocalDateTime
instanceKlass java/time/temporal/Temporal
instanceKlass java/time/zone/ZoneOffsetTransitionRule
instanceKlass java/time/zone/ZoneRules
instanceKlass java/time/temporal/TemporalAdjuster
instanceKlass java/time/temporal/TemporalAccessor
instanceKlass java/time/ZoneId
instanceKlass java/util/regex/Pattern$BmpCharPredicate
instanceKlass java/util/regex/CharPredicates
instanceKlass sun/security/util/DisabledAlgorithmConstraints$Constraints$Holder
instanceKlass sun/security/util/DisabledAlgorithmConstraints$1
instanceKlass sun/security/util/DisabledAlgorithmConstraints$Constraint
instanceKlass java/security/spec/ECFieldF2m
instanceKlass java/security/spec/ECParameterSpec
instanceKlass java/security/spec/ECPoint
instanceKlass java/security/spec/EllipticCurve
instanceKlass java/security/spec/ECFieldFp
instanceKlass java/security/spec/ECField
instanceKlass sun/security/util/CurveDB
instanceKlass sun/security/util/DisabledAlgorithmConstraints$Constraints
instanceKlass java/util/regex/IntHashSet
instanceKlass java/util/regex/Matcher
instanceKlass java/util/regex/MatchResult
instanceKlass sun/security/util/AbstractAlgorithmConstraints$1
instanceKlass sun/security/util/AlgorithmDecomposer
instanceKlass sun/security/util/DisabledAlgorithmConstraints$JarHolder
instanceKlass java/util/regex/Pattern$TreeInfo
instanceKlass java/util/regex/Pattern$CharPredicate
instanceKlass java/util/regex/ASCII
instanceKlass java/util/regex/Pattern$Node
instanceKlass java/util/regex/Pattern
instanceKlass sun/security/util/AbstractAlgorithmConstraints
instanceKlass java/security/AlgorithmConstraints
instanceKlass sun/security/pkcs/SignerInfo
instanceKlass java/security/cert/PolicyQualifierInfo
instanceKlass sun/security/x509/RFC822Name
instanceKlass sun/security/x509/CertificatePolicyId
instanceKlass sun/security/x509/PolicyInformation
instanceKlass sun/security/x509/DistributionPoint
instanceKlass sun/security/util/HostnameChecker
instanceKlass sun/security/x509/DNSName
instanceKlass sun/security/x509/URIName
instanceKlass sun/security/x509/GeneralName
instanceKlass sun/security/x509/AccessDescription
instanceKlass sun/security/x509/GeneralNames
instanceKlass java/lang/invoke/VarForm
instanceKlass java/lang/invoke/VarHandleGuards
instanceKlass jdk/internal/util/Preconditions$1
instanceKlass java/lang/invoke/VarHandle$1
instanceKlass java/lang/invoke/VarHandles
instanceKlass jdk/internal/event/EventHelper
instanceKlass sun/security/jca/JCAUtil
instanceKlass sun/security/util/MemoryCache$CacheEntry
instanceKlass sun/security/x509/X509AttributeName
instanceKlass sun/security/x509/KeyIdentifier
instanceKlass sun/security/x509/OIDMap$OIDInfo
instanceKlass sun/security/x509/PKIXExtensions
instanceKlass sun/security/x509/OIDMap
instanceKlass sun/security/x509/Extension
instanceKlass java/security/cert/Extension
instanceKlass sun/security/x509/CertificateExtensions
instanceKlass sun/security/rsa/RSAUtil
instanceKlass sun/security/util/IOUtils
instanceKlass java/security/interfaces/RSAPublicKey
instanceKlass java/security/interfaces/RSAKey
instanceKlass java/security/spec/PSSParameterSpec
instanceKlass java/security/spec/AlgorithmParameterSpec
instanceKlass java/security/spec/RSAPrivateKeySpec
instanceKlass java/security/spec/RSAPublicKeySpec
instanceKlass java/security/KeyFactorySpi
instanceKlass sun/security/rsa/SunRsaSignEntries
instanceKlass sun/security/jca/ProviderList$ServiceList$1
instanceKlass java/security/KeyFactory
instanceKlass java/security/spec/EncodedKeySpec$1
instanceKlass jdk/internal/access/JavaSecuritySpecAccess
instanceKlass java/security/spec/EncodedKeySpec
instanceKlass java/security/spec/KeySpec
instanceKlass sun/security/util/BitArray
instanceKlass sun/security/x509/X509Key
instanceKlass java/security/PublicKey
instanceKlass java/security/Key
instanceKlass sun/security/x509/CertificateX509Key
instanceKlass sun/util/calendar/CalendarUtils
instanceKlass sun/util/calendar/CalendarDate
instanceKlass sun/util/calendar/CalendarSystem$GregorianHolder
instanceKlass sun/util/calendar/CalendarSystem
instanceKlass sun/security/x509/CertificateValidity
instanceKlass sun/security/x509/AVA
instanceKlass sun/security/x509/RDN
instanceKlass javax/security/auth/x500/X500Principal
instanceKlass sun/security/x509/X500Name$1
instanceKlass sun/security/x509/X500Name
instanceKlass sun/security/x509/GeneralNameInterface
instanceKlass sun/security/x509/CertificateAlgorithmId
instanceKlass sun/security/x509/SerialNumber
instanceKlass sun/security/x509/CertificateSerialNumber
instanceKlass sun/security/x509/CertificateVersion
instanceKlass sun/security/x509/X509CertInfo
instanceKlass sun/security/x509/CertAttrSet
instanceKlass sun/security/util/Cache$EqualByteArray
instanceKlass java/security/cert/X509Extension
instanceKlass sun/security/jca/GetInstance$Instance
instanceKlass sun/security/util/Cache
instanceKlass jdk/internal/event/Event
instanceKlass sun/security/jca/GetInstance
instanceKlass java/security/cert/CertificateFactorySpi
instanceKlass java/security/cert/CertificateFactory
instanceKlass sun/security/x509/AlgorithmId
instanceKlass sun/security/util/ByteArrayTagOrder
instanceKlass sun/security/util/ByteArrayLexOrder
instanceKlass sun/security/util/DerEncoder
instanceKlass sun/security/util/DerValue
instanceKlass sun/security/util/ObjectIdentifier
instanceKlass sun/security/pkcs/ContentInfo
instanceKlass sun/security/util/DerInputStream
instanceKlass sun/security/pkcs/PKCS7
instanceKlass sun/security/util/SecurityProviderConstants
instanceKlass java/security/Provider$UString
instanceKlass java/security/Provider$Service
instanceKlass sun/security/provider/NativePRNG$NonBlocking
instanceKlass sun/security/provider/NativePRNG$Blocking
instanceKlass sun/security/provider/NativePRNG
instanceKlass sun/security/provider/SunEntries$1
instanceKlass sun/security/provider/SunEntries
instanceKlass sun/security/util/SecurityConstants
instanceKlass sun/security/jca/ProviderList$2
instanceKlass jdk/internal/math/FloatingDecimal$ASCIIToBinaryBuffer
instanceKlass jdk/internal/math/FloatingDecimal$PreparedASCIIToBinaryBuffer
instanceKlass jdk/internal/math/FloatingDecimal$ASCIIToBinaryConverter
instanceKlass jdk/internal/math/FloatingDecimal$BinaryToASCIIBuffer
instanceKlass jdk/internal/math/FloatingDecimal$ExceptionalBinaryToASCIIBuffer
instanceKlass jdk/internal/math/FloatingDecimal$BinaryToASCIIConverter
instanceKlass jdk/internal/math/FloatingDecimal
instanceKlass javax/security/auth/login/Configuration$Parameters
instanceKlass java/security/Policy$Parameters
instanceKlass java/security/cert/CertStoreParameters
instanceKlass java/security/SecureRandomParameters
instanceKlass java/security/Provider$EngineDescription
instanceKlass java/security/Provider$ServiceKey
instanceKlass sun/security/jca/ProviderConfig
instanceKlass sun/security/jca/ProviderList
instanceKlass sun/security/jca/Providers
instanceKlass sun/security/util/ManifestDigester$Section
instanceKlass sun/security/util/ManifestDigester$Entry
instanceKlass sun/security/util/ManifestDigester$Position
instanceKlass sun/security/util/ManifestDigester
instanceKlass sun/security/util/ManifestEntryVerifier
instanceKlass kotlin/Pair
instanceKlass com/beust/jcommander/StringKey
instanceKlass jdk/internal/reflect/UnsafeFieldAccessorFactory
instanceKlass com/beust/jcommander/ResourceBundle
instanceKlass java/lang/Class$AnnotationData
instanceKlass kotlin/annotation/Target
instanceKlass kotlin/annotation/Retention
instanceKlass kotlin/Metadata
instanceKlass com/beust/jcommander/Parameters
instanceKlass com/beust/jcommander/ParameterDescription
instanceKlass com/beust/jcommander/WrappedParameter
instanceKlass com/beust/jcommander/DynamicParameter
instanceKlass com/beust/jcommander/ParametersDelegate
instanceKlass java/lang/annotation/Target
instanceKlass java/lang/reflect/Proxy$ProxyBuilder$1
instanceKlass jdk/internal/org/objectweb/asm/Edge
instanceKlass java/lang/reflect/ProxyGenerator$PrimitiveTypeInfo
instanceKlass java/util/StringJoiner
instanceKlass java/lang/reflect/ProxyGenerator$ProxyMethod
instanceKlass java/lang/WeakPairMap$Pair$Lookup
instanceKlass java/lang/WeakPairMap$Pair
instanceKlass java/lang/WeakPairMap
instanceKlass java/lang/Module$ReflectionData
instanceKlass jdk/internal/module/Checks
instanceKlass java/lang/module/ModuleDescriptor$Builder
instanceKlass java/lang/PublicMethods
instanceKlass java/util/Collections$1
instanceKlass java/lang/reflect/Proxy$ProxyBuilder
instanceKlass java/util/function/BiFunction
instanceKlass java/lang/ClassValue$Version
instanceKlass java/lang/ClassValue$Identity
instanceKlass java/lang/ClassValue
instanceKlass java/lang/reflect/Proxy
instanceKlass sun/reflect/annotation/AnnotationInvocationHandler
instanceKlass java/lang/reflect/InvocationHandler
instanceKlass sun/reflect/annotation/AnnotationParser$1
instanceKlass java/lang/annotation/Inherited
instanceKlass java/lang/annotation/Retention
instanceKlass com/beust/jcommander/validators/NoValueValidator
instanceKlass com/beust/jcommander/IValueValidator
instanceKlass com/beust/jcommander/validators/NoValidator
instanceKlass com/beust/jcommander/IParameterValidator
instanceKlass com/beust/jcommander/converters/CommaParameterSplitter
instanceKlass com/beust/jcommander/converters/IParameterSplitter
instanceKlass com/beust/jcommander/converters/NoConverter
instanceKlass sun/reflect/annotation/ExceptionProxy
instanceKlass sun/reflect/annotation/AnnotationType$1
instanceKlass sun/reflect/annotation/AnnotationType
instanceKlass java/lang/reflect/GenericArrayType
instanceKlass sun/reflect/generics/visitor/Reifier
instanceKlass sun/reflect/generics/visitor/TypeTreeVisitor
instanceKlass sun/reflect/generics/factory/CoreReflectionFactory
instanceKlass sun/reflect/generics/factory/GenericsFactory
instanceKlass sun/reflect/generics/scope/AbstractScope
instanceKlass sun/reflect/generics/scope/Scope
instanceKlass sun/reflect/generics/tree/ClassTypeSignature
instanceKlass sun/reflect/generics/tree/SimpleClassTypeSignature
instanceKlass sun/reflect/generics/tree/FieldTypeSignature
instanceKlass sun/reflect/generics/tree/BaseType
instanceKlass sun/reflect/generics/tree/TypeSignature
instanceKlass sun/reflect/generics/tree/ReturnType
instanceKlass sun/reflect/generics/tree/TypeArgument
instanceKlass sun/reflect/generics/tree/TypeTree
instanceKlass sun/reflect/generics/tree/Tree
instanceKlass sun/reflect/generics/parser/SignatureParser
instanceKlass com/beust/jcommander/Parameter
instanceKlass java/util/LinkedHashMap$LinkedHashIterator
instanceKlass com/beust/jcommander/internal/Sets
instanceKlass com/beust/jcommander/Parameterized
instanceKlass com/beust/jcommander/Strings
instanceKlass com/beust/jcommander/JCommander$1
instanceKlass java/util/Date
instanceKlass com/beust/jcommander/converters/FileConverter
instanceKlass com/beust/jcommander/converters/BaseConverter
instanceKlass com/beust/jcommander/converters/StringConverter
instanceKlass com/beust/jcommander/internal/DefaultConverterFactory
instanceKlass com/beust/jcommander/JCommander$DefaultVariableArity
instanceKlass com/beust/jcommander/internal/Maps
instanceKlass com/beust/jcommander/DefaultUsageFormatter
instanceKlass com/beust/jcommander/internal/Lists
instanceKlass com/beust/jcommander/JCommander$Options$1
instanceKlass com/beust/jcommander/JCommander$Options
instanceKlass com/beust/jcommander/JCommander$Builder
instanceKlass com/beust/jcommander/IStringConverterFactory
instanceKlass com/beust/jcommander/IVariableArity
instanceKlass com/beust/jcommander/IUsageFormatter
instanceKlass com/beust/jcommander/IStringConverterInstanceFactory
instanceKlass com/beust/jcommander/FuzzyMap$IKey
instanceKlass com/beust/jcommander/IStringConverter
instanceKlass com/beust/jcommander/internal/Console
instanceKlass com/beust/jcommander/JCommander
instanceKlass org/javacs/kt/Args
instanceKlass java/util/logging/LogManager$CloseOnReset
instanceKlass java/util/logging/StreamHandler$1
instanceKlass java/util/logging/Handler$1
instanceKlass jdk/internal/logger/SimpleConsoleLogger$Formatting
instanceKlass sun/util/logging/PlatformLogger
instanceKlass sun/util/logging/PlatformLogger$ConfigurableBridge$LoggerConfiguration
instanceKlass java/util/logging/Formatter
instanceKlass java/util/logging/ErrorManager
instanceKlass jdk/internal/logger/DefaultLoggerFinder$1
instanceKlass java/util/logging/Logger$SystemLoggerHelper$1
instanceKlass java/util/logging/Logger$SystemLoggerHelper
instanceKlass java/util/logging/LogManager$4
instanceKlass jdk/internal/logger/BootstrapLogger$BootstrapExecutors
instanceKlass jdk/internal/logger/BootstrapLogger$RedirectedLoggers
instanceKlass java/util/ServiceLoader$ProviderImpl
instanceKlass java/util/ServiceLoader$Provider
instanceKlass java/util/ServiceLoader$1
instanceKlass java/util/concurrent/CopyOnWriteArrayList$COWIterator
instanceKlass jdk/internal/loader/URLClassPath$1
instanceKlass java/lang/CompoundEnumeration
instanceKlass jdk/internal/loader/BuiltinClassLoader$1
instanceKlass java/util/Collections$EmptyEnumeration
instanceKlass java/util/Collections$EmptyIterator
instanceKlass jdk/internal/jimage/ImageLocation
instanceKlass jdk/internal/jimage/decompressor/Decompressor
instanceKlass jdk/internal/jimage/ImageStringsReader
instanceKlass jdk/internal/jimage/ImageStrings
instanceKlass jdk/internal/jimage/ImageHeader
instanceKlass jdk/internal/jimage/NativeImageBuffer$1
instanceKlass jdk/internal/jimage/NativeImageBuffer
instanceKlass jdk/internal/jimage/BasicImageReader$1
instanceKlass jdk/internal/jimage/BasicImageReader
instanceKlass jdk/internal/jimage/ImageReader
instanceKlass jdk/internal/jimage/ImageReaderFactory$1
instanceKlass jdk/internal/jimage/ImageReaderFactory
instanceKlass jdk/internal/module/SystemModuleFinders$SystemImage
instanceKlass jdk/internal/module/SystemModuleFinders$SystemModuleReader
instanceKlass java/lang/module/ModuleReader
instanceKlass jdk/internal/loader/BuiltinClassLoader$5
instanceKlass jdk/internal/loader/BuiltinClassLoader$2
instanceKlass jdk/internal/module/Resources
instanceKlass java/util/ServiceLoader$3
instanceKlass java/util/ServiceLoader$2
instanceKlass java/util/ServiceLoader$LazyClassPathLookupIterator
instanceKlass java/util/Spliterators$1Adapter
instanceKlass java/util/Spliterators$ArraySpliterator
instanceKlass java/util/Spliterator$OfDouble
instanceKlass java/util/Spliterator$OfLong
instanceKlass java/util/Spliterator$OfInt
instanceKlass java/util/Spliterator$OfPrimitive
instanceKlass java/util/Spliterators$EmptySpliterator
instanceKlass java/util/Spliterators
instanceKlass java/util/ServiceLoader$ModuleServicesLookupIterator
instanceKlass java/util/ServiceLoader
instanceKlass jdk/internal/logger/BootstrapLogger$DetectBackend$1
instanceKlass jdk/internal/logger/BootstrapLogger$DetectBackend
instanceKlass jdk/internal/logger/BootstrapLogger
instanceKlass sun/util/logging/PlatformLogger$ConfigurableBridge
instanceKlass sun/util/logging/PlatformLogger$Bridge
instanceKlass java/lang/System$Logger
instanceKlass java/util/stream/Streams
instanceKlass java/util/stream/Stream$Builder
instanceKlass java/util/stream/Streams$AbstractStreamBuilderImpl
instanceKlass java/util/stream/Sink$ChainedReference
instanceKlass java/util/stream/FindOps$FindOp
instanceKlass java/util/stream/TerminalOp
instanceKlass java/util/stream/FindOps$FindSink
instanceKlass java/util/stream/TerminalSink
instanceKlass java/util/stream/Sink
instanceKlass java/util/function/Consumer
instanceKlass java/util/stream/FindOps
instanceKlass sun/reflect/annotation/AnnotationParser
instanceKlass java/lang/Class$3
instanceKlass java/util/EnumMap$1
instanceKlass java/util/stream/StreamOpFlag$MaskBuilder
instanceKlass java/util/stream/Stream
instanceKlass java/util/stream/BaseStream
instanceKlass java/util/stream/PipelineHelper
instanceKlass java/util/stream/StreamSupport
instanceKlass java/util/ArrayList$ArrayListSpliterator
instanceKlass java/util/Spliterator
instanceKlass java/util/Hashtable$Enumerator
instanceKlass java/util/Collections$SynchronizedCollection
instanceKlass java/util/Properties$EntrySet
instanceKlass java/util/Collections$3
instanceKlass java/util/logging/LogManager$LoggerContext$1
instanceKlass java/util/logging/LogManager$VisitedLoggers
instanceKlass java/util/function/Predicate
instanceKlass java/net/URI$Parser
instanceKlass java/nio/file/FileSystems$DefaultFileSystemHolder$1
instanceKlass java/nio/file/FileSystems$DefaultFileSystemHolder
instanceKlass java/nio/file/FileSystems
instanceKlass java/nio/file/Paths
instanceKlass java/util/logging/LogManager$2
instanceKlass java/lang/System$LoggerFinder
instanceKlass java/security/Security$2
instanceKlass jdk/internal/access/JavaSecurityPropertiesAccess
instanceKlass java/util/concurrent/ConcurrentHashMap$MapEntry
instanceKlass java/io/FileInputStream$1
instanceKlass java/util/Properties$LineReader
instanceKlass java/security/Security$1
instanceKlass java/security/Security
instanceKlass sun/security/util/SecurityProperties
instanceKlass sun/security/util/FilePermCompat
instanceKlass java/util/logging/LogManager$LoggingProviderAccess
instanceKlass sun/util/logging/internal/LoggingProviderImpl$LogManagerAccess
instanceKlass java/lang/Shutdown$Lock
instanceKlass java/lang/Shutdown
instanceKlass java/lang/ApplicationShutdownHooks$1
instanceKlass java/lang/ApplicationShutdownHooks
instanceKlass java/util/Collections$SynchronizedMap
instanceKlass java/util/logging/LogManager$LogNode
instanceKlass java/util/logging/LogManager$LoggerContext
instanceKlass java/util/logging/LogManager$1
instanceKlass java/util/logging/LogManager
instanceKlass java/util/logging/Logger$ConfigurationData
instanceKlass java/util/logging/Logger$LoggerBundle
instanceKlass java/util/ArrayList$Itr
instanceKlass java/lang/invoke/InvokerBytecodeGenerator$ClassData
instanceKlass jdk/internal/org/objectweb/asm/Frame
instanceKlass java/lang/invoke/LambdaFormBuffer
instanceKlass java/lang/invoke/LambdaFormEditor$TransformKey
instanceKlass java/lang/invoke/LambdaFormEditor
instanceKlass sun/invoke/util/Wrapper$1
instanceKlass java/lang/invoke/DelegatingMethodHandle$Holder
instanceKlass java/lang/invoke/DirectMethodHandle$2
instanceKlass java/lang/invoke/ClassSpecializer$Factory
instanceKlass java/lang/invoke/ClassSpecializer$SpeciesData
instanceKlass java/lang/invoke/ClassSpecializer$1
instanceKlass java/lang/invoke/ClassSpecializer
instanceKlass java/lang/invoke/InnerClassLambdaMetafactory$1
instanceKlass java/util/logging/Level
instanceKlass java/util/logging/Handler
instanceKlass java/util/logging/Logger
instanceKlass kotlin/collections/AbstractList$Companion
instanceKlass kotlin/collections/AbstractCollection
instanceKlass kotlin/enums/EnumEntries
instanceKlass kotlin/jvm/internal/markers/KMappedMarker
instanceKlass kotlin/enums/EnumEntriesKt
instanceKlass sun/invoke/empty/Empty
instanceKlass sun/invoke/util/VerifyType
instanceKlass java/lang/invoke/MethodHandles$Lookup$ClassDefiner
instanceKlass jdk/internal/org/objectweb/asm/ClassReader
instanceKlass java/lang/invoke/MethodHandles$Lookup$ClassFile
instanceKlass jdk/internal/org/objectweb/asm/Handler
instanceKlass jdk/internal/org/objectweb/asm/AnnotationVisitor
instanceKlass jdk/internal/org/objectweb/asm/Attribute
instanceKlass jdk/internal/org/objectweb/asm/Label
instanceKlass jdk/internal/org/objectweb/asm/MethodVisitor
instanceKlass jdk/internal/org/objectweb/asm/FieldVisitor
instanceKlass java/lang/invoke/LambdaProxyClassArchive
instanceKlass jdk/internal/org/objectweb/asm/ByteVector
instanceKlass jdk/internal/org/objectweb/asm/Symbol
instanceKlass jdk/internal/org/objectweb/asm/SymbolTable
instanceKlass jdk/internal/org/objectweb/asm/ClassVisitor
instanceKlass java/lang/invoke/InfoFromMemberName
instanceKlass java/lang/invoke/MethodHandleInfo
instanceKlass jdk/internal/org/objectweb/asm/ConstantDynamic
instanceKlass sun/invoke/util/BytecodeDescriptor
instanceKlass jdk/internal/org/objectweb/asm/Handle
instanceKlass sun/security/action/GetBooleanAction
instanceKlass jdk/internal/org/objectweb/asm/Type
instanceKlass java/lang/invoke/AbstractValidatingLambdaMetafactory
instanceKlass java/lang/invoke/MethodHandleImpl$1
instanceKlass jdk/internal/access/JavaLangInvokeAccess
instanceKlass java/lang/invoke/Invokers$Holder
instanceKlass java/lang/invoke/BootstrapMethodInvoker
instanceKlass kotlin/Unit
instanceKlass kotlin/jvm/functions/Function1
instanceKlass kotlin/Function
instanceKlass java/lang/invoke/InvokerBytecodeGenerator$2
instanceKlass java/lang/invoke/InvokerBytecodeGenerator
instanceKlass java/lang/invoke/LambdaForm$Holder
instanceKlass java/lang/invoke/LambdaForm$Name
instanceKlass java/lang/invoke/Invokers
instanceKlass java/lang/invoke/MethodHandleImpl
instanceKlass sun/invoke/util/ValueConversions
instanceKlass java/lang/invoke/DirectMethodHandle$Holder
instanceKlass java/lang/invoke/LambdaForm$NamedFunction
instanceKlass sun/invoke/util/Wrapper$Format
instanceKlass java/lang/invoke/MethodTypeForm
instanceKlass java/lang/invoke/MethodType$ConcurrentWeakInternSet
instanceKlass java/lang/invoke/LambdaMetafactory
instanceKlass org/javacs/kt/Logger
instanceKlass org/javacs/kt/LoggerKt
instanceKlass kotlin/jvm/internal/Intrinsics
instanceKlass java/util/TreeMap$PrivateEntryIterator
instanceKlass java/util/TreeMap$Entry
instanceKlass java/util/NavigableMap
instanceKlass java/util/SortedMap
instanceKlass java/util/NavigableSet
instanceKlass java/util/SortedSet
instanceKlass java/util/StringTokenizer
instanceKlass java/security/CodeSigner
instanceKlass java/util/jar/JarVerifier
instanceKlass java/lang/Void
instanceKlass java/lang/PublicMethods$Key
instanceKlass java/lang/PublicMethods$MethodList
instanceKlass org/javacs/kt/MainKt
instanceKlass java/security/SecureClassLoader$DebugHolder
instanceKlass java/security/PermissionCollection
instanceKlass java/security/SecureClassLoader$1
instanceKlass java/security/SecureClassLoader$CodeSourceKey
instanceKlass java/util/zip/Checksum$1
instanceKlass java/util/zip/CRC32
instanceKlass java/util/zip/Checksum
instanceKlass sun/nio/ByteBuffered
instanceKlass java/lang/Package$VersionInfo
instanceKlass java/lang/NamedPackage
instanceKlass java/util/jar/Attributes$Name
instanceKlass java/util/jar/Attributes
instanceKlass jdk/internal/loader/Resource
instanceKlass sun/security/action/GetIntegerAction
instanceKlass sun/security/util/Debug
instanceKlass sun/security/util/SignatureFileVerifier
instanceKlass java/util/zip/ZipFile$InflaterCleanupAction
instanceKlass java/util/zip/Inflater$InflaterZStreamRef
instanceKlass java/util/zip/Inflater
instanceKlass java/util/zip/ZipEntry
instanceKlass jdk/internal/util/jar/JarIndex
instanceKlass java/nio/Bits$1
instanceKlass jdk/internal/misc/VM$BufferPool
instanceKlass java/nio/Bits
instanceKlass sun/nio/ch/DirectBuffer
instanceKlass jdk/internal/perf/PerfCounter$CoreCounters
instanceKlass jdk/internal/perf/Perf
instanceKlass jdk/internal/perf/Perf$GetPerfAction
instanceKlass jdk/internal/perf/PerfCounter
instanceKlass java/nio/file/attribute/FileTime
instanceKlass java/util/zip/ZipUtils
instanceKlass java/util/zip/ZipFile$Source$End
instanceKlass java/io/RandomAccessFile$2
instanceKlass jdk/internal/access/JavaIORandomAccessFileAccess
instanceKlass java/io/RandomAccessFile
instanceKlass java/io/DataInput
instanceKlass java/io/DataOutput
instanceKlass sun/nio/fs/WindowsNativeDispatcher$CompletionStatus
instanceKlass sun/nio/fs/WindowsNativeDispatcher$AclInformation
instanceKlass sun/nio/fs/WindowsNativeDispatcher$Account
instanceKlass sun/nio/fs/WindowsNativeDispatcher$DiskFreeSpace
instanceKlass sun/nio/fs/WindowsNativeDispatcher$VolumeInformation
instanceKlass sun/nio/fs/WindowsNativeDispatcher$FirstStream
instanceKlass sun/nio/fs/WindowsNativeDispatcher$FirstFile
instanceKlass java/util/Enumeration
instanceKlass java/util/concurrent/ConcurrentHashMap$Traverser
instanceKlass java/util/concurrent/ConcurrentHashMap$CollectionView
instanceKlass jdk/internal/loader/NativeLibraries$NativeLibraryImpl
instanceKlass jdk/internal/loader/NativeLibrary
instanceKlass java/util/ArrayDeque$DeqIterator
instanceKlass jdk/internal/loader/NativeLibraries$1
instanceKlass jdk/internal/loader/NativeLibraries$LibraryPaths
instanceKlass sun/nio/fs/WindowsNativeDispatcher
instanceKlass sun/nio/fs/NativeBuffer$Deallocator
instanceKlass sun/nio/fs/NativeBuffer
instanceKlass java/lang/ThreadLocal$ThreadLocalMap
instanceKlass sun/nio/fs/NativeBuffers
instanceKlass sun/nio/fs/WindowsFileAttributes
instanceKlass java/nio/file/attribute/DosFileAttributes
instanceKlass sun/nio/fs/AbstractBasicFileAttributeView
instanceKlass sun/nio/fs/DynamicFileAttributeView
instanceKlass sun/nio/fs/WindowsFileAttributeViews
instanceKlass sun/nio/fs/Util
instanceKlass java/nio/file/attribute/BasicFileAttributeView
instanceKlass java/nio/file/attribute/FileAttributeView
instanceKlass java/nio/file/attribute/AttributeView
instanceKlass java/nio/file/Files
instanceKlass java/nio/file/CopyOption
instanceKlass java/nio/file/attribute/BasicFileAttributes
instanceKlass sun/nio/fs/WindowsPath
instanceKlass java/nio/file/Path
instanceKlass java/nio/file/Watchable
instanceKlass java/util/zip/ZipFile$Source$Key
instanceKlass sun/nio/fs/WindowsPathParser$Result
instanceKlass sun/nio/fs/WindowsPathParser
instanceKlass java/util/Collections$UnmodifiableCollection
instanceKlass java/util/Arrays$ArrayItr
instanceKlass java/nio/file/FileSystem
instanceKlass java/nio/file/OpenOption
instanceKlass java/nio/file/spi/FileSystemProvider
instanceKlass sun/nio/fs/DefaultFileSystemProvider
instanceKlass java/util/zip/ZipFile$Source
instanceKlass java/lang/ref/Cleaner$Cleanable
instanceKlass jdk/internal/ref/CleanerImpl
instanceKlass java/lang/ref/Cleaner$1
instanceKlass java/lang/ref/Cleaner
instanceKlass jdk/internal/ref/CleanerFactory$1
instanceKlass java/util/concurrent/ThreadFactory
instanceKlass jdk/internal/ref/CleanerFactory
instanceKlass java/util/zip/ZipCoder
instanceKlass java/util/zip/ZipFile$CleanableResource
instanceKlass java/lang/Runtime$Version
instanceKlass java/util/jar/JavaUtilJarAccessImpl
instanceKlass jdk/internal/access/JavaUtilJarAccess
instanceKlass jdk/internal/loader/FileURLMapper
instanceKlass jdk/internal/loader/URLClassPath$JarLoader$1
instanceKlass java/util/zip/ZipFile$1
instanceKlass jdk/internal/access/JavaUtilZipFileAccess
instanceKlass java/util/zip/ZipFile
instanceKlass java/util/zip/ZipConstants
instanceKlass jdk/internal/loader/URLClassPath$Loader
instanceKlass jdk/internal/loader/URLClassPath$3
instanceKlass java/security/PrivilegedExceptionAction
instanceKlass sun/util/locale/LocaleUtils
instanceKlass sun/util/locale/BaseLocale
instanceKlass java/util/Locale
instanceKlass sun/net/util/URLUtil
instanceKlass java/lang/StringCoding
instanceKlass sun/nio/cs/ArrayDecoder
instanceKlass java/nio/charset/CharsetDecoder
instanceKlass sun/launcher/LauncherHelper
instanceKlass java/lang/reflect/Array
instanceKlass java/lang/invoke/StringConcatFactory$3
instanceKlass java/lang/invoke/StringConcatFactory$2
instanceKlass java/lang/invoke/StringConcatFactory$1
instanceKlass java/lang/invoke/StringConcatFactory
instanceKlass java/lang/ModuleLayer$Controller
instanceKlass java/util/concurrent/CopyOnWriteArrayList
instanceKlass jdk/internal/module/ServicesCatalog$ServiceProvider
instanceKlass jdk/internal/loader/AbstractClassLoaderValue$Memoizer
instanceKlass java/util/ImmutableCollections$ListItr
instanceKlass java/util/ListIterator
instanceKlass java/lang/ModuleLayer
instanceKlass jdk/internal/module/ModuleLoaderMap$Modules
instanceKlass jdk/internal/module/ModuleLoaderMap$Mapper
instanceKlass java/util/function/Function
instanceKlass jdk/internal/module/ModuleLoaderMap
instanceKlass java/util/AbstractMap$1$1
instanceKlass java/lang/module/ResolvedModule
instanceKlass java/lang/module/Configuration
instanceKlass jdk/internal/loader/BuiltinClassLoader$LoadedModule
instanceKlass jdk/internal/loader/AbstractClassLoaderValue
instanceKlass jdk/internal/module/ServicesCatalog
instanceKlass jdk/internal/util/Preconditions
instanceKlass sun/net/util/IPAddressUtil
instanceKlass java/net/URLStreamHandler
instanceKlass java/util/HexFormat
instanceKlass sun/net/www/ParseUtil
instanceKlass java/net/URL$3
instanceKlass jdk/internal/access/JavaNetURLAccess
instanceKlass java/net/URL$DefaultFactory
instanceKlass java/net/URLStreamHandlerFactory
instanceKlass jdk/internal/loader/URLClassPath
instanceKlass java/security/Principal
instanceKlass java/security/ProtectionDomain$Key
instanceKlass java/security/ProtectionDomain$JavaSecurityAccessImpl
instanceKlass jdk/internal/access/JavaSecurityAccess
instanceKlass java/lang/ClassLoader$ParallelLoaders
instanceKlass java/security/cert/Certificate
instanceKlass jdk/internal/loader/ArchivedClassLoaders
instanceKlass java/util/Deque
instanceKlass java/util/Queue
instanceKlass jdk/internal/loader/ClassLoaderHelper
instanceKlass jdk/internal/loader/NativeLibraries
instanceKlass jdk/internal/loader/BootLoader
instanceKlass java/util/Optional
instanceKlass jdk/internal/module/SystemModuleFinders$SystemModuleFinder
instanceKlass java/lang/module/ModuleFinder
instanceKlass jdk/internal/module/SystemModuleFinders$3
instanceKlass jdk/internal/module/ModuleHashes$HashSupplier
instanceKlass jdk/internal/module/SystemModuleFinders$2
instanceKlass java/util/function/Supplier
instanceKlass java/lang/module/ModuleReference
instanceKlass jdk/internal/module/ModuleResolution
instanceKlass java/util/Collections$UnmodifiableMap
instanceKlass jdk/internal/module/ModuleHashes$Builder
instanceKlass jdk/internal/module/ModuleHashes
instanceKlass jdk/internal/module/ModuleTarget
instanceKlass java/util/ImmutableCollections$Set12$1
instanceKlass java/lang/Enum
instanceKlass java/lang/module/ModuleDescriptor$Version
instanceKlass java/lang/module/ModuleDescriptor$Provides
instanceKlass java/lang/module/ModuleDescriptor$Opens
instanceKlass java/util/ImmutableCollections$SetN$SetNIterator
instanceKlass java/lang/module/ModuleDescriptor$Exports
instanceKlass java/lang/module/ModuleDescriptor$Requires
instanceKlass jdk/internal/module/Builder
instanceKlass jdk/internal/module/SystemModules$default
instanceKlass jdk/internal/module/SystemModules
instanceKlass jdk/internal/module/SystemModulesMap
instanceKlass java/net/URI$1
instanceKlass jdk/internal/access/JavaNetUriAccess
instanceKlass java/net/URI
instanceKlass jdk/internal/module/SystemModuleFinders
instanceKlass jdk/internal/module/ArchivedModuleGraph
instanceKlass jdk/internal/module/ArchivedBootLayer
instanceKlass jdk/internal/module/ModuleBootstrap$Counters
instanceKlass jdk/internal/module/ModulePatcher
instanceKlass java/io/FileSystem
instanceKlass java/io/DefaultFileSystem
instanceKlass java/io/File
instanceKlass java/lang/module/ModuleDescriptor$1
instanceKlass jdk/internal/access/JavaLangModuleAccess
instanceKlass sun/invoke/util/VerifyAccess
instanceKlass java/lang/module/ModuleDescriptor
instanceKlass jdk/internal/module/ModuleBootstrap
instanceKlass java/lang/invoke/MethodHandleStatics
instanceKlass java/util/Collections
instanceKlass sun/io/Win32ErrorMode
instanceKlass jdk/internal/misc/OSEnvironment
instanceKlass jdk/internal/misc/Signal$NativeHandler
instanceKlass java/util/Hashtable$Entry
instanceKlass jdk/internal/misc/Signal
instanceKlass java/lang/Terminator$1
instanceKlass jdk/internal/misc/Signal$Handler
instanceKlass java/lang/Terminator
instanceKlass java/nio/ByteOrder
instanceKlass java/nio/Buffer$1
instanceKlass jdk/internal/access/JavaNioAccess
instanceKlass jdk/internal/misc/ScopedMemoryAccess
instanceKlass java/nio/charset/CodingErrorAction
instanceKlass sun/nio/cs/SingleByte
instanceKlass java/lang/StringUTF16
instanceKlass sun/nio/cs/MS1252$Holder
instanceKlass sun/nio/cs/ArrayEncoder
instanceKlass java/nio/charset/CharsetEncoder
instanceKlass java/lang/reflect/Modifier
instanceKlass java/lang/Class$1
instanceKlass java/lang/Class$Atomic
instanceKlass java/lang/Class$ReflectionData
instanceKlass jdk/internal/util/ArraysSupport
instanceKlass java/nio/charset/StandardCharsets
instanceKlass sun/nio/cs/HistoricallyNamedCharset
instanceKlass sun/security/action/GetPropertyAction
instanceKlass java/lang/ThreadLocal
instanceKlass java/nio/charset/spi/CharsetProvider
instanceKlass java/nio/charset/Charset
instanceKlass java/io/Writer
instanceKlass java/io/OutputStream
instanceKlass java/io/Flushable
instanceKlass java/io/FileDescriptor$1
instanceKlass jdk/internal/access/JavaIOFileDescriptorAccess
instanceKlass java/io/FileDescriptor
instanceKlass jdk/internal/util/StaticProperty
instanceKlass java/util/HashMap$HashIterator
instanceKlass java/lang/Integer$IntegerCache
instanceKlass java/lang/CharacterData
instanceKlass java/util/Arrays
instanceKlass java/lang/VersionProps
instanceKlass java/lang/StringConcatHelper
instanceKlass jdk/internal/misc/VM
instanceKlass jdk/internal/util/SystemProps$Raw
instanceKlass jdk/internal/util/SystemProps
instanceKlass java/lang/System$2
instanceKlass jdk/internal/access/JavaLangAccess
instanceKlass java/lang/ref/Reference$1
instanceKlass jdk/internal/access/JavaLangRefAccess
instanceKlass java/lang/ref/ReferenceQueue$Lock
instanceKlass java/lang/ref/ReferenceQueue
instanceKlass jdk/internal/reflect/ReflectionFactory
instanceKlass jdk/internal/reflect/ReflectionFactory$GetReflectionFactoryAction
instanceKlass java/security/PrivilegedAction
instanceKlass java/util/concurrent/locks/LockSupport
instanceKlass java/util/concurrent/ConcurrentHashMap$Node
instanceKlass java/util/concurrent/ConcurrentHashMap$CounterCell
instanceKlass java/util/concurrent/locks/ReentrantLock
instanceKlass java/util/concurrent/locks/Lock
instanceKlass java/lang/Runtime
instanceKlass java/util/HashMap$Node
instanceKlass java/util/KeyValueHolder
instanceKlass java/util/Map$Entry
instanceKlass java/util/ImmutableCollections$MapN$MapNIterator
instanceKlass java/lang/Math
instanceKlass jdk/internal/reflect/Reflection
instanceKlass java/lang/invoke/MethodHandles$Lookup
instanceKlass java/lang/StringLatin1
instanceKlass java/security/Permission
instanceKlass java/security/Guard
instanceKlass java/lang/invoke/MemberName$Factory
instanceKlass java/lang/invoke/MethodHandles
instanceKlass jdk/internal/access/SharedSecrets
instanceKlass java/lang/reflect/ReflectAccess
instanceKlass jdk/internal/access/JavaLangReflectAccess
instanceKlass java/util/ImmutableCollections
instanceKlass java/util/Objects
instanceKlass java/util/Set
instanceKlass jdk/internal/misc/CDS
instanceKlass java/lang/Module$ArchivedData
instanceKlass java/lang/String$CaseInsensitiveComparator
instanceKlass java/util/Comparator
instanceKlass java/io/ObjectStreamField
instanceKlass jdk/internal/vm/vector/VectorSupport$VectorPayload
instanceKlass jdk/internal/vm/vector/VectorSupport
instanceKlass java/lang/reflect/RecordComponent
instanceKlass java/util/Iterator
instanceKlass java/lang/Number
instanceKlass java/lang/Character
instanceKlass java/lang/Boolean
instanceKlass java/util/concurrent/locks/AbstractOwnableSynchronizer
instanceKlass java/lang/LiveStackFrame
instanceKlass java/lang/StackFrameInfo
instanceKlass java/lang/StackWalker$StackFrame
instanceKlass java/lang/StackStreamFactory$AbstractStackWalker
instanceKlass java/lang/StackWalker
instanceKlass java/nio/Buffer
instanceKlass java/lang/StackTraceElement
instanceKlass java/util/RandomAccess
instanceKlass java/util/List
instanceKlass java/util/AbstractCollection
instanceKlass java/util/Collection
instanceKlass java/lang/Iterable
instanceKlass java/util/concurrent/ConcurrentMap
instanceKlass java/util/AbstractMap
instanceKlass java/security/CodeSource
instanceKlass jdk/internal/loader/ClassLoaders
instanceKlass java/util/jar/Manifest
instanceKlass java/net/URL
instanceKlass java/io/InputStream
instanceKlass java/io/Closeable
instanceKlass java/lang/AutoCloseable
instanceKlass jdk/internal/module/Modules
instanceKlass jdk/internal/misc/Unsafe
instanceKlass jdk/internal/misc/UnsafeConstants
instanceKlass java/lang/AbstractStringBuilder
instanceKlass java/lang/Appendable
instanceKlass java/lang/AssertionStatusDirectives
instanceKlass java/lang/invoke/MethodHandleNatives$CallSiteContext
instanceKlass jdk/internal/invoke/NativeEntryPoint
instanceKlass java/lang/invoke/CallSite
instanceKlass java/lang/invoke/MethodType
instanceKlass java/lang/invoke/TypeDescriptor$OfMethod
instanceKlass java/lang/invoke/LambdaForm
instanceKlass java/lang/invoke/MethodHandleNatives
instanceKlass java/lang/invoke/ResolvedMethodName
instanceKlass java/lang/invoke/MemberName
instanceKlass java/lang/invoke/VarHandle
instanceKlass java/lang/invoke/MethodHandle
instanceKlass jdk/internal/reflect/CallerSensitive
instanceKlass java/lang/annotation/Annotation
instanceKlass jdk/internal/reflect/FieldAccessor
instanceKlass jdk/internal/reflect/ConstantPool
instanceKlass jdk/internal/reflect/ConstructorAccessor
instanceKlass jdk/internal/reflect/MethodAccessor
instanceKlass jdk/internal/reflect/MagicAccessorImpl
instanceKlass java/lang/reflect/Parameter
instanceKlass java/lang/reflect/Member
instanceKlass java/lang/reflect/AccessibleObject
instanceKlass java/lang/Module
instanceKlass java/util/Map
instanceKlass java/util/Dictionary
instanceKlass java/lang/ThreadGroup
instanceKlass java/lang/Thread$UncaughtExceptionHandler
instanceKlass java/lang/Thread
instanceKlass java/lang/Runnable
instanceKlass java/lang/ref/Reference
instanceKlass java/lang/Record
instanceKlass java/security/AccessController
instanceKlass java/security/AccessControlContext
instanceKlass java/security/ProtectionDomain
instanceKlass java/lang/SecurityManager
instanceKlass java/lang/Throwable
instanceKlass java/lang/System
instanceKlass java/lang/ClassLoader
instanceKlass java/lang/Cloneable
instanceKlass java/lang/Class
instanceKlass java/lang/invoke/TypeDescriptor$OfField
instanceKlass java/lang/invoke/TypeDescriptor
instanceKlass java/lang/reflect/Type
instanceKlass java/lang/reflect/GenericDeclaration
instanceKlass java/lang/reflect/AnnotatedElement
instanceKlass java/lang/String
instanceKlass java/lang/constant/ConstantDesc
instanceKlass java/lang/constant/Constable
instanceKlass java/lang/CharSequence
instanceKlass java/lang/Comparable
instanceKlass java/io/Serializable
ciInstanceKlass java/lang/Object 1 1 92 7 1 10 12 1 1 10 7 12 1 1 1 10 7 12 1 1 1 10 12 1 1 8 1 10 12 1 1 10 7 12 1 1 1 10 12 1 10 12 1 1 100 1 8 1 10 12 1 3 8 1 100 1 5 0 1 1 1 1 1 1 1 1 1 1 1 1 1 1 1 1 7 1 1 1 7 1 1 1 1 1 1 1 7 1 1 1 1 1 1 1
ciInstanceKlass java/lang/Class 1 1 1600 10 7 12 1 1 1 9 7 12 1 1 1 9 12 1 1 7 1 10 10 12 1 1 8 1 10 12 1 8 1 8 1 10 12 1 1 10 12 1 1 10 12 1 10 10 12 1 10 12 1 1 10 12 1 1 10 7 12 1 1 10 12 1 10 12 1 10 12 1 8 1 10 12 1 8 1 10 12 1 8 1 8 1 10 12 1 1 10 7 12 1 1 1 18 12 1 1 11 7 12 1 1 1 8 1 8 1 8 1 10 7 12 1 1 1 11 12 1 1 7 1 8 1 10 12 1 11 7 12 1 1 1 10 12 1 1 11 8 1 18 8 1 10 12 1 10 7 12 1 1 10 7 12 1 1 1 10 12 1 1 10 7 12 1 1 1 9 100 12 1 1 1 10 100 12 1 1 1 10 7 12 1 1 1 10 12 1 1 18 12 1 1 10 7 12 1 1 1 10 7 12 1 1 10 12 1 1 10 7 1 100 1 10 12 1 1 9 12 1 1 7 1 8 1 10 12 1 10 12 1 1 10 12 1 1 10 7 12 1 1 1 7 1 10 12 1 7 1 7 1 10 10 12 1 1 10 12 1 1 100 1 10 100 12 1 1 1 10 12 1 1 10 12 1 1 9 12 1 1 10 12 1 10 12 1 10 12 1 1 9 12 1 1 9 12 1 1 10 12 1 1 10 7 1 10 12 1 10 12 1 10 12 1 1 10 9 12 1 10 12 1 8 1 10 12 1 1 10 12 1 1 10 12 1 10 12 1 1 10 12 1 1 10 12 1 1 9 7 12 1 1 1 10 7 12 1 1 10 12 10 12 1 10 12 1 1 10 100 12 1 1 10 12 1 10 12 1 1 10 100 12 1 1 1 10 12 1 10 12 1 1 10 12 1 10 12 1 10 12 1 1 10 7 1 10 10 10 12 1 1 10 12 1 1 10 12 10 12 1 1 100 1 8 1 10 10 12 1 1 10 12 1 100 1 11 12 1 10 100 12 1 1 10 12 1 10 12 1 10 100 12 1 1 10 10 12 1 1 8 1 10 12 1 10 12 1 1 8 1 9 12 1 10 12 1 10 12 1 10 12 1 10 12 100 1 9 12 1 10 12 1 9 12 1 10 12 1 10 12 1 10 12 1 10 10 12 1 10 12 1 10 12 1 10 12 1 10 12 1 10 12 1 100 1 10 12 1 10 12 1 1 10 12 1 1 10 12 1 1 10 12 1 1 10 12 1 1 10 12 1 1 7 1 10 10 12 1 1 10 12 1 1 10 12 1 1 10 10 12 1 10 12 1 1 10 12 1 1 10 12 1 1 10 12 1 1 7 1 10 10 12 11 100 12 1 1 10 12 1 1 10 12 1 10 7 12 1 1 1 10 12 1 1 10 10 12 1 1 100 1 10 10 12 1 1 10 100 12 1 1 1 100 1 7 1 10 12 1 1 10 12 1 10 10 12 1 1 10 12 1 10 12 1 10 12 1 10 100 12 1 1 1 11 7 12 1 1 10 12 1 10 12 1 9 12 1 10 12 1 1 10 12 1 9 100 12 1 1 1 9 12 1 10 100 12 1 1 1 10 12 1 10 12 1 10 100 12 1 1 1 10 12 1 10 12 10 12 1 1 100 1 10 8 1 10 12 1 11 11 12 1 1 11 7 12 1 1 11 12 1 8 1 10 12 1 10 12 1 1 9 12 1 9 12 1 1 10 7 12 1 1 9 12 1 10 12 1 1 10 10 12 1 10 7 12 1 1 1 10 7 12 1 1 10 7 12 1 1 9 12 1 1 10 12 1 9 12 1 10 12 1 10 12 1 1 9 12 1 1 9 12 1 10 12 1 10 12 1 1 9 12 1 7 1 10 10 12 1 1 7 1 10 12 1 1 7 11 7 1 9 12 1 1 9 12 1 7 1 10 12 1 9 12 1 1 9 12 1 10 12 1 10 12 1 1 9 12 1 7 1 10 10 12 1 1 10 10 12 1 1 10 12 10 10 12 1 9 12 1 10 12 1 1 10 7 12 1 1 1 10 12 1 1 10 12 1 8 10 7 8 1 18 8 1 8 1 10 12 1 9 12 1 9 12 1 1 10 12 1 7 1 7 1 10 12 1 9 12 1 1 7 1 10 10 12 1 10 7 1 9 12 1 8 1 10 12 1 7 1 10 12 1 10 12 1 1 9 12 1 100 1 8 1 10 7 1 4 10 10 12 11 7 12 1 1 1 10 12 1 100 1 10 12 1 1 10 8 1 8 1 10 12 1 1 9 7 12 1 1 11 12 7 1 11 7 12 1 1 9 12 1 10 100 12 1 1 1 10 7 12 1 1 10 12 1 1 9 12 1 9 10 12 1 1 10 12 1 1 10 12 1 1 10 12 1 1 10 12 1 1 11 12 1 7 1 11 12 1 10 7 12 1 1 1 10 12 1 100 1 11 12 1 10 100 12 1 1 1 10 12 1 10 11 12 1 11 12 1 1 10 12 1 10 12 1 1 9 12 1 1 9 100 12 1 1 10 12 1 10 100 12 1 1 1 10 12 1 1 10 12 1 10 12 1 10 12 1 10 7 12 1 1 1 10 12 1 8 1 10 12 1 10 12 1 10 12 1 10 100 12 1 1 1 11 100 12 1 1 1 10 12 1 1 10 12 1 18 12 1 1 11 12 1 1 18 11 12 1 18 12 1 11 12 1 10 12 1 1 10 12 1 10 12 1 10 12 10 12 1 8 1 10 12 1 7 1 9 12 1 1 100 1 100 1 100 1 100 1 100 1 1 1 3 1 3 1 3 1 1 1 1 1 1 1 5 0 1 1 1 1 1 1 1 1 1 1 1 1 1 1 1 1 1 1 1 1 1 1 1 100 1 1 1 1 1 1 1 100 1 1 1 1 1 1 7 1 1 1 1 1 1 1 1 1 1 1 1 1 1 1 1 1 1 1 1 1 1 1 1 1 1 1 1 1 1 1 1 1 1 1 1 1 1 100 1 1 1 1 1 1 1 1 1 1 1 1 1 1 1 1 1 1 1 1 1 1 1 1 1 1 1 1 100 1 1 1 1 1 1 1 1 1 1 1 1 1 1 1 1 1 1 1 1 1 1 1 1 1 1 1 1 1 1 1 1 1 1 1 1 1 1 1 1 1 1 1 1 1 1 1 1 1 1 1 1 1 100 1 100 1 1 1 1 1 1 1 100 1 1 1 1 1 1 1 1 1 1 1 1 1 1 1 1 1 1 1 1 1 1 1 1 1 1 1 1 1 1 1 1 1 1 1 1 1 1 1 1 1 1 1 1 1 1 1 1 1 1 1 1 1 1 1 100 1 1 1 1 1 1 1 1 1 1 1 1 1 1 1 1 1 1 1 1 1 1 1 1 1 1 1 1 1 1 1 1 1 1 1 1 1 1 1 1 1 1 1 1 1 1 1 1 1 1 1 1 1 1 1 1 1 1 1 1 1 1 1 1 1 1 1 1 15 10 7 12 1 1 1 16 15 10 12 16 15 11 12 16 1 16 15 16 15 10 12 16 16 15 10 12 16 15 16 1 15 10 12 16 1 1 1 1 1 1 1 1 1 100 1 1 100 1 100 1 1 100 1 100 1 1
staticfield java/lang/Class EMPTY_CLASS_ARRAY [Ljava/lang/Class; 0 [Ljava/lang/Class;
staticfield java/lang/Class serialPersistentFields [Ljava/io/ObjectStreamField; 0 [Ljava/io/ObjectStreamField;
ciInstanceKlass java/io/Serializable 1 0 7 100 1 100 1 1 1
instanceKlass jdk/internal/vm/vector/VectorSupport$VectorShuffle
instanceKlass jdk/internal/vm/vector/VectorSupport$VectorMask
instanceKlass jdk/internal/vm/vector/VectorSupport$Vector
ciInstanceKlass jdk/internal/vm/vector/VectorSupport$VectorPayload 0 0 32 10 100 12 1 1 1 9 100 12 1 1 1 10 100 12 1 1 1 1 1 1 1 1 1 1 1 1 1 1 1 1
ciInstanceKlass jdk/internal/vm/vector/VectorSupport$VectorShuffle 0 0 28 10 100 12 1 1 1 100 1 1 1 1 1 1 1 1 1 1 1 1 1 1 1 100 1 1 1 1
ciInstanceKlass jdk/internal/vm/vector/VectorSupport$VectorMask 0 0 28 10 100 12 1 1 1 100 1 1 1 1 1 1 1 1 1 1 1 1 1 1 1 100 1 1 1 1
ciInstanceKlass jdk/internal/vm/vector/VectorSupport$Vector 0 0 28 10 100 12 1 1 1 100 1 1 1 1 1 1 1 1 1 1 1 1 1 1 1 100 1 1 1 1
ciInstanceKlass jdk/internal/vm/vector/VectorSupport 0 0 487 100 1 10 100 12 1 1 1 9 12 1 1 10 12 1 1 100 1 10 12 1 11 100 12 1 1 1 11 100 12 1 1 1 11 100 12 1 1 11 100 12 1 1 1 11 100 1 100 1 10 12 1 1 11 100 12 1 1 11 100 12 1 1 100 1 11 100 12 1 1 11 100 12 1 1 11 100 12 1 1 1 11 100 12 1 1 1 11 100 12 1 1 1 11 100 12 1 1 1 100 1 10 12 1 1 11 100 12 1 1 100 1 11 100 12 1 1 11 100 12 1 1 11 100 12 1 1 11 100 1 100 1 9 12 1 1 10 100 12 1 1 11 100 12 1 1 10 12 1 1 10 100 12 1 1 1 10 12 1 10 12 1 1 10 12 1 1 1 1 1 3 1 3 1 3 1 3 1 3 1 3 1 3 1 3 1 3 1 3 1 3 1 3 1 3 1 3 1 3 1 3 1 3 1 3 1 3 1 3 1 3 1 3 1 3 1 3 1 3 1 3 1 3 1 3 1 3 1 3 1 3 1 3 1 3 1 3 1 3 1 3 1 3 1 3 1 3 1 1 1 1 1 3 1 1 1 1 1 1 3 1 1 1 1 1 1 1 1 1 1 1 1 1 1 1 1 1 1 1 1 1 1 1 1 1 1 1 1 1 1 1 1 1 1 1 1 1 1 1 1 1 1 1 1 1 1 1 1 1 1 1 1 1 1 1 1 1 1 1 1 1 1 1 1 1 1 1 1 1 1 1 1 1 1 1 1 1 1 1 1 1 1 1 1 1 1 1 1 1 1 1 1 1 1 1 1 1 1 1 1 1 1 1 1 1 1 1 1 1 1 1 1 1 1 1 1 1 1 1 1 1 1 1 1 1 1 1 1 1 1 1 1 1 1 1 1 1 1 1 1 1 1 1 1 1 1 1 1 1 1 1 1 1 1 1 1 1 1 1 1 1 1 1 1 1 1 1 1 1 1 1 1 1 1 1 1 1 1 1 1 1 1 1 1 1 1 1 1 1 1 1 1 1 1 1 1 1 1 1 100 1 100 1 1 1 1 1 1 1 1 1 1 1 1 1 1 1 1 1 1 1 1 1 1 1 1
ciInstanceKlass java/lang/reflect/RecordComponent 1 0 196 10 100 12 1 1 1 9 100 12 1 1 1 9 12 1 1 9 12 1 10 12 1 1 10 12 1 1 10 100 12 1 1 1 10 12 1 1 9 12 1 1 10 12 1 1 10 12 1 1 10 12 1 10 100 12 1 1 10 100 12 1 1 9 12 1 1 10 100 12 1 1 1 11 100 12 1 1 1 10 9 100 12 1 1 1 10 100 12 1 1 1 9 12 1 1 10 100 12 1 1 1 10 12 1 1 11 100 12 1 1 10 100 12 1 1 100 1 9 12 1 9 12 1 1 9 12 1 10 100 12 1 1 1 10 12 1 1 10 12 1 1 100 1 10 10 12 1 10 12 1 1 8 1 10 12 1 10 12 1 9 12 1 100 1 1 1 1 1 1 1 1 1 1 1 1 1 1 1 1 1 1 1 1 1 1 100 1 1 1 1 1 1 100 1 1
ciInstanceKlass java/util/Iterator 1 1 53 100 1 8 1 10 12 1 1 10 7 12 1 1 1 11 7 12 1 1 1 11 12 1 1 11 7 12 1 1 1 100 1 1 1 1 1 1 1 1 1 1 1 1 1 1 1 1 1 1 1 1 1
instanceKlass com/intellij/psi/impl/compiled/FirstPassData$ObjectMethod
instanceKlass org/jetbrains/kotlin/diagnostics/rendering/LanguageFeatureMessageRenderer$Type
instanceKlass org/jetbrains/kotlin/diagnostics/Errors$BadNamedArgumentsTarget
instanceKlass org/jetbrains/kotlin/resolve/CollectionLiteralResolver$ContainerKind
instanceKlass org/jetbrains/kotlin/types/TypeSubstitutor$VarianceConflictType
instanceKlass org/jetbrains/kotlin/load/java/descriptors/JavaMethodDescriptor$ParameterNamesStatus
instanceKlass com/intellij/psi/impl/source/resolve/VariableResolverProcessor$StaticScope
instanceKlass com/intellij/psi/scope/ElementClassHint$DeclarationKind
instanceKlass com/intellij/psi/impl/source/PsiJavaCodeReferenceElementImpl$Kind
instanceKlass com/intellij/lang/java/parser/BasicOldExpressionParser$ExprType
instanceKlass org/jetbrains/kotlin/resolve/calls/tower/WrongResolutionToClassifier
instanceKlass org/jetbrains/kotlin/resolve/ExternalOverridabilityCondition$Contract
instanceKlass org/jetbrains/kotlin/load/java/SpecialGenericSignatures$TypeSafeBarrierDescription
instanceKlass org/jetbrains/kotlin/load/java/typeEnhancement/TypeComponentPosition
instanceKlass org/jetbrains/kotlin/load/java/typeEnhancement/NullabilityQualifier
instanceKlass org/jetbrains/kotlin/load/java/lazy/types/JavaTypeFlexibility
instanceKlass org/jetbrains/kotlin/types/TypeUsage
instanceKlass org/jetbrains/kotlin/name/State
instanceKlass com/intellij/psi/stubs/StubList$ChildrenStorage
instanceKlass com/intellij/psi/impl/cache/TypeInfo$TypeKind
instanceKlass com/intellij/openapi/projectRoots/JavaSdkVersion
instanceKlass org/jetbrains/kotlin/load/java/structure/LightClassOriginKind
instanceKlass org/jetbrains/kotlin/resolve/Compatibility
instanceKlass org/jetbrains/kotlin/resolve/calls/model/ArgumentMatchStatus
instanceKlass org/jetbrains/kotlin/builtins/UnsignedArrayType
instanceKlass org/jetbrains/kotlin/builtins/UnsignedType
instanceKlass org/jetbrains/kotlin/resolve/calls/components/ArgumentsToParametersMapper$CallArgumentProcessor$State
instanceKlass org/jetbrains/kotlin/resolve/calls/components/ImplicitInvokeCheckStatus
instanceKlass org/jetbrains/exposed/dao/EntityChangeType
instanceKlass org/h2/table/DataChangeDeltaTable$ResultOption
instanceKlass org/javacs/kt/index/Symbol$Visibility
instanceKlass org/javacs/kt/index/Symbol$Kind
instanceKlass org/jetbrains/kotlin/descriptors/RelationToType
instanceKlass org/jetbrains/kotlin/descriptors/EffectiveVisibility$Permissiveness
instanceKlass org/jetbrains/kotlin/cfg/variable/VariableUseState
instanceKlass org/jetbrains/kotlin/cfg/variable/InitState
instanceKlass com/google/common/collect/Iterators$EmptyModifiableIterator
instanceKlass org/jetbrains/kotlin/cfg/pseudocode/instructions/eval/MagicKind
instanceKlass org/jetbrains/kotlin/cfg/pseudocodeTraverser/TraverseInstructionResult
instanceKlass org/jetbrains/kotlin/cfg/pseudocodeTraverser/TraversalOrder
instanceKlass org/jetbrains/kotlin/resolve/calls/inference/components/VariableFixationFinder$TypeVariableFixationReadiness
instanceKlass org/jetbrains/kotlin/resolve/calls/inference/model/ConstraintKind
instanceKlass io/vavr/collection/HashArrayMappedTrieModule$Action
instanceKlass org/jetbrains/kotlin/resolve/calls/results/OverloadResolutionResults$Code
instanceKlass org/jetbrains/kotlin/descriptors/annotations/KotlinTarget
instanceKlass org/jetbrains/kotlin/types/TypeApproximatorConfiguration$IntersectionStrategy
instanceKlass org/jetbrains/kotlin/builtins/functions/FunctionClassKind
instanceKlass org/jetbrains/kotlin/resolve/calls/tower/CandidateApplicability
instanceKlass org/jetbrains/kotlin/resolve/QualifierPosition
instanceKlass org/jetbrains/kotlin/resolve/calls/smartcasts/DataFlowValue$Kind
instanceKlass org/jetbrains/kotlin/resolve/calls/smartcasts/Nullability
instanceKlass org/jetbrains/kotlin/resolve/lazy/LazyImportScope$FilteringKind
instanceKlass org/jetbrains/kotlin/resolve/calls/tasks/ExplicitReceiverKind
instanceKlass org/jetbrains/kotlin/resolve/calls/inference/model/NewConstraintSystemImpl$State
instanceKlass org/jetbrains/kotlin/resolve/calls/model/KotlinCallKind
instanceKlass org/jetbrains/kotlin/psi/Call$CallType
instanceKlass org/jetbrains/kotlin/resolve/ExternalOverridabilityCondition$Result
instanceKlass org/jetbrains/kotlin/resolve/OverridingUtil$OverrideCompatibilityInfo$Result
instanceKlass org/jetbrains/kotlin/resolve/jvm/JvmPrimitiveType
instanceKlass org/jetbrains/kotlin/resolve/scopes/LexicalScopeKind
instanceKlass org/jetbrains/kotlin/resolve/jvm/NotFoundPackagesCachingStrategy$CacheType
instanceKlass java/nio/file/attribute/PosixFilePermission
instanceKlass org/jetbrains/kotlin/load/kotlin/header/KotlinClassHeader$Kind
instanceKlass org/jetbrains/kotlin/load/java/AnnotationQualifierApplicabilityType
instanceKlass org/jetbrains/kotlin/metadata/ProtoBuf$MemberKind
instanceKlass org/jetbrains/kotlin/metadata/ProtoBuf$Class$Kind
instanceKlass org/jetbrains/kotlin/metadata/ProtoBuf$Modality
instanceKlass org/jetbrains/kotlin/metadata/ProtoBuf$Visibility
instanceKlass org/jetbrains/kotlin/incremental/components/NoLookupLocation
instanceKlass org/jetbrains/kotlin/serialization/deserialization/AnnotatedCallableKind
instanceKlass org/jetbrains/kotlin/load/java/typeEnhancement/MutabilityQualifier
instanceKlass org/jetbrains/kotlin/types/expressions/FakeCallKind
instanceKlass org/jetbrains/kotlin/types/expressions/ControlStructureTypingUtils$ResolveConstruct
instanceKlass org/jetbrains/kotlin/resolve/calls/inference/components/TypeVariableDirectionCalculator$ResolveDirection
instanceKlass org/jetbrains/kotlin/resolve/calls/inference/components/ConstraintSystemCompletionMode
instanceKlass org/jetbrains/kotlin/resolve/calls/results/ResolutionStatus
instanceKlass org/jetbrains/kotlin/resolve/calls/context/CheckArgumentTypesMode
instanceKlass org/jetbrains/kotlin/resolve/calls/smartcasts/SmartCastManager$ReceiverSmartCastResult
instanceKlass org/jetbrains/kotlin/resolve/calls/util/ResolveArgumentsMode
instanceKlass org/jetbrains/kotlin/types/expressions/CoercionStrategy
instanceKlass org/jetbrains/kotlin/resolve/calls/context/ContextDependency
instanceKlass org/jetbrains/kotlin/resolve/lazy/FileScopeFactory$FilteringKind
instanceKlass org/jetbrains/kotlin/psi/KtProjectionKind
instanceKlass org/jetbrains/kotlin/resolve/TopDownAnalysisMode
instanceKlass org/jetbrains/kotlin/incremental/components/ScopeKind
instanceKlass org/jetbrains/kotlin/types/model/CaptureStatus
instanceKlass org/jetbrains/kotlin/types/model/TypeVariance
instanceKlass org/jetbrains/kotlin/analyzer/ModuleInfo$DependencyOnBuiltIns
instanceKlass org/jetbrains/kotlin/types/Variance
instanceKlass com/intellij/openapi/extensions/ExtensionDescriptor$Os
instanceKlass kotlin/DeprecationLevel
instanceKlass org/jetbrains/kotlin/config/JvmDefaultMode
instanceKlass org/jetbrains/kotlin/load/java/ReportLevel
instanceKlass org/jetbrains/kotlin/container/ComponentState
instanceKlass org/jetbrains/kotlin/container/ComponentStorageState
instanceKlass org/jetbrains/kotlin/diagnostics/Severity
instanceKlass org/jetbrains/kotlin/descriptors/annotations/AnnotationUseSiteTarget
instanceKlass org/jetbrains/kotlin/config/ExplicitApiMode
instanceKlass org/jetbrains/kotlin/metadata/ProtoBuf$Type$Argument$Projection
instanceKlass org/jetbrains/kotlin/metadata/ProtoBuf$QualifiedNameTable$QualifiedName$Kind
instanceKlass org/jetbrains/kotlin/metadata/ProtoBuf$TypeParameter$Variance
instanceKlass org/jetbrains/kotlin/metadata/ProtoBuf$Annotation$Argument$Value$Type
instanceKlass org/jetbrains/kotlin/protobuf/WireFormat$JavaType
instanceKlass org/jetbrains/kotlin/protobuf/WireFormat$FieldType
instanceKlass org/jetbrains/kotlin/types/error/ErrorScopeKind
instanceKlass org/jetbrains/kotlin/descriptors/CallableMemberDescriptor$Kind
instanceKlass org/jetbrains/kotlin/types/error/ErrorEntity
instanceKlass org/jetbrains/kotlin/types/error/ErrorTypeKind
instanceKlass java/math/RoundingMode
instanceKlass org/jetbrains/kotlin/descriptors/ClassKind
instanceKlass org/jetbrains/kotlin/descriptors/Modality
instanceKlass org/jetbrains/kotlin/parsing/KotlinParsing$DeclarationParsingMode
instanceKlass org/jetbrains/kotlin/parsing/KotlinParsing$NameParsingMode
instanceKlass org/jetbrains/kotlin/parsing/KotlinParsing$AnnotationParsingMode
instanceKlass org/jetbrains/kotlin/parsing/KotlinExpressionParsing$Precedence
instanceKlass org/jetbrains/kotlin/renderer/AnnotationArgumentsRenderingPolicy
instanceKlass org/jetbrains/kotlin/renderer/PropertyAccessorRenderingPolicy
instanceKlass org/jetbrains/kotlin/renderer/ParameterNameRenderingPolicy
instanceKlass org/jetbrains/kotlin/renderer/RenderingFormat
instanceKlass org/jetbrains/kotlin/renderer/OverrideRenderingPolicy
instanceKlass org/jetbrains/kotlin/renderer/DescriptorRendererModifier
instanceKlass org/jetbrains/kotlin/builtins/PrimitiveType
instanceKlass org/jetbrains/kotlin/builtins/jvm/JvmBuiltIns$Kind
instanceKlass org/eclipse/lsp4j/CodeActionTriggerKind
instanceKlass com/intellij/openapi/vfs/VFileProperty
instanceKlass com/intellij/util/ThreeState
instanceKlass com/intellij/openapi/util/io/FileAttributes$CaseSensitivity
instanceKlass org/javacs/kt/compiler/CompilationKind
instanceKlass kotlin/io/FileWalkDirection
instanceKlass org/eclipse/lsp4j/WorkDoneProgressKind
instanceKlass org/sqlite/SQLiteLimits
instanceKlass java/nio/file/StandardCopyOption
instanceKlass sun/util/locale/provider/LocaleProviderAdapter$Type
instanceKlass org/sqlite/SQLiteOpenMode
instanceKlass org/sqlite/SQLiteConfig$HexKeyMode
instanceKlass org/sqlite/SQLiteConfig$DateClass
instanceKlass org/sqlite/SQLiteConfig$DatePrecision
instanceKlass org/sqlite/SQLiteConfig$TransactionMode
instanceKlass org/sqlite/SQLiteConfig$TempStore
instanceKlass org/sqlite/SQLiteConfig$SynchronousMode
instanceKlass org/sqlite/SQLiteConfig$LockingMode
instanceKlass org/sqlite/SQLiteConfig$JournalMode
instanceKlass org/sqlite/SQLiteConfig$Encoding
instanceKlass org/sqlite/SQLiteConfig$Pragma
instanceKlass org/javacs/kt/semantictokens/SemanticTokenModifier
instanceKlass org/javacs/kt/semantictokens/SemanticTokenType
instanceKlass org/eclipse/lsp4j/TextDocumentSyncKind
instanceKlass org/eclipse/lsp4j/DiagnosticTag
instanceKlass org/eclipse/lsp4j/PrepareSupportDefaultBehavior
instanceKlass org/eclipse/lsp4j/CompletionItemKind
instanceKlass org/eclipse/lsp4j/CompletionItemTag
instanceKlass org/eclipse/lsp4j/InsertTextMode
instanceKlass org/eclipse/lsp4j/SymbolTag
instanceKlass org/eclipse/lsp4j/SymbolKind
instanceKlass com/google/gson/stream/JsonToken
instanceKlass java/lang/Thread$State
instanceKlass com/google/gson/ReflectionAccessFilter$FilterResult
instanceKlass org/javacs/kt/KotlinTextDocumentService$Recompile
instanceKlass org/eclipse/lsp4j/MessageType
instanceKlass com/google/gson/LongSerializationPolicy
instanceKlass com/google/gson/ToNumberPolicy
instanceKlass com/google/gson/FieldNamingPolicy
instanceKlass org/h2/command/dml/SelectUnion$UnionType
instanceKlass org/h2/constraint/Constraint$Type
instanceKlass org/h2/constraint/ConstraintActionType
instanceKlass org/h2/expression/analysis/WindowFunctionType
instanceKlass org/h2/command/Parser$NullConstraintType
instanceKlass org/jetbrains/exposed/sql/ReferenceOption
instanceKlass org/jetbrains/exposed/sql/statements/StatementGroup
instanceKlass org/jetbrains/exposed/sql/statements/StatementType
instanceKlass org/jetbrains/exposed/sql/vendors/H2Dialect$H2MajorVersion
instanceKlass org/jetbrains/exposed/sql/statements/api/IdentifierManagerApi$OracleVersion
instanceKlass org/h2/table/TableType
instanceKlass org/h2/expression/aggregate/AggregateType
instanceKlass org/h2/mvstore/db/MVTable$TraceLockEvent
instanceKlass org/h2/engine/IsolationLevel
instanceKlass org/h2/engine/Session$State
instanceKlass org/h2/mvstore/MVMap$Decision
instanceKlass org/h2/store/FileLockMethod
instanceKlass org/h2/api/IntervalQualifier
instanceKlass org/h2/engine/Mode$UniqueIndexNullsHandling
instanceKlass org/h2/engine/Mode$ModeEnum
instanceKlass kotlin/reflect/jvm/internal/impl/types/model/CaptureStatus
instanceKlass sun/reflect/annotation/TypeAnnotation$TypeAnnotationTarget
instanceKlass kotlin/reflect/jvm/internal/impl/load/java/SpecialGenericSignatures$TypeSafeBarrierDescription
instanceKlass kotlin/reflect/jvm/internal/impl/load/java/descriptors/JavaMethodDescriptor$ParameterNamesStatus
instanceKlass kotlin/reflect/jvm/internal/impl/load/java/typeEnhancement/TypeComponentPosition
instanceKlass kotlin/reflect/jvm/internal/impl/load/java/typeEnhancement/MutabilityQualifier
instanceKlass kotlin/reflect/jvm/internal/impl/load/java/typeEnhancement/NullabilityQualifier
instanceKlass kotlin/reflect/jvm/internal/impl/load/java/lazy/types/JavaTypeFlexibility
instanceKlass kotlin/reflect/jvm/internal/impl/types/TypeUsage
instanceKlass kotlin/reflect/jvm/internal/impl/builtins/functions/FunctionClassKind
instanceKlass kotlin/reflect/jvm/internal/impl/resolve/ExternalOverridabilityCondition$Result
instanceKlass kotlin/reflect/jvm/internal/impl/resolve/ExternalOverridabilityCondition$Contract
instanceKlass kotlin/reflect/jvm/internal/impl/resolve/OverridingUtil$OverrideCompatibilityInfo$Result
instanceKlass kotlin/reflect/jvm/internal/impl/types/TypeSubstitutor$VarianceConflictType
instanceKlass kotlin/reflect/jvm/internal/KDeclarationContainerImpl$MemberBelonginess
instanceKlass kotlin/reflect/KParameter$Kind
instanceKlass kotlin/reflect/jvm/internal/impl/load/java/structure/LightClassOriginKind
instanceKlass kotlin/reflect/jvm/internal/impl/metadata/ProtoBuf$QualifiedNameTable$QualifiedName$Kind
instanceKlass kotlin/reflect/jvm/internal/impl/metadata/ProtoBuf$VersionRequirement$VersionKind
instanceKlass kotlin/reflect/jvm/internal/impl/metadata/ProtoBuf$VersionRequirement$Level
instanceKlass kotlin/reflect/jvm/internal/impl/serialization/deserialization/AnnotatedCallableKind
instanceKlass kotlin/reflect/jvm/internal/impl/types/Variance
instanceKlass kotlin/reflect/jvm/internal/impl/metadata/ProtoBuf$MemberKind
instanceKlass kotlin/reflect/jvm/internal/impl/metadata/ProtoBuf$Class$Kind
instanceKlass kotlin/reflect/jvm/internal/impl/metadata/ProtoBuf$Modality
instanceKlass kotlin/reflect/jvm/internal/impl/metadata/ProtoBuf$Visibility
instanceKlass kotlin/reflect/jvm/internal/impl/serialization/deserialization/descriptors/DeserializedContainerAbiStability
instanceKlass kotlin/reflect/jvm/internal/impl/metadata/ProtoBuf$Type$Argument$Projection
instanceKlass kotlin/reflect/jvm/internal/impl/metadata/jvm/JvmProtoBuf$StringTableTypes$Record$Operation
instanceKlass java/lang/annotation/ElementType
instanceKlass kotlin/reflect/jvm/internal/impl/incremental/components/NoLookupLocation
instanceKlass kotlin/reflect/jvm/internal/impl/metadata/ProtoBuf$Annotation$Argument$Value$Type
instanceKlass kotlin/reflect/jvm/internal/impl/metadata/ProtoBuf$TypeParameter$Variance
instanceKlass kotlin/reflect/jvm/internal/impl/protobuf/WireFormat$JavaType
instanceKlass kotlin/reflect/jvm/internal/impl/protobuf/WireFormat$FieldType
instanceKlass kotlin/reflect/jvm/internal/impl/types/error/ErrorScopeKind
instanceKlass kotlin/reflect/jvm/internal/impl/descriptors/CallableMemberDescriptor$Kind
instanceKlass java/util/Locale$Category
instanceKlass kotlin/reflect/jvm/internal/impl/types/error/ErrorEntity
instanceKlass kotlin/reflect/jvm/internal/impl/types/error/ErrorTypeKind
instanceKlass kotlin/reflect/jvm/internal/impl/descriptors/ClassKind
instanceKlass kotlin/reflect/jvm/internal/impl/renderer/AnnotationArgumentsRenderingPolicy
instanceKlass kotlin/reflect/jvm/internal/impl/renderer/PropertyAccessorRenderingPolicy
instanceKlass kotlin/reflect/jvm/internal/impl/renderer/ParameterNameRenderingPolicy
instanceKlass kotlin/reflect/jvm/internal/impl/renderer/RenderingFormat
instanceKlass kotlin/reflect/jvm/internal/impl/renderer/OverrideRenderingPolicy
instanceKlass kotlin/reflect/jvm/internal/impl/renderer/DescriptorRendererModifier
instanceKlass kotlin/reflect/jvm/internal/impl/descriptors/Modality
instanceKlass kotlin/reflect/jvm/internal/impl/load/java/ReportLevel
instanceKlass kotlin/reflect/jvm/internal/impl/load/java/AnnotationQualifierApplicabilityType
instanceKlass kotlin/reflect/jvm/internal/impl/load/kotlin/header/KotlinClassHeader$Kind
instanceKlass kotlin/reflect/jvm/internal/impl/storage/LockBasedStorageManager$NotValue
instanceKlass kotlin/reflect/jvm/internal/impl/builtins/jvm/JvmBuiltIns$Kind
instanceKlass org/jetbrains/kotlin/config/JvmTarget
instanceKlass org/jetbrains/kotlin/cli/jvm/index/JavaRoot$RootType
instanceKlass org/jetbrains/kotlin/cli/common/messages/CompilerMessageSeverity
instanceKlass org/jetbrains/kotlin/storage/LockBasedStorageManager$NotValue
instanceKlass kotlin/script/experimental/api/ScriptDiagnostic$Severity
instanceKlass kotlin/script/experimental/api/ScriptAcceptedLocation
instanceKlass kotlin/reflect/jvm/internal/impl/resolve/jvm/JvmPrimitiveType
instanceKlass kotlin/reflect/jvm/internal/impl/builtins/PrimitiveType
instanceKlass kotlin/script/experimental/location/ScriptExpectedLocation
instanceKlass com/intellij/diagnostic/ActivityCategory
instanceKlass kotlin/LazyThreadSafetyMode
instanceKlass java/util/stream/Collector$Characteristics
instanceKlass com/intellij/pom/java/LanguageLevel
instanceKlass com/intellij/openapi/util/LowMemoryWatcher$LowMemoryWatcherType
instanceKlass org/jetbrains/kotlin/cli/common/CompilerSystemProperties
instanceKlass com/intellij/ide/plugins/ActionDescriptorName
instanceKlass kotlin/coroutines/intrinsics/CoroutineSingletons
instanceKlass kotlinx/coroutines/CoroutineStart
instanceKlass com/intellij/openapi/progress/impl/CoreProgressManager$CheckCanceledBehavior
instanceKlass com/intellij/util/messages/Topic$BroadcastDirection
instanceKlass com/intellij/openapi/extensions/ExtensionPoint$Kind
instanceKlass com/intellij/util/messages/impl/BusState
instanceKlass org/jetbrains/kotlin/cli/jvm/compiler/EnvironmentConfigFiles
instanceKlass com/intellij/diagnostic/LoadingState
instanceKlass java/nio/file/AccessMode
instanceKlass org/jetbrains/kotlin/config/LanguageFeature$State
instanceKlass org/jetbrains/kotlin/config/LanguageFeature$Kind
instanceKlass org/jetbrains/kotlin/config/LanguageVersion
instanceKlass org/jetbrains/kotlin/config/LanguageFeature
instanceKlass com/intellij/openapi/diagnostic/LogLevel
instanceKlass java/security/DrbgParameters$Capability
instanceKlass org/eclipse/lsp4j/DiagnosticSeverity
instanceKlass jdk/internal/icu/util/CodePointTrie$ValueWidth
instanceKlass jdk/internal/icu/util/CodePointTrie$Type
instanceKlass java/text/Normalizer$Form
instanceKlass java/lang/constant/DirectMethodHandleDesc$Kind
instanceKlass java/lang/invoke/VarHandle$VarHandleDesc$Kind
instanceKlass java/time/temporal/ChronoUnit
instanceKlass java/time/temporal/ChronoField
instanceKlass java/util/regex/Pattern$Qtype
instanceKlass sun/security/util/DisabledAlgorithmConstraints$Constraint$Operator
instanceKlass sun/security/rsa/RSAUtil$KeyType
instanceKlass sun/security/util/KnownOIDs
instanceKlass java/lang/annotation/RetentionPolicy
instanceKlass sun/util/logging/PlatformLogger$Level
instanceKlass java/lang/System$Logger$Level
instanceKlass jdk/internal/logger/BootstrapLogger$LoggingBackend
instanceKlass java/util/stream/StreamShape
instanceKlass java/util/stream/StreamOpFlag$Type
instanceKlass java/util/stream/StreamOpFlag
instanceKlass org/javacs/kt/LogLevel
instanceKlass java/lang/invoke/MethodHandles$Lookup$ClassOption
instanceKlass java/lang/invoke/VarHandle$AccessType
instanceKlass java/lang/invoke/VarHandle$AccessMode
instanceKlass java/lang/invoke/MethodHandleImpl$Intrinsic
instanceKlass java/lang/invoke/LambdaForm$BasicType
instanceKlass java/lang/invoke/LambdaForm$Kind
instanceKlass sun/invoke/util/Wrapper
instanceKlass java/util/concurrent/TimeUnit
instanceKlass java/nio/file/LinkOption
instanceKlass sun/nio/fs/WindowsPathType
instanceKlass java/nio/file/StandardOpenOption
instanceKlass java/io/File$PathStatus
instanceKlass java/lang/module/ModuleDescriptor$Requires$Modifier
instanceKlass java/lang/module/ModuleDescriptor$Modifier
ciInstanceKlass java/lang/Enum 1 1 188 9 7 12 1 1 1 9 12 1 1 10 7 12 1 1 1 10 12 1 1 100 1 10 10 12 1 1 10 12 1 100 1 10 10 7 12 1 1 10 12 1 1 18 12 1 1 10 100 12 1 1 1 10 12 1 1 11 7 12 1 1 1 100 1 8 1 10 12 1 100 1 100 1 10 8 1 10 12 1 1 10 12 1 1 8 1 10 12 1 10 100 1 8 1 10 10 12 1 1 10 100 12 1 1 1 100 1 100 1 100 1 1 1 1 1 1 1 1 1 1 1 1 1 1 1 1 1 1 1 1 1 1 1 1 1 1 1 1 1 1 1 1 1 1 1 1 1 1 1 1 1 100 1 100 1 1 100 1 1 1 1 1 1 1 1 1 1 1 15 10 100 12 1 1 1 16 15 10 12 16 1 1 100 1 100 1 1
ciInstanceKlass java/lang/System 1 1 803 10 100 12 1 1 1 9 7 12 1 1 1 10 12 1 10 12 1 1 10 12 1 1 10 12 1 9 12 1 1 10 7 12 1 1 1 11 100 12 1 1 1 10 100 12 1 1 1 10 12 1 1 10 12 1 1 100 1 8 1 10 12 1 10 100 12 1 1 1 10 100 12 1 1 1 18 12 1 1 10 100 12 1 1 1 100 1 10 12 1 1 10 100 12 1 1 1 10 12 1 10 7 12 1 1 1 9 100 12 1 1 1 10 100 12 1 1 1 11 7 12 1 1 1 10 12 1 1 10 100 12 1 1 1 100 1 10 10 12 1 1 8 1 10 12 1 8 1 10 12 1 9 12 1 1 8 1 10 7 12 1 1 1 10 12 1 1 100 1 8 1 10 9 12 1 1 8 1 10 12 1 1 10 100 12 1 1 1 8 1 10 12 1 100 1 10 12 1 8 1 10 12 1 10 12 1 1 100 1 10 12 10 12 1 9 12 1 1 9 12 1 1 10 7 12 1 1 1 10 7 12 1 1 1 10 12 1 1 10 12 1 10 12 1 10 7 12 1 1 1 10 12 1 100 1 100 1 8 1 10 12 1 10 12 1 1 7 1 10 12 1 100 1 8 1 10 10 12 1 100 1 8 1 10 8 1 10 7 12 1 1 8 1 10 12 100 1 8 1 10 10 12 1 1 10 100 12 1 1 1 100 1 18 12 1 100 1 9 100 12 1 1 1 10 12 1 100 1 10 12 1 1 10 12 1 1 10 7 12 1 1 1 10 12 1 1 10 12 1 10 12 1 10 12 1 1 10 12 1 7 1 10 12 1 10 12 1 100 1 10 12 1 10 7 12 1 1 1 100 1 8 1 10 9 12 1 9 12 1 10 12 1 10 100 12 1 1 10 12 1 10 12 1 1 8 1 10 12 1 1 8 1 11 12 1 10 12 11 12 1 1 11 7 12 1 1 1 11 7 12 1 1 11 12 1 1 7 1 11 12 1 10 12 1 8 1 10 12 1 1 8 1 8 1 8 1 8 1 11 12 1 10 12 1 10 12 1 10 12 1 10 7 12 1 1 8 1 7 1 9 7 12 1 1 1 10 12 1 7 1 9 12 10 9 12 7 1 10 12 8 1 10 12 1 1 8 1 10 7 12 1 1 10 12 1 10 7 12 1 1 1 10 12 1 1 10 7 12 1 1 1 10 12 10 7 12 1 1 1 9 12 1 1 100 1 8 1 10 12 1 1 10 7 12 1 1 1 7 1 10 12 1 1 8 1 10 8 1 8 1 8 1 8 1 10 10 7 12 1 1 10 12 1 1 10 12 1 1 10 12 1 1 10 12 1 10 100 12 1 1 1 10 100 1 8 1 10 10 10 12 1 1 10 12 1 1 8 1 10 12 1 8 1 10 12 1 10 12 1 1 7 1 10 10 12 1 10 12 1 9 12 1 1 1 3 1 3 1 1 1 1 1 1 1 1 1 1 1 1 100 1 1 100 1 1 1 1 1 1 1 1 1 1 1 100 1 100 1 1 1 1 1 1 1 1 1 1 1 1 1 1 1 1 1 1 1 1 1 1 1 1 1 1 1 1 1 1 1 1 1 1 1 1 1 1 1 1 1 1 1 1 1 1 1 1 1 1 1 1 1 1 1 1 1 1 100 1 1 1 1 1 1 1 1 1 1 1 1 1 1 1 1 1 1 1 1 1 1 1 1 1 1 1 1 1 1 1 1 1 100 1 1 15 10 100 12 1 1 1 16 15 10 12 1 1 16 15 10 12 16 1 1 1 1 1 1 1 100 1 100 1 1
staticfield java/lang/System in Ljava/io/InputStream; java/io/BufferedInputStream
staticfield java/lang/System out Ljava/io/PrintStream; java/io/PrintStream
staticfield java/lang/System err Ljava/io/PrintStream; java/io/PrintStream
instanceKlass jdk/internal/reflect/DelegatingClassLoader
instanceKlass java/security/SecureClassLoader
ciInstanceKlass java/lang/ClassLoader 1 1 1098 9 7 12 1 1 1 10 7 12 1 1 1 9 12 1 1 10 7 12 1 1 1 7 1 10 12 1 1 10 12 1 1 9 12 1 1 10 12 1 1 100 1 10 12 1 10 12 1 1 10 7 12 1 1 1 100 1 8 1 10 12 1 10 7 12 1 1 1 10 100 12 1 10 7 1 10 7 1 7 1 7 1 10 12 1 10 12 1 9 12 1 1 10 10 7 12 1 1 1 9 12 1 1 9 12 1 9 12 1 1 9 12 1 9 12 1 1 9 12 1 1 7 1 10 12 1 9 12 1 1 10 12 1 1 10 7 12 1 1 1 9 12 1 9 12 1 1 9 12 1 10 12 1 1 9 12 10 12 1 1 7 1 10 8 1 10 12 1 1 10 12 1 10 7 1 7 1 10 12 1 1 10 7 12 1 1 1 8 1 10 12 1 10 12 1 10 12 1 1 10 12 1 1 10 12 1 1 10 12 1 1 10 12 1 1 10 12 1 100 1 10 12 1 10 100 12 1 1 1 10 12 1 1 10 12 1 10 12 1 10 12 1 10 12 1 10 12 1 1 10 10 12 1 10 12 1 10 100 12 1 1 10 12 1 1 10 12 1 1 10 12 1 100 1 10 12 1 100 1 10 12 1 10 100 12 1 1 1 10 10 12 1 1 10 12 1 1 100 1 8 1 10 8 1 10 12 1 10 12 1 100 1 8 1 10 12 1 1 10 12 1 1 10 10 12 1 1 10 12 1 1 10 12 1 1 10 7 1 10 12 1 1 10 12 1 1 10 12 1 1 10 12 1 1 10 12 1 1 10 12 1 1 10 12 1 10 7 12 1 1 1 10 12 1 10 12 1 10 12 1 1 10 12 1 10 12 1 10 12 1 10 12 1 1 10 12 1 10 12 1 1 8 1 9 12 1 10 12 1 1 8 1 8 1 10 7 12 1 1 100 1 10 10 12 10 12 1 10 12 1 10 12 1 10 12 1 1 10 7 12 1 1 10 12 1 10 7 1 7 1 10 12 1 1 10 12 1 10 7 1 10 12 1 100 1 18 12 1 10 100 12 1 1 1 10 100 12 1 1 1 10 7 12 1 1 10 12 1 1 10 12 1 10 12 1 1 100 1 10 12 1 10 12 1 1 10 7 12 1 1 10 12 1 8 1 100 1 10 10 12 1 9 12 1 10 7 12 1 1 10 12 1 100 1 8 1 10 12 1 10 8 1 8 1 10 12 1 1 10 12 1 1 10 12 1 1 10 100 12 1 1 1 100 1 100 1 10 12 1 1 100 1 100 1 10 100 12 1 1 10 12 1 10 12 1 1 10 12 1 10 12 1 1 10 12 1 1 9 100 12 1 1 1 10 12 1 1 10 12 1 10 12 1 10 12 1 1 10 12 1 8 1 10 12 1 7 1 18 12 1 1 10 12 1 1 10 12 1 10 12 1 10 12 1 8 1 10 12 1 10 12 1 18 12 1 11 100 12 1 1 1 100 1 10 12 1 1 10 12 1 10 11 12 1 1 10 18 10 12 1 1 11 100 12 1 18 12 1 11 12 1 1 10 12 10 12 1 1 10 12 1 1 100 1 8 1 10 10 12 1 8 1 8 1 10 100 12 1 1 10 12 1 100 1 10 10 12 1 8 1 8 1 8 1 10 12 1 10 12 1 1 10 12 1 10 100 12 1 1 1 11 100 12 1 1 100 1 10 11 10 12 1 10 12 1 10 12 1 1 9 100 12 1 1 9 12 1 1 9 12 9 12 1 9 12 1 9 12 1 8 10 12 1 1 10 7 12 1 1 1 10 12 1 1 10 12 1 1 10 12 1 10 10 12 1 11 12 1 1 10 100 12 1 1 1 100 1 10 12 1 10 12 1 10 12 1 1 1 1 1 1 1 1 1 1 1 1 1 1 1 1 1 1 1 1 1 1 1 1 1 1 1 1 100 1 1 1 1 1 1 1 1 1 1 1 1 1 1 1 1 1 1 1 1 1 100 1 1 1 1 1 1 1 1 1 1 100 1 1 1 1 1 1 1 1 1 1 1 1 1 1 1 1 1 1 1 1 1 1 1 1 1 1 1 1 1 1 1 1 1 1 1 1 1 1 1 1 1 100 1 1 1 1 1 1 1 1 1 1 1 1 1 1 1 1 1 1 100 1 1 1 1 1 1 1 1 1 1 1 1 1 1 1 1 1 1 1 1 1 1 1 1 1 1 1 1 1 1 1 1 1 1 1 1 1 1 1 1 1 1 1 1 1 1 1 1 1 1 1 100 1 1 1 1 1 1 1 1 1 1 1 1 1 1 1 1 1 1 1 1 1 1 1 1 1 1 1 1 1 1 1 1 1 1 1 1 1 1 1 1 1 1 1 1 1 1 15 10 100 12 1 1 1 16 1 15 10 12 16 1 16 15 10 12 16 1 16 1 15 10 12 16 15 10 12 16 15 10 12 16 1 1 100 1 100 1 1
staticfield java/lang/ClassLoader nocerts [Ljava/security/cert/Certificate; 0 [Ljava/security/cert/Certificate;
staticfield java/lang/ClassLoader $assertionsDisabled Z 1
ciInstanceKlass jdk/internal/reflect/DelegatingClassLoader 1 1 18 10 7 12 1 1 1 100 1 1 1 1 1 1 1 1 1 1
instanceKlass java/net/URLClassLoader
instanceKlass jdk/internal/loader/BuiltinClassLoader
ciInstanceKlass java/security/SecureClassLoader 1 1 102 10 7 12 1 1 1 7 1 10 12 1 9 7 12 1 1 1 10 12 1 10 12 1 10 12 1 1 10 12 1 1 10 12 1 7 1 10 7 1 10 12 1 7 1 10 12 1 11 7 12 1 1 1 7 1 11 12 1 10 12 1 1 1 1 1 1 1 1 1 1 1 1 1 1 1 1 1 1 1 1 1 1 1 1 1 1 1 1 1 1 1 1 1 1 1 1 100 1 1 1 1
instanceKlass jdk/internal/loader/ClassLoaders$BootClassLoader
instanceKlass jdk/internal/loader/ClassLoaders$PlatformClassLoader
instanceKlass jdk/internal/loader/ClassLoaders$AppClassLoader
ciInstanceKlass jdk/internal/loader/BuiltinClassLoader 1 1 737 9 7 12 1 1 1 10 7 12 1 1 1 10 7 12 1 1 1 9 12 1 1 9 12 1 1 7 1 10 12 1 9 12 1 10 12 1 9 12 1 10 7 12 1 1 1 10 7 12 1 1 1 10 7 12 1 1 1 11 7 12 1 1 1 100 1 100 1 10 10 12 1 1 8 1 10 12 1 10 12 7 1 10 12 1 10 12 1 1 11 7 12 1 1 1 11 7 12 1 1 1 11 12 1 1 7 1 8 1 8 1 10 9 12 1 1 10 7 12 1 1 11 12 1 1 10 12 1 1 10 12 1 1 10 12 1 1 10 7 12 1 1 1 10 12 1 10 7 12 1 1 1 10 12 1 1 11 7 12 1 1 1 10 7 12 1 1 7 1 10 7 12 1 1 1 10 12 1 100 1 8 1 10 12 1 1 10 8 1 10 12 1 1 10 12 1 1 10 12 1 1 11 7 12 1 1 11 12 1 7 1 10 11 12 1 1 11 10 12 1 1 7 1 10 12 1 10 7 12 1 10 12 1 7 1 10 12 1 10 7 12 1 1 1 100 1 10 12 1 1 11 12 1 100 1 100 1 10 12 1 10 12 1 1 100 1 100 1 10 12 1 10 12 1 18 12 1 1 10 12 1 10 12 1 1 18 100 1 10 7 12 1 1 1 7 1 10 10 12 1 1 10 12 1 1 10 12 1 1 10 12 1 9 12 1 1 100 1 10 10 12 1 1 10 12 1 1 10 12 1 10 12 10 12 1 1 10 12 1 1 10 12 1 1 10 12 1 10 12 1 1 18 12 1 7 1 10 12 1 1 10 12 1 10 12 1 1 10 12 1 100 1 10 12 1 7 1 10 12 1 10 7 12 1 1 1 10 12 1 11 12 1 7 1 10 12 1 7 1 100 1 10 12 1 10 12 1 11 12 1 1 10 12 1 1 10 12 1 1 10 12 1 1 10 12 1 1 10 12 1 10 12 1 10 12 1 10 12 1 8 1 10 12 1 1 10 7 12 1 1 10 12 1 100 1 8 1 8 1 10 10 12 1 8 1 8 1 10 7 12 1 1 1 11 7 12 1 1 1 9 7 12 1 1 1 10 7 12 1 1 1 9 12 1 9 12 1 9 12 1 9 12 1 9 12 1 9 12 1 10 7 12 1 1 1 8 1 10 12 1 7 1 10 12 1 1 10 12 1 7 1 10 11 12 1 1 10 12 10 12 1 10 12 1 100 1 10 12 1 10 12 1 10 10 12 1 10 7 12 1 1 8 1 10 7 12 1 1 10 12 1 1 1 1 1 1 1 1 1 1 1 1 1 1 1 1 1 1 1 1 1 1 1 1 1 1 1 1 1 1 1 1 1 1 1 1 1 1 1 1 1 1 1 1 1 1 1 1 1 1 1 1 1 1 1 1 100 1 1 1 1 1 1 1 1 1 1 1 1 1 1 1 1 1 1 100 1 100 1 1 1 1 1 1 1 1 1 1 1 1 1 1 1 1 1 1 1 1 1 1 1 1 1 1 1 1 1 1 1 1 1 1 1 1 1 1 1 1 1 1 1 1 1 1 1 1 1 1 1 100 1 1 15 10 100 12 1 1 1 16 15 10 12 16 15 10 12 16 15 10 12 16 1 1 1 100 1 1 1 1 1 100 1 100 1 1
staticfield jdk/internal/loader/BuiltinClassLoader packageToModule Ljava/util/Map; java/util/concurrent/ConcurrentHashMap
staticfield jdk/internal/loader/BuiltinClassLoader $assertionsDisabled Z 1
ciInstanceKlass java/security/AccessController 1 1 295 10 100 12 1 1 1 10 7 12 1 1 1 10 7 12 1 1 1 10 12 1 1 10 12 1 1 10 7 12 1 1 1 10 12 1 1 10 12 1 10 12 1 1 10 12 1 100 1 8 1 10 12 1 10 12 1 10 12 1 1 10 12 1 7 1 7 1 10 12 1 1 10 12 1 10 12 1 10 12 1 1 10 7 12 1 1 1 10 12 1 1 9 100 12 1 1 1 10 100 12 1 1 1 10 12 1 10 12 1 9 100 12 1 1 1 10 12 1 10 12 1 1 9 12 1 1 10 100 1 10 11 7 12 1 1 1 10 7 12 1 1 11 7 1 7 1 10 12 1 10 12 1 10 12 1 8 1 10 12 1 1 8 1 10 100 12 1 1 1 8 1 100 1 10 10 12 1 1 10 12 1 10 7 12 1 1 1 10 12 1 8 1 10 100 12 1 1 8 1 8 1 10 12 1 8 1 10 12 1 10 12 1 1 10 12 1 1 1 1 1 1 1 1 1 1 1 1 1 1 1 1 1 1 1 1 1 1 1 1 1 1 1 1 100 1 1 1 1 1 1 1 1 1 1 1 1 1 1 1 1 1 1 1 1 1 1 1 1 1 1 1 1 1 1 1 1 1 1 100 1 100 1 1 1 1 1 1 1 1 1 3 1 1 1
staticfield java/security/AccessController $assertionsDisabled Z 1
instanceKlass jdk/internal/reflect/GeneratedConstructorAccessor22
instanceKlass jdk/internal/reflect/GeneratedConstructorAccessor21
instanceKlass jdk/internal/reflect/GeneratedConstructorAccessor20
instanceKlass jdk/internal/reflect/GeneratedConstructorAccessor19
instanceKlass jdk/internal/reflect/GeneratedConstructorAccessor18
instanceKlass jdk/internal/reflect/GeneratedConstructorAccessor17
instanceKlass jdk/internal/reflect/GeneratedConstructorAccessor16
instanceKlass jdk/internal/reflect/GeneratedConstructorAccessor15
instanceKlass jdk/internal/reflect/GeneratedConstructorAccessor14
instanceKlass jdk/internal/reflect/GeneratedConstructorAccessor13
instanceKlass jdk/internal/reflect/GeneratedConstructorAccessor12
instanceKlass jdk/internal/reflect/GeneratedConstructorAccessor11
instanceKlass jdk/internal/reflect/GeneratedConstructorAccessor10
instanceKlass jdk/internal/reflect/GeneratedConstructorAccessor9
instanceKlass jdk/internal/reflect/GeneratedConstructorAccessor8
instanceKlass jdk/internal/reflect/GeneratedConstructorAccessor7
instanceKlass jdk/internal/reflect/GeneratedConstructorAccessor6
instanceKlass jdk/internal/reflect/GeneratedConstructorAccessor5
instanceKlass jdk/internal/reflect/GeneratedConstructorAccessor4
instanceKlass jdk/internal/reflect/GeneratedConstructorAccessor3
instanceKlass jdk/internal/reflect/GeneratedConstructorAccessor2
instanceKlass jdk/internal/reflect/BootstrapConstructorAccessorImpl
instanceKlass jdk/internal/reflect/GeneratedConstructorAccessor1
instanceKlass jdk/internal/reflect/DelegatingConstructorAccessorImpl
instanceKlass jdk/internal/reflect/NativeConstructorAccessorImpl
ciInstanceKlass jdk/internal/reflect/ConstructorAccessorImpl 1 1 27 10 7 12 1 1 1 100 1 100 1 1 1 1 1 1 1 1 1 100 1 100 1 100 1 1 1
instanceKlass jdk/internal/reflect/FieldAccessorImpl
instanceKlass jdk/internal/reflect/ConstructorAccessorImpl
instanceKlass jdk/internal/reflect/MethodAccessorImpl
ciInstanceKlass jdk/internal/reflect/MagicAccessorImpl 1 1 16 10 7 12 1 1 1 100 1 1 1 1 1 1 1 1
instanceKlass jdk/internal/reflect/GeneratedMethodAccessor9
instanceKlass jdk/internal/reflect/GeneratedMethodAccessor8
instanceKlass jdk/internal/reflect/GeneratedMethodAccessor7
instanceKlass jdk/internal/reflect/GeneratedMethodAccessor6
instanceKlass jdk/internal/reflect/GeneratedMethodAccessor5
instanceKlass jdk/internal/reflect/GeneratedMethodAccessor4
instanceKlass jdk/internal/reflect/GeneratedMethodAccessor3
instanceKlass jdk/internal/reflect/GeneratedMethodAccessor2
instanceKlass jdk/internal/reflect/GeneratedMethodAccessor1
instanceKlass jdk/internal/reflect/DelegatingMethodAccessorImpl
instanceKlass jdk/internal/reflect/NativeMethodAccessorImpl
ciInstanceKlass jdk/internal/reflect/MethodAccessorImpl 1 1 25 10 7 12 1 1 1 100 1 100 1 1 1 1 1 1 1 1 1 100 1 100 1 1 1
ciInstanceKlass java/lang/Module 1 1 959 10 7 12 1 1 1 9 7 12 1 1 1 10 7 12 1 1 1 9 12 1 9 12 1 1 9 12 1 1 10 12 1 1 10 12 1 10 12 1 1 10 7 12 1 1 1 7 1 10 7 12 1 1 1 10 12 1 1 11 7 12 1 1 1 10 12 1 1 10 7 12 1 1 1 10 12 1 1 10 7 12 1 1 1 9 100 12 1 1 1 10 100 12 1 1 1 10 12 1 8 1 10 7 12 1 1 1 10 7 12 1 1 1 9 12 1 1 9 12 1 1 10 12 1 9 12 1 1 11 12 1 9 7 12 1 1 10 7 12 1 1 1 10 100 12 1 1 1 10 12 1 1 100 1 100 1 10 10 12 1 1 8 1 10 12 1 10 12 10 12 1 10 12 1 1 10 12 1 1 10 12 1 1 9 7 12 1 1 1 10 12 1 1 10 12 1 1 9 12 1 10 12 1 10 12 1 9 12 1 1 11 7 12 1 1 10 12 1 1 9 12 1 9 12 1 10 12 1 10 12 1 100 1 8 1 10 10 12 1 1 10 12 1 8 1 10 12 1 1 8 1 8 1 10 12 1 1 10 12 1 10 12 1 1 18 12 1 1 10 12 1 1 11 12 1 9 12 1 11 12 10 100 12 1 1 100 1 8 1 10 7 1 11 12 1 1 10 12 1 10 12 1 10 12 1 1 11 12 1 1 11 7 12 1 1 11 12 1 1 9 12 1 11 12 1 10 12 1 1 10 12 1 1 9 12 1 10 12 10 7 12 1 1 10 7 12 1 1 10 7 1 18 12 1 1 11 100 12 1 1 1 18 12 1 11 12 1 1 10 100 12 1 1 1 11 12 1 1 10 7 12 1 1 4 7 1 11 12 1 7 1 7 1 10 10 7 12 1 1 1 10 11 7 12 1 8 1 10 10 12 1 1 10 7 12 1 1 10 12 1 10 12 1 7 1 10 12 1 10 11 12 1 1 10 12 10 12 1 1 9 12 1 100 1 10 10 12 1 1 11 100 1 10 12 1 1 11 12 1 10 10 12 1 11 10 12 1 1 10 12 1 1 10 12 1 1 10 7 12 1 1 10 12 1 10 12 1 1 10 10 12 1 1 10 12 1 18 12 1 11 12 1 18 12 1 10 12 1 10 12 1 10 12 7 1 10 12 1 10 12 1 10 12 1 9 12 1 7 1 10 10 10 10 12 1 10 12 1 10 12 1 10 12 1 1 10 12 1 1 10 12 1 9 12 1 18 12 1 1 10 100 12 1 1 1 100 1 8 1 10 12 1 1 10 12 1 1 10 100 12 1 1 100 1 10 12 1 1 100 1 8 1 100 1 10 100 1 100 1 3 10 12 1 100 1 10 12 1 10 12 1 1 10 12 1 1 100 1 10 12 1 10 12 1 1 100 1 100 1 10 12 8 1 10 12 1 1 10 12 1 1 10 100 12 1 1 10 12 1 1 10 12 1 10 12 10 12 1 1 7 1 10 10 12 1 1 10 100 12 1 1 1 100 1 8 1 10 12 1 1 10 100 12 1 1 8 1 10 12 1 8 1 10 12 1 10 12 10 12 1 8 1 10 10 100 12 1 1 7 1 10 10 12 1 10 7 12 1 1 9 12 1 9 12 1 9 12 1 9 12 1 10 12 11 12 1 10 12 1 100 1 1 1 1 1 1 1 1 1 1 1 1 1 1 1 1 100 1 1 1 1 1 1 1 1 1 1 1 1 1 1 1 1 1 1 1 1 1 1 1 1 1 1 1 1 1 1 1 1 1 1 1 1 1 1 1 1 1 1 1 1 1 1 1 1 1 1 1 1 1 1 1 1 1 1 1 1 1 1 1 1 1 1 1 1 1 1 1 1 1 1 1 1 1 1 1 1 1 1 1 100 100 1 1 1 1 1 1 1 1 1 1 1 1 1 1 1 1 1 1 1 1 1 1 1 1 1 1 1 1 1 1 1 1 1 1 100 1 100 1 100 1 1 1 1 1 1 1 1 1 1 1 1 1 1 1 1 1 1 1 1 1 1 1 1 1 1 1 1 15 10 7 12 1 1 1 16 15 10 12 16 16 15 10 12 16 16 15 10 16 1 15 10 12 16 1 15 10 12 16 1 16 15 10 12 16 1 1 1 1 1 1 1 100 1 100 1 1
staticfield java/lang/Module ALL_UNNAMED_MODULE Ljava/lang/Module; java/lang/Module
staticfield java/lang/Module ALL_UNNAMED_MODULE_SET Ljava/util/Set; java/util/ImmutableCollections$Set12
staticfield java/lang/Module EVERYONE_MODULE Ljava/lang/Module; java/lang/Module
staticfield java/lang/Module EVERYONE_SET Ljava/util/Set; java/util/ImmutableCollections$Set12
staticfield java/lang/Module $assertionsDisabled Z 1
instanceKlass com/intellij/util/containers/NotNullList
instanceKlass com/intellij/util/containers/Stack
instanceKlass org/jetbrains/kotlin/config/MavenComparableVersion$ListItem
ciInstanceKlass java/util/ArrayList 1 1 492 10 7 12 1 1 1 7 1 9 7 12 1 1 1 9 12 1 100 1 100 1 10 8 1 10 12 1 1 10 12 1 10 12 1 1 10 12 1 9 12 1 11 7 12 1 1 1 9 12 1 1 10 12 1 1 7 10 7 12 1 1 1 9 12 1 10 12 1 10 12 1 1 10 7 12 1 1 1 10 7 12 1 1 1 10 12 1 1 10 12 1 1 10 12 1 1 10 12 1 10 12 1 1 100 1 100 1 10 12 1 10 7 12 1 1 1 10 7 12 1 1 10 12 1 10 12 10 12 1 1 10 12 1 1 10 12 1 1 100 1 10 12 1 1 10 12 1 1 10 12 1 100 1 10 11 12 1 1 11 100 12 1 1 1 11 12 1 10 12 1 10 12 1 10 12 1 1 100 1 10 12 1 1 10 10 12 1 1 10 12 1 8 1 8 1 8 1 8 1 10 12 1 1 10 12 1 1 11 12 1 100 1 10 100 12 1 1 10 12 1 10 12 1 1 10 100 12 1 1 10 12 1 10 100 12 1 1 1 11 100 12 1 1 1 10 12 1 100 1 8 1 10 7 1 10 12 1 7 1 10 12 1 10 12 1 1 7 1 10 12 1 10 12 1 1 11 100 12 1 1 7 1 10 12 1 10 12 1 1 11 7 12 1 1 10 12 1 1 10 12 1 1 10 12 1 1 10 12 1 1 11 100 12 1 1 10 12 1 1 100 1 100 1 100 1 1 1 1 5 0 1 3 1 1 1 1 1 1 1 1 1 1 1 1 1 1 1 1 1 1 1 1 1 1 1 1 1 1 1 1 1 1 1 1 1 1 1 1 1 1 1 1 1 1 1 1 1 1 1 1 1 1 1 1 1 1 1 1 1 1 1 1 1 1 1 1 1 1 1 1 1 1 1 1 1 1 1 1 1 1 1 1 1 1 1 1 1 1 1 1 1 1 1 1 1 1 1 1 100 1 1 1 1 100 1 1 1 1 1 1 1 1 1 1 1 1 1 1 1 1 1 1 1 1 1 1 1 1 1 1 1 1 1 100 1 1 1 1 1 1 1 1 1 1 1 1 1 1 1 1 1 1 100 1 100 1 1 1 1 1 1
staticfield java/util/ArrayList EMPTY_ELEMENTDATA [Ljava/lang/Object; 0 [Ljava/lang/Object;
staticfield java/util/ArrayList DEFAULTCAPACITY_EMPTY_ELEMENTDATA [Ljava/lang/Object; 0 [Ljava/lang/Object;
instanceKlass org/h2/value/CaseInsensitiveConcurrentMap
ciInstanceKlass java/util/concurrent/ConcurrentHashMap 1 1 1210 7 1 7 1 3 10 12 1 1 3 100 1 10 7 12 1 1 1 100 1 10 100 12 1 1 1 100 1 11 12 1 1 11 12 1 11 12 1 1 9 12 1 1 9 12 1 1 9 12 1 10 7 12 1 1 1 7 1 10 12 1 1 10 12 1 1 10 7 12 1 1 1 4 10 12 1 9 12 1 10 12 1 1 100 1 10 5 0 10 12 1 10 12 1 1 5 0 10 12 1 1 10 12 1 9 12 1 1 10 12 1 1 9 12 1 9 12 1 1 10 12 1 1 9 12 1 10 12 1 1 9 12 1 1 10 12 1 1 100 1 10 100 1 10 12 1 10 12 1 1 10 12 1 1 10 12 1 1 10 12 1 10 12 1 1 10 12 1 1 100 1 10 12 1 1 7 1 100 1 8 1 10 12 1 10 12 1 1 10 12 1 1 11 7 12 1 1 10 12 1 1 11 12 1 1 11 7 12 1 1 1 11 7 12 1 1 1 11 12 1 7 1 11 12 1 11 12 1 10 12 1 1 10 12 1 1 9 12 1 1 10 100 12 1 1 1 9 10 12 1 1 9 12 1 10 12 1 1 5 0 9 12 1 1 7 1 10 12 1 9 12 1 1 7 1 10 12 1 9 12 1 7 1 10 100 1 10 10 12 1 1 8 1 10 12 1 10 12 1 1 11 100 1 10 12 1 10 100 12 1 1 1 8 1 10 100 12 1 1 1 8 1 10 12 1 8 1 10 12 1 10 12 1 1 10 100 12 1 1 10 12 1 10 12 1 10 12 1 9 12 1 9 10 12 1 9 12 1 1 11 100 12 1 1 1 11 100 12 1 1 1 100 1 10 12 11 100 12 1 1 10 11 7 12 1 10 12 1 100 1 10 12 1 100 1 10 10 9 7 12 1 1 1 10 12 3 10 100 12 1 1 9 12 1 10 12 1 1 9 12 1 1 9 12 1 10 12 1 1 10 100 12 1 1 9 12 1 9 7 12 1 1 10 12 1 1 10 12 1 3 9 12 1 9 12 1 10 12 1 1 7 1 9 3 9 12 1 100 1 10 12 1 9 12 1 10 12 1 9 12 1 10 12 1 9 12 1 10 100 12 1 1 1 100 10 12 1 100 1 5 0 10 100 12 1 1 100 1 10 12 1 1 10 12 1 10 12 1 100 1 10 12 1 10 100 1 100 1 10 10 12 1 10 100 1 10 12 1 10 100 1 10 12 1 10 100 1 10 12 1 1 100 1 10 12 1 10 10 12 1 100 1 10 12 1 10 10 12 1 100 1 10 12 1 10 100 1 10 12 1 10 100 1 10 12 1 10 100 1 10 12 1 10 100 1 10 12 1 10 100 1 10 12 1 10 100 1 10 12 1 10 100 1 10 12 1 10 100 1 10 10 100 1 10 10 100 1 10 10 100 1 10 12 1 10 100 1 10 12 1 10 100 1 10 12 1 10 100 1 10 12 1 10 100 1 10 12 1 10 100 1 10 10 100 1 10 10 100 1 10 10 100 1 10 12 1 10 100 1 10 12 1 10 100 1 10 12 1 10 100 1 10 12 1 10 100 1 10 12 1 10 10 12 1 10 7 12 1 1 1 10 12 1 7 1 7 1 10 12 1 9 12 1 1 9 12 1 1 10 12 1 1 8 10 12 1 1 8 8 8 8 7 10 12 1 1 10 12 1 100 1 8 1 10 7 1 100 1 100 1 1 1 5 0 1 1 3 1 3 1 1 1 1 3 1 3 1 3 1 1 1 1 1 3 1 3 1 3 1 1 1 1 1 1 1 1 1 1 1 1 1 1 1 1 1 1 1 1 1 1 1 1 1 100 1 1 1 1 1 1 1 1 1 1 1 1 1 1 1 1 1 1 1 1 1 1 1 1 1 1 1 1 1 1 1 1 1 1 1 1 1 1 1 1 1 1 1 1 1 1 1 1 1 1 1 1 1 1 1 1 1 1 1 1 1 1 1 1 1 1 1 1 1 1 1 1 1 1 1 1 1 1 1 1 1 1 1 1 100 1 1 1 1 1 1 1 1 1 1 1 100 1 1 1 1 1 1 1 1 1 1 1 1 1 1 1 1 1 1 1 1 1 1 1 1 1 1 1 1 1 1 1 1 1 1 1 1 1 1 1 1 1 1 1 1 1 1 1 1 1 1 1 1 1 1 1 1 1 1 1 1 1 1 1 1 1 1 1 1 1 1 1 1 1 1 1 1 1 1 1 1 1 1 1 1 1 1 1 1 1 1 1 1 1 1 1 1 1 1 1 1 1 1 1 1 1 1 1 1 1 1 1 1 1 1 1 1 1 1 1 1 1 1 1 1 1 1 1 1 1 1 1 1 1 1 1 1 1 1 1 1 1 1 1 1 1 1 1 1 1 1 1 1 1 1 1 1 1 1 1 1 1 1 1 1 1 1 1 1 1 1 1 1 1 1 1 1 1 1 1 1 1 1 1 1 1 1 1 1 1 1 1 1 1 1 1 1 1 1 1 1 1 1 1 1 1 1 1 1 1 1 1 1 1 1 1 1 1 1 1 1 1 1 1 100 1 100 1 100 1 100 1 100 1 100 1 100 1 100 1 100 1 1 1 1 1 1 1 1 1 1 1 1 1 1 1 1 1 1 1 1 1 1 1 1 1 1 1 1 1 1 1 1 1 1 1 1 1 1 1 1 1 1 1 1 1 1 1 1 1 1 1 1 1 1 1 1 1 1
staticfield java/util/concurrent/ConcurrentHashMap NCPU I 4
staticfield java/util/concurrent/ConcurrentHashMap serialPersistentFields [Ljava/io/ObjectStreamField; 3 [Ljava/io/ObjectStreamField;
staticfield java/util/concurrent/ConcurrentHashMap U Ljdk/internal/misc/Unsafe; jdk/internal/misc/Unsafe
staticfield java/util/concurrent/ConcurrentHashMap SIZECTL J 20
staticfield java/util/concurrent/ConcurrentHashMap TRANSFERINDEX J 32
staticfield java/util/concurrent/ConcurrentHashMap BASECOUNT J 24
staticfield java/util/concurrent/ConcurrentHashMap CELLSBUSY J 36
staticfield java/util/concurrent/ConcurrentHashMap CELLVALUE J 144
staticfield java/util/concurrent/ConcurrentHashMap ABASE I 16
staticfield java/util/concurrent/ConcurrentHashMap ASHIFT I 2
ciInstanceKlass java/lang/String 1 1 1396 10 7 12 1 1 1 8 1 9 7 12 1 1 1 9 12 1 1 9 12 1 1 10 12 1 10 12 1 1 10 12 1 1 9 12 1 1 10 7 12 1 1 1 10 7 1 10 7 12 1 1 1 10 12 1 1 10 12 1 1 10 12 1 10 12 1 1 10 12 1 10 7 12 1 1 1 9 7 12 1 1 1 10 7 12 1 1 1 10 12 1 1 10 12 1 1 10 12 1 1 10 12 1 1 10 12 1 1 9 7 12 1 1 10 12 9 7 12 1 1 3 10 7 12 1 1 1 7 1 11 12 1 1 11 12 1 11 12 1 1 10 100 12 1 1 1 10 12 1 1 9 100 12 1 1 1 10 12 1 1 10 12 1 11 12 1 1 10 12 1 1 10 12 10 12 1 1 10 100 12 1 1 1 10 7 12 1 1 1 10 12 1 1 100 1 100 1 10 12 1 10 12 1 10 12 1 1 100 1 10 12 1 1 100 1 10 12 1 1 10 12 1 1 10 10 12 1 100 1 100 1 100 1 10 12 1 10 12 1 1 10 12 1 1 10 12 1 10 12 1 1 10 12 1 1 10 7 12 1 1 7 1 11 11 12 1 11 12 1 10 12 1 1 10 12 1 10 12 10 12 1 1 10 10 100 12 1 1 1 10 100 12 1 1 10 12 1 1 10 100 12 1 1 10 12 1 10 12 1 1 10 12 1 1 10 12 1 10 12 1 10 12 1 1 100 1 10 12 1 1 10 12 10 12 1 10 12 1 1 10 100 12 1 1 1 10 12 1 10 12 1 1 10 12 1 10 12 1 3 3 10 12 1 10 12 1 1 10 12 1 1 10 12 1 1 10 12 1 10 12 1 1 10 12 1 1 10 12 1 10 12 1 10 12 1 10 12 1 1 10 12 1 10 12 1 10 12 1 10 12 1 10 12 1 10 12 1 10 100 1 10 8 1 10 12 1 1 10 12 1 8 1 10 12 1 1 10 12 10 12 1 8 1 10 10 12 1 1 10 12 1 1 10 12 1 10 12 1 1 10 12 10 100 1 10 10 12 1 10 12 1 10 12 1 10 10 12 1 10 12 1 1 10 12 1 100 1 10 10 12 1 100 1 10 10 12 1 10 12 1 1 10 12 1 10 12 1 1 10 10 12 1 1 10 100 1 10 10 12 1 10 12 1 1 10 12 1 1 10 100 1 10 12 1 10 12 1 10 12 1 10 12 1 1 10 12 1 11 7 1 11 12 10 12 1 10 12 1 1 10 12 1 1 10 10 12 1 10 12 1 9 12 1 1 11 7 12 1 1 1 10 10 12 1 10 12 1 1 10 10 12 1 10 12 1 10 12 1 1 9 12 1 10 12 1 1 10 10 12 1 1 10 12 10 10 12 1 10 12 10 10 12 10 10 12 1 10 12 1 10 12 10 10 12 10 12 1 10 12 10 12 10 10 12 1 10 12 1 1 10 12 1 10 10 12 1 10 7 12 1 1 1 10 12 1 1 10 10 7 12 1 1 1 11 10 12 1 10 12 1 1 10 12 1 1 10 7 12 1 1 1 10 12 1 10 10 12 1 10 12 1 10 12 1 10 100 12 1 1 10 12 1 100 1 100 1 8 1 10 10 10 12 1 8 1 10 12 1 3 3 7 1 10 10 12 1 10 12 1 10 12 1 1 10 12 1 1 11 7 12 1 1 1 7 1 10 12 1 1 10 12 1 10 12 1 1 10 12 1 1 8 1 10 12 1 1 10 12 1 11 100 12 1 1 1 11 100 12 1 1 11 12 1 1 10 12 1 10 12 1 1 10 10 7 12 1 1 1 10 12 1 10 12 1 10 10 12 10 12 1 1 10 10 12 1 10 10 12 1 10 10 12 1 10 10 12 1 10 12 1 1 10 10 12 1 8 1 10 12 1 1 18 12 1 1 11 100 12 1 1 1 7 1 3 18 12 1 18 12 1 8 1 10 100 12 1 1 1 11 12 1 1 10 12 10 10 12 1 10 11 12 1 1 10 12 1 1 11 12 1 18 3 11 10 12 1 11 11 10 12 1 10 12 1 1 8 1 10 12 1 10 12 1 10 12 1 1 10 10 12 1 11 100 12 1 100 1 100 1 10 12 1 100 1 10 10 100 12 1 1 1 100 1 10 7 1 10 10 12 1 10 10 12 1 8 1 10 10 12 1 8 1 8 1 10 12 1 10 12 1 10 10 12 10 100 12 1 1 10 100 12 1 1 10 100 12 1 1 8 1 10 12 1 10 12 1 1 10 10 12 8 1 8 1 10 8 1 8 1 8 1 8 1 10 12 1 10 12 1 8 1 10 100 12 1 1 1 10 12 10 12 1 1 10 12 10 10 12 10 12 7 1 9 12 1 1 7 1 10 100 1 100 1 100 1 100 1 1 1 1 1 1 5 0 1 1 1 1 1 3 1 3 1 1 1 1 1 1 1 1 1 1 1 1 1 1 1 100 1 1 1 100 1 1 1 1 1 1 1 1 1 1 1 1 1 1 1 1 1 1 1 1 1 1 1 1 1 1 1 100 1 1 1 1 1 1 1 1 1 100 1 1 1 1 1 1 1 1 1 1 1 1 1 1 1 1 1 1 1 1 1 1 1 1 1 1 1 1 1 1 1 1 1 1 1 1 1 1 1 1 1 1 1 1 1 1 1 1 1 1 1 1 1 1 1 1 1 1 1 1 1 1 1 1 1 1 1 1 1 1 1 1 1 1 1 1 1 1 1 1 1 1 1 1 1 1 1 1 1 1 1 1 1 1 1 1 1 1 1 1 1 1 1 1 1 1 1 1 1 1 1 1 1 1 1 1 1 1 1 1 1 1 1 1 1 1 1 1 1 1 1 1 1 1 1 1 1 1 1 1 1 1 1 1 1 1 1 1 1 1 1 1 1 1 1 1 1 1 1 1 1 1 1 1 1 1 1 1 1 100 1 1 1 1 1 1 1 1 1 1 1 1 1 1 1 1 1 1 1 1 1 1 1 1 100 1 1 1 1 1 1 1 1 1 1 1 1 1 100 1 1 1 1 1 1 1 1 1 1 1 1 1 1 1 15 10 100 12 1 1 1 16 15 10 12 16 15 10 12 15 10 12 15 10 12 1 1 1 1 100 1 100 1 1 1
staticfield java/lang/String COMPACT_STRINGS Z 1
staticfield java/lang/String serialPersistentFields [Ljava/io/ObjectStreamField; 0 [Ljava/io/ObjectStreamField;
staticfield java/lang/String CASE_INSENSITIVE_ORDER Ljava/util/Comparator; java/lang/String$CaseInsensitiveComparator
ciInstanceKlass java/security/ProtectionDomain 1 1 324 10 7 12 1 1 1 9 7 12 1 1 1 7 1 10 9 12 1 1 9 12 1 1 9 12 1 1 10 7 12 1 1 7 1 9 12 1 9 12 1 1 7 1 9 12 1 1 9 12 1 10 100 12 1 1 10 100 12 1 1 1 10 12 1 1 10 12 1 9 12 1 9 100 12 1 1 10 12 1 1 10 100 1 10 12 1 1 8 1 100 1 8 1 10 12 1 10 10 100 12 1 1 1 10 12 1 1 8 1 11 8 1 10 12 1 8 1 8 1 10 12 1 1 10 12 1 10 12 1 1 10 12 1 8 1 10 12 1 8 1 8 1 10 100 12 1 1 1 9 100 12 1 1 1 10 12 1 1 9 100 12 1 1 1 10 100 12 1 1 1 100 1 100 1 10 12 1 10 100 12 1 1 1 10 100 1 10 12 1 10 12 1 1 11 100 12 1 1 11 12 1 100 1 11 100 12 1 1 1 10 12 1 10 11 12 1 1 11 12 1 1 10 12 1 10 7 12 1 1 10 100 12 1 1 11 12 1 10 12 8 1 8 1 10 7 12 1 1 1 7 1 10 10 7 12 1 1 1 1 1 1 1 1 1 1 100 1 1 100 1 1 1 1 1 1 1 1 1 1 1 1 1 1 1 1 1 1 1 1 1 1 1 1 1 1 1 1 1 1 1 1 1 1 1 1 1 1 1 1 1 1 100 1 1 1 1 1 100 1 1 1 1 1
staticfield java/security/ProtectionDomain filePermCompatInPD Z 0
ciInstanceKlass java/security/CodeSource 1 1 395 10 7 12 1 1 1 9 7 12 1 1 1 9 12 1 1 9 12 1 1 9 12 1 1 10 7 12 1 1 1 9 12 1 1 10 7 12 1 1 10 7 10 100 12 1 1 1 10 100 12 1 1 1 10 12 1 1 7 1 10 10 7 12 1 1 1 10 7 12 1 1 1 10 12 1 1 10 12 1 7 1 10 12 1 1 10 12 1 1 10 12 1 1 10 12 1 10 10 10 12 1 1 10 100 12 1 1 1 10 12 1 10 12 1 10 12 1 8 1 10 12 1 10 12 1 10 12 1 1 10 12 1 8 1 10 12 1 1 10 100 1 10 10 12 1 1 8 1 10 12 1 10 12 1 10 12 1 8 1 8 1 9 12 1 1 100 1 8 1 10 12 1 10 12 1 1 8 1 10 12 1 8 1 8 1 8 1 10 100 12 1 1 10 12 1 1 10 12 1 10 12 1 1 10 12 1 1 10 12 1 1 100 1 100 1 10 12 1 10 12 10 12 1 1 10 100 12 1 1 10 12 1 100 1 10 12 10 8 1 10 12 1 10 12 1 10 12 1 1 100 1 10 12 1 1 100 1 100 1 8 1 8 1 10 10 12 1 1 10 100 12 1 1 1 100 1 10 12 10 12 1 1 11 100 12 1 1 10 10 12 1 11 10 12 1 8 1 100 1 10 12 1 10 12 1 1 10 12 1 11 12 1 1 11 100 1 1 1 1 5 0 1 1 1 1 1 1 1 1 1 1 1 1 1 1 1 1 1 1 1 1 1 1 1 1 1 1 1 1 1 1 1 1 1 1 1 1 1 1 1 1 1 1 1 1 1 1 1 1 1 1 1 1 1 1 1 1 1 1 1 1 1 1 1 1 1 100 1 1 1 1 1 1 1
ciInstanceKlass java/lang/StringBuilder 1 1 409 10 7 12 1 1 1 10 12 1 10 12 1 10 12 1 1 10 7 12 1 1 1 10 7 12 1 1 1 10 12 1 10 12 1 10 12 1 10 12 1 10 12 1 10 12 1 10 12 1 10 12 1 10 12 1 10 12 1 10 12 1 10 12 1 10 12 1 10 12 1 1 10 12 1 10 12 1 1 10 12 1 1 10 12 1 10 12 1 10 12 1 10 12 1 10 12 1 10 12 1 10 12 1 10 12 10 12 1 10 12 1 10 12 1 10 12 1 1 10 12 1 10 12 1 10 12 10 12 1 1 10 12 1 1 9 12 1 1 9 12 1 1 10 7 12 1 1 1 10 7 1 10 100 12 1 1 1 10 12 1 10 12 1 1 10 12 1 1 10 10 12 1 1 10 100 12 1 1 10 12 1 10 12 1 1 100 1 100 1 8 1 10 10 12 1 1 10 12 1 1 10 12 1 10 12 1 10 12 1 10 12 1 10 12 1 10 12 1 10 12 1 10 12 1 10 12 1 10 12 1 10 12 1 10 12 1 10 12 1 10 12 1 10 12 1 1 10 12 1 1 10 12 1 10 12 1 10 12 1 10 12 10 12 10 12 1 10 12 1 10 12 1 10 12 10 12 1 10 12 1 10 12 1 10 12 1 10 12 1 10 12 1 10 12 1 10 12 1 10 12 1 1 10 12 1 10 12 1 1 10 12 1 10 12 1 1 10 12 1 10 12 1 1 10 12 1 10 12 1 10 12 1 10 10 12 1 10 12 1 100 1 100 1 100 1 1 1 1 5 0 1 1 1 1 1 1 1 1 1 1 1 1 1 1 1 1 1 1 1 1 1 1 1 1 1 1 1 1 1 1 1 1 1 1 1 1 1 1 1 1 1 1 1 100 1 1 1 100 1 1 1 1 1 1 1 1 1 1
ciInstanceKlass jdk/internal/loader/ClassLoaders 1 1 183 10 100 12 1 1 1 10 7 12 1 1 1 10 12 1 1 10 100 12 1 1 1 9 7 12 1 1 1 9 12 1 1 9 12 1 1 7 1 11 100 12 1 1 1 100 1 11 12 1 1 11 12 1 1 10 100 12 1 1 1 10 100 12 1 1 1 100 1 100 1 10 7 12 1 1 1 9 12 1 1 10 12 1 1 7 1 10 12 1 1 10 12 1 7 1 8 1 10 7 12 1 1 1 10 12 1 1 7 1 10 12 1 10 12 1 10 12 1 8 1 10 7 12 1 1 8 1 8 1 10 12 1 7 1 10 12 1 10 12 1 10 12 1 1 1 1 1 1 1 1 1 1 1 1 1 1 1 1 1 1 1 1 100 1 1 1 1 1 1 1 1 1 1 1 1 1 1 1 1 1 1 1
staticfield jdk/internal/loader/ClassLoaders JLA Ljdk/internal/access/JavaLangAccess; java/lang/System$2
staticfield jdk/internal/loader/ClassLoaders BOOT_LOADER Ljdk/internal/loader/ClassLoaders$BootClassLoader; jdk/internal/loader/ClassLoaders$BootClassLoader
staticfield jdk/internal/loader/ClassLoaders PLATFORM_LOADER Ljdk/internal/loader/ClassLoaders$PlatformClassLoader; jdk/internal/loader/ClassLoaders$PlatformClassLoader
staticfield jdk/internal/loader/ClassLoaders APP_LOADER Ljdk/internal/loader/ClassLoaders$AppClassLoader; jdk/internal/loader/ClassLoaders$AppClassLoader
ciInstanceKlass jdk/internal/misc/Unsafe 1 1 1285 10 7 12 1 1 1 9 7 12 1 1 1 9 12 1 1 10 12 1 1 10 7 12 1 1 1 10 12 1 1 10 12 1 1 10 12 1 1 10 12 1 1 10 12 1 1 10 12 1 1 10 12 1 1 10 12 1 1 10 12 1 1 10 12 1 1 10 12 1 1 10 12 1 1 10 12 1 1 10 12 1 10 12 1 100 1 10 10 12 1 1 10 12 1 1 5 0 10 12 1 1 10 12 1 1 10 7 12 1 1 1 10 12 1 1 10 12 1 10 12 1 10 12 1 1 10 12 1 1 10 12 1 10 12 1 100 1 100 1 10 8 1 10 12 1 1 10 12 1 8 1 10 12 1 1 10 12 1 10 12 1 10 12 1 1 10 12 1 10 12 1 1 10 12 1 1 10 12 1 10 12 1 10 12 1 10 12 1 1 10 12 1 10 12 1 10 12 1 1 10 12 1 5 0 5 0 5 0 10 12 1 10 12 1 10 12 1 10 12 1 10 12 1 10 12 1 10 12 1 10 12 1 10 12 1 1 10 12 1 10 12 1 100 1 8 1 10 100 1 10 10 12 1 1 10 12 1 1 10 12 1 10 12 1 1 10 12 1 1 10 12 1 10 12 1 1 10 12 1 9 7 12 1 1 9 12 1 100 1 10 10 12 1 1 8 1 10 8 1 8 1 10 12 1 1 9 7 12 1 1 1 9 100 1 9 7 1 9 7 1 9 9 100 1 9 7 1 9 100 1 10 12 1 1 10 12 1 1 10 12 1 1 10 12 1 1 5 0 5 0 9 12 1 1 10 12 1 10 12 1 10 12 1 1 10 12 1 1 10 12 1 8 1 3 10 12 1 1 10 12 1 1 10 12 1 10 12 1 1 10 12 1 1 10 12 1 10 12 1 10 12 1 10 12 1 10 12 1 10 12 1 1 10 12 1 1 10 12 1 10 12 1 10 12 1 10 12 1 10 12 1 10 12 1 1 10 12 1 1 10 12 1 10 12 1 10 12 1 10 12 1 10 12 1 10 12 1 1 10 12 1 1 10 12 1 1 10 12 1 1 10 12 1 10 12 1 10 12 1 10 12 1 10 12 1 10 12 1 10 12 1 1 10 12 1 1 10 12 1 10 12 1 10 12 1 10 12 1 10 12 1 10 12 1 10 12 1 1 10 12 1 1 10 12 1 10 12 1 10 12 1 10 12 1 10 12 1 10 12 1 10 12 1 10 12 1 1 10 12 1 10 12 1 10 12 1 10 12 1 10 12 1 1 10 12 1 10 12 1 10 12 1 10 12 1 10 12 1 10 12 1 10 12 1 10 12 1 1 10 12 1 10 12 1 10 12 1 10 12 1 10 12 1 10 12 1 1 10 12 1 10 12 1 10 12 1 1 10 12 1 10 12 1 10 12 1 10 12 1 10 12 1 10 12 1 10 12 1 10 12 1 10 12 1 10 12 1 10 12 1 10 12 1 10 12 1 10 12 1 10 12 1 10 12 1 10 12 1 10 12 1 10 12 1 10 12 1 10 12 1 10 12 1 100 1 10 100 1 10 9 12 1 5 0 10 12 1 1 5 0 10 12 1 5 0 10 12 1 10 12 1 10 12 1 1 10 12 1 1 10 12 1 10 12 1 10 12 1 10 12 1 1 10 12 1 10 12 1 10 12 1 10 12 1 10 12 1 1 10 12 1 10 12 1 10 12 1 10 12 1 1 10 12 1 10 12 1 10 12 1 1 10 12 1 10 12 1 10 12 1 10 12 1 1 10 12 1 10 10 12 1 1 10 12 1 10 12 1 1 10 12 1 10 12 5 0 5 0 5 0 10 12 1 1 10 12 1 10 12 1 10 12 10 100 12 1 1 8 1 100 1 11 12 1 1 8 1 11 12 1 1 10 100 12 1 1 10 12 1 10 12 1 10 12 1 10 12 1 10 12 1 1 10 12 1 10 12 1 10 12 1 10 12 1 10 12 1 10 12 1 10 7 1 10 12 1 9 12 1 7 1 9 12 1 7 1 9 12 1 7 1 9 12 1 7 1 9 12 1 7 1 9 12 1 7 1 9 12 1 7 1 9 12 1 7 1 9 12 1 10 12 1 9 12 1 9 12 1 9 12 1 9 12 1 9 12 1 9 12 1 9 12 1 9 12 1 9 12 1 9 12 1 1 1 3 1 1 1 1 1 1 1 1 1 1 1 1 1 1 1 1 1 1 1 1 1 1 1 1 1 1 1 1 1 1 1 1 1 1 1 1 1 1 1 1 1 1 1 1 1 1 1 1 1 1 1 1 1 1 1 1 1 1 1 1 1 1 1 1 1 1 1 1 1 1 1 1 1 1 1 1 1 1 1 1 1 1 1 1 1 1 1 1 1 100 1 1 1 1 1 1 1 1 1 1 1 1 1 1 1 1 1 1 1 1 1 1 1 1 1 1 1 1 1 1 1 1 1 1 1 1 1 1 1 1 1 1 1 1 1 1 1 1 1 1 1 1 1 1 1 1 1 1 1 1 1 1 1 1 1 1 1 1 1 1 1 1 1 1 1 1 1 1 1 1 1 1 1 1 1 1 1 1 1 1 1 1 1 1 1 1 1 1 1 1 1 1 1 1 1 1 1 1 1 1 1 1 1 1 1 1 1 1 1 1 1 1 1 1 1 1 1 1 1 1 1 1 1 1 1 1 1 1 1 1 1 1 1 1 1 1 1 1 1 1 1 1 1 1 1 1 1 1 1 1 1 1 1 1 1 1 1 1 1 1 1 1 1 1 1 1 1 1 1 1 1 1 1 1 1 1 1 1 1 1 1 1 1 1 1 1 1 1 1 1 1 1 1 1 1 1 1 3 1 1 1 1 1 1 1 1 1 1 1 1 1 1 1 1 1 1 1 1 1
staticfield jdk/internal/misc/Unsafe theUnsafe Ljdk/internal/misc/Unsafe; jdk/internal/misc/Unsafe
staticfield jdk/internal/misc/Unsafe ARRAY_BOOLEAN_BASE_OFFSET I 16
staticfield jdk/internal/misc/Unsafe ARRAY_BYTE_BASE_OFFSET I 16
staticfield jdk/internal/misc/Unsafe ARRAY_SHORT_BASE_OFFSET I 16
staticfield jdk/internal/misc/Unsafe ARRAY_CHAR_BASE_OFFSET I 16
staticfield jdk/internal/misc/Unsafe ARRAY_INT_BASE_OFFSET I 16
staticfield jdk/internal/misc/Unsafe ARRAY_LONG_BASE_OFFSET I 16
staticfield jdk/internal/misc/Unsafe ARRAY_FLOAT_BASE_OFFSET I 16
staticfield jdk/internal/misc/Unsafe ARRAY_DOUBLE_BASE_OFFSET I 16
staticfield jdk/internal/misc/Unsafe ARRAY_OBJECT_BASE_OFFSET I 16
staticfield jdk/internal/misc/Unsafe ARRAY_BOOLEAN_INDEX_SCALE I 1
staticfield jdk/internal/misc/Unsafe ARRAY_BYTE_INDEX_SCALE I 1
staticfield jdk/internal/misc/Unsafe ARRAY_SHORT_INDEX_SCALE I 2
staticfield jdk/internal/misc/Unsafe ARRAY_CHAR_INDEX_SCALE I 2
staticfield jdk/internal/misc/Unsafe ARRAY_INT_INDEX_SCALE I 4
staticfield jdk/internal/misc/Unsafe ARRAY_LONG_INDEX_SCALE I 8
staticfield jdk/internal/misc/Unsafe ARRAY_FLOAT_INDEX_SCALE I 4
staticfield jdk/internal/misc/Unsafe ARRAY_DOUBLE_INDEX_SCALE I 8
staticfield jdk/internal/misc/Unsafe ARRAY_OBJECT_INDEX_SCALE I 4
staticfield jdk/internal/misc/Unsafe ADDRESS_SIZE I 8
ciInstanceKlass java/util/Map 1 1 259 11 7 12 1 1 1 11 12 1 1 10 100 12 1 1 11 12 1 1 11 7 12 1 1 1 11 100 12 1 1 1 11 12 1 1 7 1 11 12 1 11 12 1 100 1 100 1 10 12 1 1 11 100 12 1 1 1 11 100 12 1 1 1 11 12 1 11 12 1 10 12 1 1 11 12 1 11 100 12 1 9 7 12 1 1 1 100 1 10 12 7 1 7 1 10 12 1 7 1 10 7 1 11 12 1 1 7 1 11 12 1 1 1 1 1 1 1 1 1 1 1 1 1 1 1 1 1 1 1 1 1 1 1 1 1 1 1 1 1 1 1 1 1 1 1 1 1 1 1 1 1 1 1 1 1 1 1 1 1 1 1 1 1 1 1 1 1 1 1 1 1 1 1 1 1 1 1 1 1 1 1 1 1 1 1 1 1 1 1 1 1 1 1 1 1 1 1 1 1 1 1 1 1 1 1 1 1 1 1 1 1 1 1 1 1 1 1 1 1 1 1 1 1 1 1 1 1 1 1 1 1 1 1 1 1 1 1 1 1 100 1 1 1 1 1 1 1 1 1 1 1 1 1 1 1 1 1 1
ciInstanceKlass java/lang/ThreadGroup 1 1 293 10 7 12 1 1 1 9 7 12 1 1 1 8 1 9 12 1 1 7 1 9 12 1 9 12 1 1 10 12 1 1 10 12 1 1 10 12 1 10 12 1 1 10 12 1 9 12 1 1 10 12 1 1 10 12 1 9 12 1 10 100 12 1 1 1 9 12 1 9 12 1 1 10 7 12 1 1 1 100 10 12 1 1 10 7 12 1 1 1 10 100 12 1 9 12 1 10 12 1 1 10 12 1 1 9 12 1 1 10 12 1 1 10 12 1 10 12 1 10 12 1 1 10 12 1 1 10 12 1 10 12 1 10 10 12 1 10 12 1 10 100 1 10 10 12 1 10 12 1 10 12 1 7 10 12 1 9 12 1 1 10 12 1 1 8 1 10 100 12 1 1 1 10 12 1 1 10 12 1 1 10 12 1 1 11 100 1 100 1 9 12 1 100 1 10 8 1 10 12 1 1 10 12 1 1 8 1 10 12 1 10 100 12 1 1 1 10 12 1 1 10 100 1 8 1 10 8 1 10 12 1 8 1 1 1 1 1 1 1 1 1 1 1 1 1 1 1 1 1 3 1 1 1 1 1 1 1 1 1 1 1 1 1 1 1 1 1 1 1 1 1 1 1 1 1 1 1 1 1 1 1 1 1 1 1 1 1 1 1 1 1 1
instanceKlass org/javacs/kt/util/DelegatePrintStream
ciInstanceKlass java/io/PrintStream 1 1 346 100 1 10 12 1 1 8 1 10 7 12 1 1 1 10 100 12 1 1 1 100 1 100 1 100 1 10 10 7 12 1 1 9 12 1 1 9 12 1 9 12 1 7 1 10 9 12 1 1 7 1 10 12 1 9 12 1 1 10 12 1 10 12 1 8 1 7 1 10 12 1 10 12 1 10 12 1 100 1 10 10 12 1 8 1 10 12 1 9 12 1 1 100 1 8 1 10 10 12 1 1 10 12 1 10 12 1 10 10 10 12 1 1 10 12 1 1 100 1 10 100 12 1 1 1 10 12 1 10 12 1 10 10 12 1 10 12 1 10 10 12 1 10 12 10 7 12 1 1 1 10 12 1 1 10 10 12 1 10 12 1 10 12 1 10 12 1 10 12 1 10 10 12 1 10 10 7 12 1 1 1 10 12 1 10 12 1 1 10 12 1 10 12 10 12 1 10 12 1 10 12 1 10 12 10 12 10 12 10 12 1 1 10 12 1 9 12 1 1 10 100 12 1 1 1 9 100 12 1 1 1 10 100 12 1 1 1 10 12 1 10 12 1 10 12 1 8 1 11 100 12 1 1 1 10 12 1 1 10 12 1 10 12 1 100 1 100 1 1 1 1 1 1 1 1 1 1 1 1 1 1 1 1 100 1 1 1 1 1 1 1 1 100 1 1 1 1 1 1 1 1 1 100 1 1 1 1 1 1 1 1 1 1 1 1 1 1 1 1 1 1 1 1 1 1 1 1 1 1 100 1 1 1 1 1 1 1 1 1 1 1 1 1 1 1
instanceKlass org/h2/util/SortedProperties
instanceKlass java/security/Provider
ciInstanceKlass java/util/Properties 1 1 651 10 7 12 1 1 1 100 1 10 7 12 1 1 7 1 10 12 1 9 12 1 1 9 12 1 1 9 12 1 1 10 7 12 1 1 1 10 12 1 1 8 1 10 7 12 1 1 1 7 1 10 12 1 10 12 1 1 8 1 10 12 1 7 1 10 12 10 12 1 1 9 12 1 1 10 12 1 1 7 1 10 12 1 10 12 1 10 12 1 1 100 1 8 1 10 12 1 10 12 1 10 12 1 1 10 12 1 100 1 3 10 10 100 12 1 1 1 10 12 1 10 12 1 1 8 1 10 12 1 10 12 1 1 8 1 10 100 12 1 1 10 12 1 1 10 12 1 10 12 1 1 100 1 10 12 1 10 12 1 1 100 1 9 100 12 1 1 1 10 12 1 10 12 1 1 100 1 10 10 10 12 1 1 11 7 12 1 1 1 11 7 12 1 1 1 11 12 1 1 7 1 11 12 1 11 12 1 10 12 1 1 8 1 10 12 1 10 12 1 100 1 10 10 12 1 1 10 100 12 1 1 9 100 12 1 1 10 12 1 1 10 100 12 1 1 1 100 1 100 1 100 1 10 8 1 8 1 10 12 1 10 12 1 10 12 1 1 10 10 12 1 1 10 12 1 1 7 1 10 10 12 1 11 7 12 1 1 10 7 12 1 1 1 8 1 10 100 12 1 1 11 8 1 10 100 1 11 10 12 1 10 12 1 10 12 1 10 12 1 1 10 12 1 1 10 12 1 1 10 12 1 10 12 1 10 10 12 1 10 12 1 10 12 1 10 10 12 1 1 10 12 1 1 7 1 10 10 12 1 10 12 1 10 12 1 10 12 1 10 12 1 1 10 12 1 1 10 12 1 10 12 1 10 12 1 1 10 12 10 12 1 1 10 12 1 1 10 12 1 10 12 1 1 10 12 1 1 10 12 100 1 10 11 100 12 1 1 4 11 10 12 1 1 10 100 12 1 1 11 12 1 10 12 1 1 10 100 12 1 1 10 12 1 100 1 8 1 10 12 1 10 10 100 12 1 1 1 100 1 6 0 10 12 1 1 11 100 12 1 1 1 10 12 1 10 12 1 1 1 1 1 5 0 1 1 1 1 1 1 1 1 1 1 1 1 1 1 1 1 1 1 1 1 1 1 1 1 1 1 1 1 1 1 1 1 1 1 1 1 1 1 1 1 100 1 1 1 1 1 1 1 1 1 1 1 1 1 1 1 1 1 1 1 1 100 1 1 1 1 1 1 1 100 1 100 1 1 1 1 100 1 1 1 1 1 1 1 1 1 1 1 1 1 1 1 1 1 1 1 1 1 1 1 1 1 1 1 1 1 1 1 1 1 1 1 1 1 1 1 1 1 1 1 1 1 1 1 1 1 1 1 1 1 1 1 1 1 1 1 1 1 1 1 1 1 1 1 1 1 1 1 1 1 1 1 1 100 1 1 1 1 1 1 1 1 1 100 1 1 1
staticfield java/util/Properties UNSAFE Ljdk/internal/misc/Unsafe; jdk/internal/misc/Unsafe
instanceKlass java/util/Hashtable
ciInstanceKlass java/util/Dictionary 1 1 36 10 7 12 1 1 1 100 1 1 1 1 1 1 1 1 1 1 1 1 1 1 1 1 1 1 1 1 1 1 1 1 1 1 1 1
instanceKlass java/util/Properties
ciInstanceKlass java/util/Hashtable 1 1 512 100 1 10 7 12 1 1 1 9 7 12 1 1 1 100 1 100 1 10 8 1 10 12 1 1 10 12 1 10 12 1 1 10 12 1 10 7 12 1 1 1 8 1 10 12 1 9 12 1 1 7 1 9 12 1 1 4 10 7 12 1 1 1 9 12 1 4 10 12 1 11 100 12 1 1 1 10 12 1 1 10 12 1 1 9 12 1 10 12 1 1 100 1 10 9 12 1 1 10 7 12 1 1 1 9 12 1 1 10 12 1 10 12 1 3 9 12 1 9 12 1 3 10 12 1 10 12 1 10 12 1 1 11 12 1 1 11 100 12 1 1 1 11 100 12 1 1 1 11 12 1 100 1 11 12 1 11 12 1 10 12 1 1 10 12 1 1 10 12 1 9 12 1 1 9 12 9 12 1 1 10 100 1 100 1 10 12 1 10 8 1 10 10 12 1 8 1 10 8 1 10 100 12 1 1 1 7 1 10 12 1 10 12 1 100 1 10 12 1 10 12 1 1 100 1 10 100 1 10 10 12 1 1 11 12 1 1 11 12 1 100 1 10 10 10 100 12 1 1 11 100 12 1 1 1 100 1 10 11 100 12 1 1 11 100 12 1 10 12 1 10 12 1 1 10 100 12 1 1 10 12 1 1 10 12 1 1 10 12 1 1 10 100 12 1 1 1 8 10 100 12 1 1 100 1 8 1 10 4 10 12 4 10 12 1 8 1 10 12 10 100 12 1 1 1 100 1 11 100 12 1 1 1 10 100 12 1 1 1 10 12 1 10 12 1 1 10 100 1 100 1 1 1 1 1 1 5 0 1 1 1 1 1 3 1 3 1 3 1 1 1 1 1 1 1 1 1 1 1 1 1 1 1 1 1 1 1 1 1 1 1 1 1 100 1 1 1 1 1 1 1 1 1 1 1 1 1 1 1 1 1 1 1 1 1 1 1 1 1 1 1 1 1 100 1 1 1 1 1 1 1 1 1 1 1 1 1 1 1 1 1 1 1 1 1 1 1 1 1 1 1 1 1 1 1 1 1 1 1 1 1 1 1 1 1 1 1 1 1 1 1 1 1 1 1 1 1 1 1 1 1 1 100 1 1 1 100 1 1 1 1 1 100 1 1 1 1 1 1 1 1 1 1 1 1 1 1 1 1 1 1
ciInstanceKlass java/util/Set 1 1 140 100 1 10 100 12 1 1 1 9 7 12 1 1 1 7 1 10 12 1 1 10 12 1 7 1 7 1 10 12 1 7 1 7 1 7 1 10 12 1 10 12 1 1 11 12 1 1 100 1 1 1 1 1 1 1 1 1 1 1 1 1 1 1 1 1 1 1 1 1 1 1 1 1 1 1 1 1 1 1 1 1 1 1 1 1 1 1 1 1 1 1 1 1 1 1 1 1 1 1 1 1 1 1 1 1 1 1 1 1 1 1 1 1 1 1 1 1 1 1 1 1 1 1 1 1 1 1 1 1 1 1 1 1 1 1 1 1 1 1
instanceKlass org/jetbrains/kotlin/protobuf/RopeByteString$RopeInputStream
instanceKlass com/intellij/util/io/UnsyncByteArrayInputStream
instanceKlass org/javacs/kt/util/ExitingInputStream
instanceKlass org/h2/mvstore/StreamStore$Stream
instanceKlass org/h2/store/CountingReaderInputStream
instanceKlass java/io/ObjectInputStream
instanceKlass java/io/SequenceInputStream
instanceKlass org/h2/store/fs/FileChannelInputStream
instanceKlass kotlin/reflect/jvm/internal/impl/protobuf/RopeByteString$RopeInputStream
instanceKlass sun/nio/ch/ChannelInputStream
instanceKlass com/fasterxml/aalto/in/MergedStream
instanceKlass java/util/jar/JarVerifier$VerifierStream
instanceKlass java/util/zip/ZipFile$ZipFileInputStream
instanceKlass java/io/FilterInputStream
instanceKlass java/io/FileInputStream
instanceKlass java/io/ByteArrayInputStream
ciInstanceKlass java/io/InputStream 1 1 184 100 1 10 7 12 1 1 1 100 1 10 10 7 12 1 1 1 10 7 12 1 1 1 10 12 1 100 1 3 10 12 1 1 100 1 8 1 10 12 1 10 7 12 1 1 1 3 100 1 8 1 10 10 7 12 1 1 1 7 1 10 11 7 12 1 1 1 10 12 1 1 11 12 1 1 11 7 12 1 1 1 11 12 1 1 7 1 10 7 12 1 1 1 5 0 10 12 1 10 12 1 1 100 1 10 8 1 10 8 1 8 1 10 12 1 1 10 7 12 1 1 1 100 1 1 1 1 3 1 3 1 1 1 1 1 1 1 1 1 1 1 1 1 1 1 1 1 1 1 1 1 1 1 1 1 1 1 1 1 1 1 1 1 1 1 1 1 1 1 1 1 1 1 1 1 1 1 1 1 1 1 1 1
ciInstanceKlass java/io/ByteArrayInputStream 1 1 117 10 7 12 1 1 1 9 7 12 1 1 1 9 12 1 1 9 12 1 9 12 1 10 100 12 1 1 1 10 7 12 1 1 1 10 7 12 1 1 1 10 100 12 1 1 1 10 12 1 1 3 10 100 1 10 100 12 1 1 1 9 12 1 1 100 1 10 10 7 12 1 1 1 1 1 1 1 1 1 1 1 1 1 1 1 1 1 1 1 1 1 1 1 1 1 1 1 1 1 1 1 100 1 1 1 1 1 1 1 1 1 1 1 1 1 1
staticfield java/io/ByteArrayInputStream $assertionsDisabled Z 1
instanceKlass java/util/concurrent/ForkJoinWorkerThread
instanceKlass org/h2/engine/OnExitDatabaseCloser
instanceKlass kotlinx/coroutines/scheduling/CoroutineScheduler$Worker
instanceKlass java/util/logging/LogManager$Cleaner
instanceKlass jdk/internal/misc/InnocuousThread
instanceKlass java/lang/ref/Finalizer$FinalizerThread
instanceKlass java/lang/ref/Reference$ReferenceHandler
ciInstanceKlass java/lang/Thread 1 1 612 9 7 12 1 1 1 9 12 1 1 10 12 1 1 9 12 1 1 9 12 1 1 100 1 8 1 10 12 1 1 3 8 1 100 1 5 0 10 12 1 1 10 7 12 1 1 9 12 1 1 9 12 1 9 12 1 1 9 12 1 100 1 8 1 10 9 12 1 1 10 7 12 1 1 1 10 100 12 1 1 1 10 10 7 12 1 1 10 12 1 1 10 12 1 1 9 100 12 1 1 1 10 12 1 1 10 12 1 9 12 1 1 10 12 1 1 10 12 1 1 9 12 1 10 12 1 1 9 12 1 1 10 7 12 1 1 1 9 12 1 1 9 12 1 1 10 12 1 1 10 7 12 1 1 1 9 12 1 10 12 1 1 9 12 1 100 1 10 7 1 10 8 1 10 12 1 1 10 12 1 10 12 1 10 12 1 1 10 12 1 10 12 1 9 12 1 100 1 10 10 12 1 1 10 12 1 10 12 1 100 1 11 7 12 1 1 9 7 12 1 1 1 10 12 1 10 12 1 10 12 9 12 1 1 10 9 12 1 10 12 1 100 1 10 10 12 1 1 9 12 1 10 12 1 11 100 12 1 1 10 12 1 9 12 1 10 12 1 10 12 1 10 10 12 1 10 12 1 10 12 1 10 12 1 10 12 1 1 100 1 10 10 12 1 10 12 1 10 12 1 9 100 12 1 1 1 10 12 1 1 10 12 1 100 1 8 1 10 10 12 1 10 12 8 1 10 12 1 8 1 10 8 1 8 1 10 100 12 1 1 10 100 12 1 1 1 100 1 8 1 10 9 12 1 9 12 1 1 10 12 1 1 10 10 12 1 1 9 12 1 10 12 1 1 100 1 10 12 11 100 12 1 1 1 9 100 12 1 1 1 9 12 1 1 10 12 1 1 100 1 10 12 1 11 100 12 1 1 1 100 1 10 12 1 10 12 1 1 11 12 1 10 12 1 100 1 10 12 1 10 12 1 1 10 7 12 1 1 1 8 1 9 12 1 10 12 1 1 11 100 12 1 1 1 10 100 12 1 1 1 11 12 1 10 12 1 7 1 1 1 1 3 1 3 1 3 1 1 1 1 1 1 1 1 1 1 1 1 1 1 1 1 1 1 1 100 1 1 1 1 1 1 1 1 1 1 1 1 100 1 100 1 1 1 1 1 1 1 1 1 1 1 1 1 1 1 1 1 1 1 1 1 1 1 1 1 1 1 1 1 1 1 1 1 1 1 1 1 1 1 1 1 1 1 100 100 1 1 1 1 1 1 1 1 1 100 1 1 1 1 1 1 1 1 1 1 1 1 1 1 1 1 1 1 1 1 1 1 1 1 1 1 1 1 100 1 1 1 1 1 1 100 1 1 100 1 1 1 1 1 1
staticfield java/lang/Thread EMPTY_STACK_TRACE [Ljava/lang/StackTraceElement; 0 [Ljava/lang/StackTraceElement;
ciMethod java/lang/System arraycopy (Ljava/lang/Object;ILjava/lang/Object;II)V 256 0 128 0 -1
instanceKlass org/jetbrains/kotlin/load/java/structure/impl/classFiles/BinaryClassSignatureParser$ClsFormatException
instanceKlass java/lang/Exception
instanceKlass java/lang/Error
ciInstanceKlass java/lang/Throwable 1 1 393 10 7 12 1 1 1 9 7 12 1 1 1 9 12 1 1 9 12 1 9 12 1 1 9 12 1 10 12 1 1 9 12 1 1 10 12 1 1 10 12 1 100 1 7 1 10 8 1 10 12 1 1 8 1 10 100 12 1 1 10 10 12 1 100 1 8 1 10 10 12 1 1 10 7 12 1 1 10 12 1 8 1 9 100 12 1 1 1 10 12 1 1 100 1 10 12 10 12 1 100 1 10 10 7 12 1 1 1 11 100 12 1 1 1 10 100 12 1 1 1 10 12 1 1 10 12 1 1 8 1 10 12 1 10 12 1 1 8 1 8 1 10 12 1 1 10 12 1 8 1 8 1 9 12 1 1 10 100 12 1 1 100 1 10 11 12 1 8 1 8 1 10 7 12 1 1 8 1 10 12 1 8 1 100 1 10 12 1 9 12 1 1 10 12 1 10 100 12 1 9 12 1 1 10 12 1 1 100 1 8 1 10 12 1 10 100 12 1 1 10 12 1 1 100 1 10 100 12 1 1 1 10 12 1 11 100 12 1 1 1 11 100 12 1 1 1 11 12 1 8 1 10 12 1 1 8 1 10 10 9 100 12 1 1 1 8 1 10 12 1 1 10 100 1 8 1 10 11 12 1 1 8 1 9 12 1 10 100 12 1 1 11 9 12 1 1 11 12 1 1 100 10 12 1 10 12 1 1 100 1 1 1 1 5 0 1 1 1 1 1 1 1 1 1 1 1 1 1 100 1 1 1 1 1 1 1 1 1 1 1 1 1 1 1 1 1 1 1 1 1 1 1 1 1 1 1 1 1 1 1 1 1 1 1 1 1 1 1 1 1 1 100 1 100 1 1 1 1 1 1 1 1 1 1 1 1 1 1 1 1 1 1
staticfield java/lang/Throwable UNASSIGNED_STACK [Ljava/lang/StackTraceElement; 0 [Ljava/lang/StackTraceElement;
staticfield java/lang/Throwable SUPPRESSED_SENTINEL Ljava/util/List; java/util/Collections$EmptyList
staticfield java/lang/Throwable EMPTY_THROWABLE_ARRAY [Ljava/lang/Throwable; 0 [Ljava/lang/Throwable;
staticfield java/lang/Throwable $assertionsDisabled Z 1
instanceKlass com/intellij/util/AstLoadingException
instanceKlass org/jetbrains/kotlin/types/TypeSubstitutor$SubstitutionException
instanceKlass kotlin/script/experimental/jvm/util/ClasspathExtractionException
instanceKlass org/jetbrains/kotlin/container/UnresolvedDependenciesException
instanceKlass org/jetbrains/kotlin/container/InvalidCardinalityException
instanceKlass org/jetbrains/kotlin/container/ContainerConsistencyException
instanceKlass com/google/common/collect/RegularImmutableMap$BucketOverflowException
instanceKlass com/intellij/psi/stubs/StubTreeLoader$StubTreeAndIndexUnmatchCoarseException
instanceKlass org/jetbrains/exposed/dao/exceptions/EntityNotFoundException
instanceKlass java/security/GeneralSecurityException
instanceKlass org/jetbrains/exposed/sql/statements/BatchDataInconsistentException
instanceKlass org/h2/security/auth/AuthenticationException
instanceKlass kotlin/reflect/jvm/internal/impl/types/TypeSubstitutor$SubstitutionException
instanceKlass java/sql/SQLException
instanceKlass java/util/concurrent/TimeoutException
instanceKlass kotlin/reflect/full/IllegalPropertyDelegateAccessException
instanceKlass kotlin/reflect/full/IllegalCallableAccessException
instanceKlass com/intellij/psi/scope/MethodProcessorSetupFailedException
instanceKlass java/text/ParseException
instanceKlass javax/xml/stream/XMLStreamException
instanceKlass com/intellij/util/cls/ClsFormatException
instanceKlass java/net/URISyntaxException
instanceKlass sun/nio/fs/WindowsException
instanceKlass java/lang/CloneNotSupportedException
instanceKlass java/lang/InterruptedException
instanceKlass java/security/PrivilegedActionException
instanceKlass java/io/IOException
instanceKlass java/lang/ReflectiveOperationException
instanceKlass java/lang/RuntimeException
ciInstanceKlass java/lang/Exception 1 1 40 10 7 12 1 1 1 10 12 1 10 12 1 10 12 1 10 12 1 100 1 1 1 1 5 0 1 1 1 1 1 1 1 1 1 1 1 1 1 1
instanceKlass java/lang/reflect/InvocationTargetException
instanceKlass java/lang/IllegalAccessException
instanceKlass java/lang/InstantiationException
instanceKlass java/lang/NoSuchFieldException
instanceKlass java/lang/NoSuchMethodException
instanceKlass java/lang/ClassNotFoundException
ciInstanceKlass java/lang/ReflectiveOperationException 1 1 34 10 7 12 1 1 1 10 12 1 10 12 1 10 12 1 100 1 1 1 1 5 0 1 1 1 1 1 1 1 1 1 1 1
instanceKlass one/util/streamex/Internals$CancelException
instanceKlass java/io/IOError
instanceKlass kotlin/reflect/jvm/internal/KotlinReflectionInternalError
instanceKlass kotlin/jvm/KotlinReflectionNotSupportedError
instanceKlass kotlin/NotImplementedError
instanceKlass java/lang/AssertionError
instanceKlass java/lang/VirtualMachineError
instanceKlass java/lang/LinkageError
instanceKlass java/lang/ThreadDeath
ciInstanceKlass java/lang/Error 1 1 40 10 7 12 1 1 1 10 12 1 10 12 1 10 12 1 10 12 1 100 1 1 1 1 5 0 1 1 1 1 1 1 1 1 1 1 1 1 1 1
ciInstanceKlass java/lang/ThreadDeath 0 0 21 10 100 12 1 1 1 100 1 1 1 1 5 0 1 1 1 1 1 1 1
ciMethod java/lang/Throwable printStackTrace (Ljava/io/PrintStream;)V 0 0 1 0 -1
ciInstanceKlass java/lang/ClassNotFoundException 1 1 96 7 1 10 7 12 1 1 1 10 12 1 10 12 1 1 10 100 12 1 1 1 8 1 10 100 12 1 1 1 10 7 12 1 1 10 100 12 1 1 1 10 100 12 1 1 1 10 12 1 1 7 1 10 12 1 9 12 1 1 1 1 1 5 0 1 1 1 1 1 1 1 1 1 1 1 1 1 1 1 1 1 1 100 1 1 1 1 1 1 1 1 1 1 1 1
staticfield java/lang/ClassNotFoundException serialPersistentFields [Ljava/io/ObjectStreamField; 1 [Ljava/io/ObjectStreamField;
instanceKlass java/lang/UnsatisfiedLinkError
instanceKlass java/lang/ExceptionInInitializerError
instanceKlass java/lang/IncompatibleClassChangeError
instanceKlass java/lang/BootstrapMethodError
instanceKlass java/lang/NoClassDefFoundError
ciInstanceKlass java/lang/LinkageError 1 1 31 10 7 12 1 1 1 10 12 1 10 12 1 100 1 1 1 1 5 0 1 1 1 1 1 1 1 1 1 1 1
instanceKlass sun/security/pkcs/SignerInfo$AlgorithmInfo
ciInstanceKlass java/lang/Record 1 1 22 10 7 12 1 1 1 100 1 1 1 1 1 1 1 1 1 1 1 1 1 1
ciInstanceKlass java/lang/StringLatin1 1 1 380 7 1 10 100 12 1 1 1 100 1 10 12 1 10 7 12 1 1 1 10 7 12 1 1 1 10 12 1 10 7 12 1 1 1 10 12 1 1 10 7 12 1 1 1 10 12 1 1 10 12 1 1 10 10 12 1 10 12 1 1 10 9 7 12 1 1 1 10 12 1 1 10 7 12 1 1 1 10 12 10 12 1 1 10 12 1 1 10 12 1 1 10 7 12 1 1 1 10 12 1 10 12 1 1 9 12 1 1 100 1 10 10 100 12 1 1 1 10 7 12 1 1 1 10 12 1 10 12 1 100 1 100 1 8 1 10 12 1 8 1 10 12 100 1 10 10 10 7 12 1 1 1 8 1 8 1 8 1 10 12 1 1 10 100 12 1 1 10 12 1 10 12 1 1 10 12 1 1 10 12 1 1 10 12 1 10 12 10 12 10 12 1 10 12 10 10 12 1 10 12 1 10 12 1 10 100 12 1 1 1 10 100 12 1 1 1 10 12 1 1 10 12 1 1 10 10 7 12 1 1 1 1 1 1 1 1 1 1 1 1 1 1 1 1 1 1 1 1 1 1 1 1 1 1 1 1 1 1 1 1 1 1 1 1 1 1 1 1 1 1 1 1 1 1 1 1 1 1 1 1 100 1 1 1 1 1 1 1 1 1 1 1 1 1 1 1 1 1 1 1 1 1 1 1 1 1 1 1 1 1 1 1 1 1 1 1 1 1 1 1 1 1 1 1 1 100 1 1 1 1 1 1 1 1 1 1 1 1 1 1 1 1 1 1 1 1 1 100 1 1 1 1 1 1 1 1 1 1 1 1 1 1 1 1 1 1 1 1 1 1 1 1 1 1 100 1 1 1 1
staticfield java/lang/StringLatin1 $assertionsDisabled Z 1
ciInstanceKlass java/lang/Math 1 1 395 10 100 12 1 1 1 10 7 12 1 1 1 10 12 1 10 12 1 10 12 1 10 12 1 10 12 1 7 1 6 0 6 0 10 12 1 10 12 1 10 12 1 10 12 1 10 12 1 10 12 1 1 10 12 1 10 12 1 10 12 1 10 12 1 10 12 1 10 7 12 1 1 1 100 1 3 3 3 10 7 12 1 1 1 100 1 5 0 5 0 5 0 5 0 5 0 9 100 12 1 1 1 10 100 12 1 1 1 100 1 8 1 10 12 1 8 1 10 12 1 1 10 12 1 1 100 1 5 0 5 0 100 1 3 5 0 3 5 0 10 12 1 10 12 1 8 1 10 12 1 8 1 9 12 1 1 9 12 1 10 12 1 1 6 0 10 12 1 9 12 1 1 100 1 10 10 12 1 100 1 10 12 1 10 12 1 1 10 12 1 10 12 1 10 12 1 10 12 1 1 10 12 1 1 10 12 1 1 10 12 6 0 10 12 1 1 10 12 1 1 10 12 10 12 1 4 10 12 1 1 10 12 1 10 12 1 10 12 10 12 1 10 12 1 10 12 1 10 12 1 10 12 1 10 12 1 10 12 1 5 0 6 0 4 6 0 4 6 0 4 10 12 1 1 9 12 1 1 10 12 1 9 12 1 10 7 12 1 1 1 4 6 0 1 1 6 0 1 6 0 1 1 1 1 1 1 1 1 1 1 1 1 1 1 1 1 1 1 1 1 1 1 1 1 1 1 1 1 1 1 1 1 1 1 1 1 1 1 1 1 1 1 1 1 1 1 1 1 1 1 1 1 1 1 1 1 1 1 1 1 1 1 1 1 1 1 1 1 1 1 1 1 1 1 1 1 1 1 1 1 1 1 1 1 1 1 1 1 1 1 1 1 1 1
staticfield java/lang/Math negativeZeroFloatBits J -2147483648
staticfield java/lang/Math negativeZeroDoubleBits J -9223372036854775808
staticfield java/lang/Math $assertionsDisabled Z 1
ciInstanceKlass java/util/Arrays 1 1 988 10 7 12 1 1 1 10 100 12 1 1 1 10 7 12 1 1 1 10 12 1 10 12 1 10 12 1 10 12 1 10 12 1 10 12 1 10 100 12 1 1 1 100 1 7 1 10 8 1 10 12 1 1 10 12 1 8 1 8 1 10 12 1 1 10 12 1 100 1 10 12 1 9 100 12 1 1 1 10 7 12 1 1 100 1 10 12 1 1 10 7 12 1 1 10 7 12 1 1 1 100 1 10 12 1 10 12 1 1 7 1 9 7 12 1 1 1 10 12 1 1 10 7 12 1 1 10 12 1 10 12 1 1 10 12 1 10 12 1 1 7 1 11 12 1 1 10 12 1 10 7 12 1 1 1 10 12 10 12 1 10 12 1 10 12 10 12 1 11 100 12 1 1 1 10 7 12 1 1 1 100 1 10 12 1 10 100 1 10 12 1 10 100 1 10 12 1 10 100 1 10 12 1 10 10 12 1 1 10 12 1 10 12 1 10 12 1 10 12 1 10 12 1 10 100 12 1 1 1 10 12 1 10 100 12 1 1 1 10 12 1 10 12 1 10 7 12 1 1 1 10 12 1 10 12 1 10 12 1 10 12 1 10 12 1 10 12 1 10 12 1 10 12 1 10 12 1 10 12 1 10 12 1 10 12 1 10 12 1 10 12 1 10 12 1 10 12 1 1 10 12 1 1 10 7 12 1 1 1 10 12 1 8 1 7 1 10 12 10 12 1 10 12 1 1 10 12 1 1 9 100 12 1 1 1 100 1 10 12 1 9 100 1 100 1 10 12 1 9 100 1 100 1 10 12 1 9 100 1 100 1 10 12 1 9 100 1 100 1 10 12 1 9 100 1 100 1 10 12 1 9 100 1 10 12 1 100 1 10 12 1 10 12 1 9 12 1 100 1 10 10 12 1 1 10 12 1 10 12 1 10 12 1 10 12 1 10 12 1 10 12 1 10 12 1 10 12 1 10 12 1 8 1 8 1 10 12 1 10 12 1 8 1 10 12 1 10 12 1 10 12 1 10 100 12 1 1 1 3 10 7 1 10 10 12 1 1 11 100 12 1 1 10 12 1 1 10 12 1 10 12 1 10 12 1 10 12 1 10 12 1 10 12 1 10 12 1 10 12 1 11 12 1 8 1 10 11 12 1 11 100 12 1 1 1 11 100 12 1 1 1 11 12 1 1 18 12 1 1 11 12 1 1 11 100 12 1 1 1 18 12 1 11 100 12 1 1 1 18 12 1 11 100 12 1 1 1 18 12 1 100 1 10 7 12 1 1 1 10 12 1 10 12 1 10 12 1 10 12 1 10 12 1 10 12 1 10 12 1 10 12 1 1 10 12 1 10 7 12 1 1 10 12 1 10 12 1 10 12 1 1 10 12 1 10 12 1 10 12 1 1 10 12 1 10 12 1 10 12 1 1 10 12 1 10 12 1 10 12 1 10 12 1 10 12 10 12 1 10 12 10 12 10 12 1 10 12 10 12 1 10 12 1 10 12 1 1 1 1 3 1 3 1 1 1 1 1 1 1 1 1 1 1 1 1 1 1 1 1 1 1 1 1 1 1 1 1 1 1 1 1 1 1 1 1 1 1 1 1 1 1 1 1 1 1 1 1 1 1 1 1 1 1 1 1 1 1 1 1 1 1 1 1 1 1 1 1 1 1 1 1 1 1 1 1 1 1 1 1 1 1 1 1 1 1 1 1 1 1 1 1 1 1 1 1 1 1 1 1 1 1 1 1 1 1 1 1 1 1 1 1 1 1 1 1 1 1 1 1 1 1 1 1 1 1 1 1 1 1 1 1 1 1 1 1 1 1 1 1 1 1 1 1 1 1 1 1 1 1 1 1 1 1 1 1 1 1 1 1 1 1 1 1 1 1 1 1 1 1 1 1 1 1 1 1 1 1 1 1 1 1 1 1 1 1 1 1 1 1 1 1 1 1 1 1 1 1 1 1 1 1 1 1 1 1 1 1 1 1 1 1 1 1 1 1 1 1 1 1 1 1 1 1 1 1 1 1 1 1 1 1 1 1 1 1 1 1 1 1 1 1 1 1 1 1 1 1 1 1 1 1 1 1 1 1 1 1 1 1 1 1 1 1 100 1 1 15 10 100 12 1 1 1 16 15 10 12 15 10 12 15 10 12 15 10 12 1 1 100 1 100 1 1 1 1 100 1 1 1 1 1 1 100 1 1 100 1 1 100 1 1 1 100 1 100 1 1
staticfield java/util/Arrays $assertionsDisabled Z 1
ciMethod java/lang/StringLatin1 equals ([B[B)Z 1024 608 2009 0 -1
ciMethod java/lang/StringLatin1 charAt ([BI)C 1024 0 1179884 0 128
ciMethod java/lang/StringLatin1 newString ([BII)Ljava/lang/String; 444 0 6411 0 1152
ciInstanceKlass java/lang/StringUTF16 1 1 598 100 1 7 1 10 100 12 1 1 1 100 1 10 7 1 3 100 1 100 1 10 8 1 10 12 1 1 10 12 1 8 1 10 12 1 1 10 12 1 9 12 1 1 10 12 1 1 100 1 8 1 10 12 1 9 12 1 1 9 12 1 10 10 12 1 1 10 12 1 1 10 100 12 1 1 1 10 12 1 10 12 1 1 10 12 1 1 10 12 1 1 10 12 1 1 10 12 1 10 12 1 1 10 12 1 1 10 12 1 1 10 12 1 1 10 12 1 10 12 1 10 12 1 1 10 12 1 100 1 10 12 1 10 10 12 1 1 10 12 1 10 12 1 1 10 12 1 10 100 12 1 1 1 10 100 12 1 1 1 10 12 10 12 1 1 10 12 1 10 12 1 1 10 12 1 1 10 12 1 10 12 1 10 12 1 3 10 12 1 1 10 12 1 10 12 1 10 12 1 10 12 1 10 12 1 10 12 1 1 9 12 1 10 12 1 10 12 1 10 12 1 10 12 1 10 12 1 10 10 12 10 12 10 10 100 12 1 1 1 10 7 12 1 1 1 10 12 1 10 12 1 100 1 8 1 8 1 10 12 1 1 100 1 10 10 100 12 1 1 1 10 100 12 1 1 8 1 8 1 8 1 10 12 1 1 10 12 1 1 10 12 10 12 1 10 100 12 1 1 10 12 1 1 10 12 1 1 10 12 1 10 12 10 12 10 12 1 10 12 10 12 1 10 12 1 10 12 1 10 12 1 10 12 1 10 100 12 1 1 1 10 100 12 1 1 1 10 12 1 1 10 12 1 1 11 100 12 1 1 10 12 1 10 12 1 10 12 1 1 9 12 1 1 9 12 1 5 0 5 0 10 12 1 10 12 10 12 10 7 12 1 1 1 10 12 1 1 1 1 1 1 1 1 1 1 1 1 1 1 1 1 1 1 1 1 1 1 1 1 1 1 1 1 1 1 1 100 1 1 1 1 1 1 1 1 1 1 1 1 1 1 1 1 1 1 1 1 1 1 1 1 1 1 1 1 1 1 1 1 1 1 1 1 1 1 1 1 1 1 1 1 1 1 1 1 1 1 1 1 1 1 1 1 1 1 1 1 1 1 1 1 1 1 1 1 1 1 1 1 1 1 1 1 1 1 1 1 1 1 100 1 1 1 1 1 1 1 1 1 1 1 1 1 1 1 1 1 100 1 1 1 1 1 1 1 1 1 1 1 1 1 1 1 1 1 1 1 1 1 1 1 1 1 1 1 1 1 1 1 1 1 1 1 1 1 1 1 1 1 1 1 1 1 1 1 1 1 1 1 1 1 1 1 1 1 1 1 1 1 100 1 100 1 1 1 1 1
staticfield java/lang/StringUTF16 HI_BYTE_SHIFT I 0
staticfield java/lang/StringUTF16 LO_BYTE_SHIFT I 8
staticfield java/lang/StringUTF16 $assertionsDisabled Z 1
ciMethod java/lang/StringUTF16 length ([B)I 2 0 6252 0 0
ciMethod java/lang/StringUTF16 checkIndex (I[B)V 0 0 6200 0 0
ciMethod java/lang/StringUTF16 getChar ([BI)C 768 0 10370 0 -1
ciMethod java/lang/StringUTF16 charAt ([BI)C 0 0 5121 0 128
ciMethod java/lang/StringUTF16 newString ([BII)Ljava/lang/String; 0 0 13 0 -1
ciInstanceKlass java/lang/Boolean 1 1 151 10 7 12 1 1 1 9 7 12 1 1 1 10 12 1 1 10 12 1 8 1 10 7 12 1 1 9 12 1 1 9 12 1 8 1 10 12 1 1 10 12 1 1 10 7 12 1 1 1 100 1 100 1 10 12 1 1 9 100 12 1 1 9 12 10 100 12 1 1 1 10 12 1 1 8 1 10 7 12 1 1 1 9 12 1 1 100 1 100 1 100 1 1 1 1 1 1 5 0 1 1 1 1 1 1 1 1 1 1 3 1 1 1 1 1 1 1 1 1 1 1 1 1 1 1 1 1 1 1 1 100 1 1 1 1 1 1 1 1 1 1 100 1 1 1 1 1 1 1 1
staticfield java/lang/Boolean TRUE Ljava/lang/Boolean; java/lang/Boolean
staticfield java/lang/Boolean FALSE Ljava/lang/Boolean; java/lang/Boolean
staticfield java/lang/Boolean TYPE Ljava/lang/Class; java/lang/Class
instanceKlass java/util/concurrent/locks/AbstractQueuedSynchronizer
ciInstanceKlass java/util/concurrent/locks/AbstractOwnableSynchronizer 1 1 32 10 7 12 1 1 1 9 7 12 1 1 1 100 1 1 1 1 5 0 1 1 1 1 1 1 1 1 1 1 1 1
instanceKlass com/google/gson/internal/LazilyParsedNumber
instanceKlass java/util/concurrent/atomic/Striped64
instanceKlass java/math/BigInteger
instanceKlass java/math/BigDecimal
instanceKlass java/util/concurrent/atomic/AtomicLong
instanceKlass java/util/concurrent/atomic/AtomicInteger
instanceKlass java/lang/Long
instanceKlass java/lang/Integer
instanceKlass java/lang/Short
instanceKlass java/lang/Byte
instanceKlass java/lang/Double
instanceKlass java/lang/Float
ciInstanceKlass java/lang/Number 1 1 37 10 7 12 1 1 1 10 100 12 1 1 1 100 1 1 1 1 5 0 1 1 1 1 1 1 1 1 1 1 1 1 1 1 1 1 1
instanceKlass java/lang/LiveStackFrameInfo
ciInstanceKlass java/lang/StackFrameInfo 0 0 132 10 100 12 1 1 1 9 100 12 1 1 1 9 100 1 9 12 1 1 11 100 12 1 1 1 9 12 1 1 11 12 1 1 10 12 1 1 10 100 12 1 1 1 10 12 1 11 12 1 11 12 1 1 11 12 1 10 12 1 1 9 12 1 1 10 12 1 1 10 100 12 1 1 10 12 1 1 11 12 1 1 10 12 1 9 12 1 1 10 12 1 1 100 1 8 1 10 12 1 10 100 12 1 1 1 100 1 1 1 1 1 1 1 1 1 1 1 1 1 1 1 1 1 1 100 1 1 1 1 1 1
ciInstanceKlass java/lang/LiveStackFrameInfo 0 0 97 10 100 12 1 1 1 9 100 12 1 1 1 9 12 1 9 12 1 9 12 1 9 12 1 1 100 1 10 12 1 1 10 12 1 8 1 10 12 1 1 8 1 8 1 8 1 10 100 1 10 12 1 100 1 10 12 1 100 1 100 1 1 1 3 1 3 1 1 1 1 1 1 1 1 1 1 1 1 1 1 1 1 1 1 1 1 1 1 1 1 1 1 1 100 1 1
ciInstanceKlass java/lang/Character 1 1 576 7 1 100 1 100 1 9 12 1 1 8 1 9 12 1 1 100 1 9 12 1 1 10 100 12 1 1 1 10 100 12 1 1 1 10 100 12 1 1 1 10 7 12 1 1 1 9 7 12 1 1 1 10 12 1 10 12 1 1 10 12 1 1 10 100 12 1 1 10 12 1 1 3 3 3 3 3 10 12 1 1 10 12 1 3 11 7 12 1 1 1 11 12 1 1 10 12 1 1 10 12 1 1 100 1 10 10 12 1 3 10 12 1 1 10 12 1 10 12 1 1 100 1 8 1 10 12 1 1 10 12 1 10 12 1 10 12 1 10 12 1 10 12 1 1 10 12 1 10 7 12 1 1 10 10 12 1 10 10 12 1 10 12 1 1 10 12 1 10 10 12 1 10 12 1 10 12 1 10 12 1 10 12 1 10 12 1 10 12 1 10 12 10 10 12 10 10 12 1 10 10 12 1 10 10 12 1 10 10 12 1 10 10 12 1 10 10 12 1 10 10 12 1 1 10 10 12 1 10 5 0 10 12 1 10 12 1 10 10 12 1 10 10 12 1 1 10 10 12 1 10 10 12 1 9 12 1 1 100 1 10 10 12 1 10 12 1 1 3 10 100 12 1 1 1 10 12 1 10 100 12 1 1 100 1 10 10 12 1 1 10 12 1 1 10 12 1 1 8 1 10 12 1 9 100 12 1 1 1 10 12 1 10 10 12 1 10 12 1 1 10 12 1 10 10 12 1 1 10 10 12 1 1 100 1 8 1 10 12 1 1 10 7 12 1 1 1 8 1 10 12 1 1 9 12 1 1 100 1 100 1 100 1 1 1 1 3 1 3 1 3 1 3 1 1 1 1 1 3 1 1 3 1 3 1 3 1 3 1 3 1 3 1 3 1 3 1 3 1 3 1 3 1 3 1 3 1 3 1 3 1 3 1 3 1 3 1 3 1 3 1 3 1 3 1 3 1 3 1 3 1 3 1 3 1 3 1 1 1 1 1 1 1 1 1 1 1 1 1 1 1 1 1 1 1 3 1 1 1 1 1 1 1 3 1 1 3 1 1 1 1 1 3 1 1 5 0 1 1 1 1 1 1 1 1 1 1 1 1 1 1 1 1 1 1 1 1 1 1 1 1 1 1 1 1 1 1 1 1 1 1 1 1 1 1 1 1 1 1 1 1 1 1 1 1 1 1 1 1 1 1 1 1 1 1 1 1 1 1 1 1 1 1 1 1 1 1 1 1 1 1 1 1 1 1 1 1 1 1 1 1 1 1 1 1 1 100 1 100 1 1 1 1 1 1
staticfield java/lang/Character TYPE Ljava/lang/Class; java/lang/Class
staticfield java/lang/Character $assertionsDisabled Z 1
ciInstanceKlass java/lang/Float 1 1 223 7 1 100 1 10 7 12 1 1 1 10 100 12 1 1 1 4 100 1 10 12 1 1 10 12 1 1 8 1 8 1 10 100 12 1 1 1 10 12 1 1 10 12 1 1 10 4 4 4 10 7 12 1 1 9 12 1 1 10 12 1 1 10 12 1 10 12 1 10 12 1 1 10 12 1 10 12 1 3 10 12 1 1 10 12 1 1 10 12 1 10 100 12 1 1 1 10 12 1 1 10 12 1 1 8 1 10 7 12 1 1 1 9 12 1 1 100 1 100 1 100 1 1 1 1 1 4 1 1 1 4 1 1 3 1 3 1 3 1 3 1 1 1 1 5 0 1 1 1 1 1 1 1 1 1 1 100 1 1 1 1 1 1 1 1 1 1 1 1 1 3 1 1 1 1 1 1 1 1 1 1 1 1 1 1 1 1 1 1 1 1 1 1 1 1 1 1 1 1 1 1 1 1 1 1 1 1 1 1 100 1 1 1 1 1 1 1 100 1 100 1 1
staticfield java/lang/Float TYPE Ljava/lang/Class; java/lang/Class
ciInstanceKlass java/lang/Double 1 1 285 7 1 100 1 10 7 12 1 1 1 10 12 1 1 10 12 1 100 1 10 12 1 1 10 100 12 1 1 1 6 0 8 1 10 12 1 1 8 1 10 12 1 1 8 1 6 0 10 12 1 1 100 1 5 0 5 0 8 1 8 1 10 100 12 1 1 1 10 100 12 1 1 1 8 1 10 12 1 1 8 1 8 1 8 1 10 12 1 1 10 12 1 10 12 1 1 10 12 1 10 12 1 10 12 1 1 10 12 1 10 6 0 6 0 6 0 10 7 12 1 1 9 12 1 1 10 12 1 10 12 1 10 12 1 10 12 1 5 0 10 12 1 1 10 12 1 10 12 1 10 100 12 1 1 1 10 12 1 1 10 12 1 1 8 1 10 7 12 1 1 1 9 12 1 1 100 1 100 1 100 1 1 1 1 1 6 0 1 1 1 6 0 1 1 3 1 3 1 3 1 3 1 1 1 1 5 0 1 1 1 1 1 1 1 1 1 1 1 1 1 1 1 1 100 1 1 1 1 1 1 1 1 1 1 1 1 3 1 1 1 1 1 1 1 1 1 1 1 1 1 1 1 1 1 1 1 1 1 1 1 1 1 1 1 1 1 1 1 1 1 1 100 1 1 1 1 1 1 1 100 1 100 1 1
staticfield java/lang/Double TYPE Ljava/lang/Class; java/lang/Class
ciInstanceKlass java/lang/Byte 1 1 215 7 1 100 1 10 100 12 1 1 1 9 12 1 1 8 1 9 12 1 1 100 1 10 12 1 1 10 12 1 1 10 100 12 1 1 1 10 100 12 1 1 1 9 7 12 1 1 1 10 12 1 1 100 1 100 1 10 12 1 1 8 1 10 12 1 1 8 1 10 12 1 10 12 1 10 12 1 10 12 1 1 10 12 1 10 12 1 10 12 1 1 10 8 1 8 1 10 7 1 9 12 1 1 10 12 1 10 12 1 1 10 12 1 1 10 12 1 1 10 12 1 5 0 10 12 1 1 8 1 10 7 12 1 1 1 9 12 1 1 100 1 100 1 1 1 3 1 3 1 1 1 1 3 1 3 1 1 5 0 1 1 1 1 1 1 1 1 1 1 1 1 1 1 1 1 1 1 1 1 1 1 1 1 1 1 1 1 1 1 1 1 1 1 1 1 1 1 1 1 1 1 1 1 1 1 1 1 1 1 1 1 1 1 1
staticfield java/lang/Byte TYPE Ljava/lang/Class; java/lang/Class
ciInstanceKlass java/lang/Short 1 1 224 7 1 100 1 100 1 10 100 12 1 1 1 10 12 1 1 100 1 100 1 10 12 1 1 8 1 10 12 1 1 8 1 10 12 1 10 12 1 10 12 1 10 12 1 1 10 12 1 1 10 12 1 9 12 1 1 8 1 9 12 1 1 100 1 10 12 1 1 10 12 1 10 100 12 1 1 1 10 100 12 1 1 1 9 100 12 1 1 1 10 12 1 10 12 1 1 10 8 1 8 1 10 100 1 9 12 1 1 10 12 1 10 12 1 1 10 12 1 1 10 12 1 1 10 12 1 3 3 5 0 10 12 1 1 8 1 10 7 12 1 1 1 9 12 1 1 100 1 100 1 1 1 3 1 3 1 1 1 1 3 1 3 1 1 5 0 1 1 1 1 1 1 1 1 1 1 1 1 1 1 1 1 1 1 1 1 1 1 1 1 1 1 1 3 1 1 1 1 1 1 1 1 1 1 1 1 1 1 1 1 1 1 1 1 1 1 1 1 1 1 1 1 1
staticfield java/lang/Short TYPE Ljava/lang/Class; java/lang/Class
ciInstanceKlass java/lang/Integer 1 1 445 7 1 100 1 7 1 7 1 10 12 1 1 9 12 1 1 9 12 1 1 10 100 12 1 1 1 10 12 1 1 10 100 12 1 1 1 10 10 12 1 1 10 100 12 1 1 1 10 12 1 10 12 1 1 10 7 12 1 1 1 10 12 1 1 10 12 1 1 10 12 1 10 12 1 10 12 1 1 10 10 12 1 9 12 1 1 9 12 1 100 1 8 1 10 12 1 100 1 10 12 1 8 1 10 12 1 1 10 12 1 8 1 10 12 1 8 1 10 12 1 1 3 10 12 1 1 3 10 12 1 1 10 12 1 1 10 7 12 1 1 1 11 7 1 100 1 10 11 10 12 1 1 8 1 10 12 1 1 8 1 100 1 10 12 1 1 10 12 1 1 5 0 8 1 10 12 1 10 12 1 10 12 1 10 12 1 1 7 1 9 12 1 1 9 12 1 1 10 12 1 10 7 1 9 12 1 10 12 1 10 12 1 10 12 1 1 10 7 12 1 1 1 100 1 100 1 10 12 1 1 10 12 1 1 8 1 8 1 10 12 1 1 8 1 8 1 8 1 8 1 8 1 8 1 10 12 1 10 12 1 10 12 1 5 0 3 3 3 3 10 12 1 3 10 12 1 10 100 12 1 1 1 10 12 1 1 10 12 1 1 8 1 10 7 12 1 1 1 9 12 1 1 3 3 3 3 3 3 9 12 1 1 100 1 100 1 100 1 1 1 1 1 1 1 3 1 3 1 1 5 0 1 1 1 1 1 1 1 1 1 100 1 1 1 1 1 1 1 1 1 1 1 1 1 1 1 1 1 1 1 1 1 1 1 1 1 1 1 1 1 1 1 1 1 1 1 1 1 1 1 3 1 1 1 1 1 1 1 1 1 1 1 1 1 1 1 1 100 1 1 1 1 1 1 1 1 1 1 1 1 1 1 1 1 1 1 1 1 1 1 1 1 1 1 1 1 1 1 1 100 1 1 1 1 1 1 1 1 1 100 1 100 1 1
staticfield java/lang/Integer TYPE Ljava/lang/Class; java/lang/Class
staticfield java/lang/Integer digits [C 36
staticfield java/lang/Integer DigitTens [B 100
staticfield java/lang/Integer DigitOnes [B 100
staticfield java/lang/Integer sizeTable [I 10
ciInstanceKlass java/lang/Long 1 1 506 7 1 100 1 7 1 7 1 10 12 1 1 9 12 1 1 9 7 12 1 1 1 10 100 12 1 1 1 10 12 1 1 10 100 12 1 1 1 10 10 12 10 12 1 10 12 1 10 12 1 5 0 5 0 7 1 10 12 1 1 10 12 1 1 10 12 1 10 12 1 10 12 1 10 12 1 1 10 100 12 1 1 10 12 1 10 12 1 1 10 12 1 1 10 12 1 1 10 12 1 1 10 7 12 1 1 1 10 12 1 1 10 12 1 10 12 1 10 12 1 10 12 1 1 10 10 12 1 5 0 5 0 9 12 1 1 9 12 1 5 0 100 1 8 1 10 12 1 8 1 10 12 1 8 1 8 1 10 12 1 1 5 0 10 12 1 1 5 0 10 12 1 1 10 12 1 1 10 100 12 1 1 1 11 100 1 100 1 10 11 10 12 1 1 8 1 10 12 1 1 8 1 100 1 10 12 1 1 10 12 1 8 1 8 1 11 12 1 1 10 12 1 10 12 1 10 12 1 5 0 5 0 9 7 12 1 1 1 10 12 1 10 12 1 1 8 1 8 1 10 12 1 1 8 1 8 1 8 1 8 1 8 1 8 1 10 12 1 10 12 1 10 12 1 1 10 7 1 9 12 1 1 10 12 1 10 12 1 1 10 7 12 1 1 1 100 1 100 1 10 12 1 1 10 12 1 1 5 0 10 12 1 10 12 1 5 0 5 0 5 0 10 12 1 1 5 0 5 0 10 12 1 10 12 1 10 100 12 1 1 1 10 12 1 1 10 12 1 1 8 1 10 7 12 1 1 1 9 12 1 1 100 1 100 1 100 1 1 1 1 5 0 1 1 1 1 3 1 3 1 5 0 1 1 1 1 1 1 1 1 1 100 1 1 1 1 1 1 1 1 1 1 1 1 1 1 1 1 1 1 1 1 1 1 1 1 1 1 1 1 1 1 1 1 1 1 1 1 1 1 1 1 1 1 1 1 1 1 1 1 1 1 1 1 1 1 3 1 1 1 1 1 1 1 1 1 1 1 1 1 1 1 100 1 1 1 1 1 1 1 1 1 1 1 1 1 1 1 1 1 1 1 1 1 1 1 1 1 1 1 100 1 1 1 1 1 1 1 1 1 100 1 100 1 1
staticfield java/lang/Long TYPE Ljava/lang/Class; java/lang/Class
instanceKlass java/lang/ref/PhantomReference
instanceKlass java/lang/ref/FinalReference
instanceKlass java/lang/ref/WeakReference
instanceKlass java/lang/ref/SoftReference
ciInstanceKlass java/lang/ref/Reference 1 1 195 9 7 12 1 1 1 9 7 12 1 1 10 12 1 1 10 12 1 1 9 12 1 1 10 12 1 1 9 12 1 1 9 12 1 1 7 1 10 12 1 10 7 12 1 1 10 12 1 10 12 1 1 10 12 1 9 12 1 10 12 1 1 10 12 1 10 12 1 9 12 1 100 1 100 1 10 12 1 9 12 1 9 12 1 100 1 10 10 12 1 10 10 7 12 1 1 10 7 12 1 1 1 10 12 1 1 10 7 12 1 1 7 1 8 1 10 12 1 10 12 1 1 10 12 1 1 10 12 1 7 1 10 10 7 12 1 1 1 1 1 1 1 1 1 1 1 1 1 1 1 1 1 1 1 100 1 1 1 100 1 1 1 1 1 1 1 1 1 1 1 1 1 1 1 1 1 1 1 1 1 1 1 1 1 1 1 1 1 1 1 1 1 1 1
staticfield java/lang/ref/Reference processPendingLock Ljava/lang/Object; java/lang/Object
staticfield java/lang/ref/Reference $assertionsDisabled Z 1
instanceKlass com/intellij/util/containers/ConcurrentSoftValueHashMap$MySoftReference
instanceKlass com/intellij/util/containers/ConcurrentSoftHashMap$SoftKey
instanceKlass com/intellij/util/containers/ConcurrentSoftKeySoftValueHashMap$SoftKey
instanceKlass com/intellij/util/containers/ConcurrentWeakKeySoftValueHashMap$SoftValue
instanceKlass sun/util/locale/provider/LocaleResources$ResourceReference
instanceKlass sun/util/resources/Bundles$BundleReference
instanceKlass sun/util/locale/LocaleObjectCache$CacheEntry
instanceKlass com/intellij/util/containers/SoftKeySoftValueHashMap$ValueReference
instanceKlass com/intellij/reference/SoftReference
instanceKlass sun/security/util/MemoryCache$SoftCacheEntry
instanceKlass java/lang/invoke/LambdaFormEditor$Transform
ciInstanceKlass java/lang/ref/SoftReference 1 1 47 10 7 12 1 1 1 9 7 12 1 1 1 9 12 1 10 12 1 10 12 1 1 1 1 1 1 1 1 1 1 1 1 1 1 1 1 1 1 1 1 100 1 1 1 1 1
instanceKlass com/intellij/util/containers/ConcurrentWeakValueHashMap$MyWeakReference
instanceKlass com/intellij/util/containers/ConcurrentWeakKeySoftValueHashMap$WeakKey
instanceKlass com/intellij/util/PatchedWeakReference
instanceKlass com/intellij/util/containers/WeakHashMap$WeakKey
instanceKlass com/intellij/util/containers/UnsafeWeakList$MyReference
instanceKlass com/intellij/util/containers/IntKeyWeakValueHashMap$MyReference
instanceKlass java/lang/WeakPairMap$WeakRefPeer
instanceKlass java/lang/ClassValue$Entry
instanceKlass java/util/logging/LogManager$LoggerWeakRef
instanceKlass java/util/logging/Level$KnownLevel
instanceKlass java/lang/invoke/MethodType$ConcurrentWeakInternSet$WeakEntry
instanceKlass java/lang/ThreadLocal$ThreadLocalMap$Entry
instanceKlass java/util/WeakHashMap$Entry
ciInstanceKlass java/lang/ref/WeakReference 1 1 31 10 7 12 1 1 1 10 12 1 100 1 1 1 1 1 1 1 1 1 1 1 1 1 1 1 1 1 1 1 1
instanceKlass java/lang/ref/Finalizer
ciInstanceKlass java/lang/ref/FinalReference 1 1 47 10 7 12 1 1 1 10 7 12 1 1 1 10 12 1 1 100 1 8 1 10 12 1 1 1 1 1 1 1 1 1 1 1 1 1 1 1 1 1 1 1 1 1 1 1 1
ciInstanceKlass java/lang/ref/Finalizer 1 1 152 9 7 12 1 1 1 10 7 12 1 1 1 9 12 1 1 9 12 1 1 9 12 1 9 12 1 10 12 1 10 12 1 1 9 12 1 1 100 1 10 12 1 7 1 11 7 12 1 1 100 1 10 12 1 100 1 10 12 1 10 100 12 1 1 1 10 100 12 1 1 1 100 1 10 10 12 1 10 7 12 1 1 1 7 1 10 7 1 10 10 7 12 1 1 1 10 12 1 1 10 7 12 1 1 7 1 10 12 1 10 12 1 1 10 12 1 1 10 12 1 1 1 1 1 1 1 1 1 1 1 1 1 1 1 1 1 1 1 1 1 1 1 1 1 1 1 1 1 1 1 1
staticfield java/lang/ref/Finalizer lock Ljava/lang/Object; java/lang/Object
staticfield java/lang/ref/Finalizer $assertionsDisabled Z 1
instanceKlass org/h2/util/CloseWatcher
instanceKlass jdk/internal/ref/PhantomCleanable
instanceKlass jdk/internal/ref/Cleaner
ciInstanceKlass java/lang/ref/PhantomReference 1 1 39 10 100 12 1 1 1 10 7 12 1 1 1 1 1 1 1 1 1 1 1 1 1 1 1 1 1 1 1 1 1 1 1 1 1 1 1 1 1
instanceKlass java/lang/reflect/Executable
instanceKlass java/lang/reflect/Field
ciInstanceKlass java/lang/reflect/AccessibleObject 1 1 398 10 7 12 1 1 1 9 100 12 1 1 1 10 100 12 1 1 1 10 7 12 1 1 10 7 12 1 1 1 10 100 12 1 1 1 10 12 1 1 10 12 1 1 9 12 1 1 100 1 10 7 12 1 1 1 11 12 1 100 1 10 12 1 7 1 100 1 10 12 1 10 12 1 1 7 1 10 7 12 1 1 1 10 12 1 1 7 1 10 12 1 1 7 1 10 10 10 7 12 1 1 1 10 12 1 1 10 12 1 10 12 1 10 12 1 1 10 12 1 8 1 100 1 10 10 12 1 1 8 1 10 12 1 10 12 1 8 1 8 1 8 1 8 1 8 1 8 1 100 1 10 12 1 10 12 1 9 12 1 1 10 12 1 1 10 12 1 10 11 100 1 100 1 8 1 10 10 12 1 10 12 1 1 8 1 10 12 1 8 1 10 12 1 1 10 100 1 8 1 10 11 7 12 1 1 10 12 1 1 10 12 1 1 10 12 1 1 9 12 1 1 100 1 10 12 1 7 1 10 12 1 10 12 1 1 10 100 1 10 12 1 10 12 10 12 1 10 12 1 1 10 12 1 10 12 1 1 10 12 1 9 12 1 10 100 12 1 1 8 1 10 100 12 1 1 1 8 1 10 100 12 1 1 1 9 12 1 100 1 10 7 1 10 10 7 12 1 1 1 7 1 10 10 7 12 1 1 1 7 1 9 12 1 1 1 1 1 1 1 1 1 1 1 1 1 1 1 1 1 1 1 1 1 1 1 1 1 1 1 1 1 1 1 1 1 1 1 1 1 1 1 1 1 1 1 1 1 1 1 1 1 1 1 1 1 1 1 1 1 1 1 1 1 1 1 1 1 1 1 1 1 1 1 1 1 1 1 1 1 1 1 1 1 1 1 1 1
staticfield java/lang/reflect/AccessibleObject reflectionFactory Ljdk/internal/reflect/ReflectionFactory; jdk/internal/reflect/ReflectionFactory
instanceKlass java/lang/reflect/Constructor
instanceKlass java/lang/reflect/Method
ciInstanceKlass java/lang/reflect/Executable 1 1 548 10 7 12 1 1 1 10 7 12 1 1 1 10 7 12 1 1 1 11 7 12 1 1 1 10 7 12 1 1 1 10 12 1 1 10 7 12 1 1 1 10 7 12 1 1 1 10 12 1 8 1 10 10 12 1 1 10 12 1 1 10 7 12 1 1 1 18 12 1 1 11 7 12 1 1 1 8 1 8 1 8 1 10 7 12 1 1 1 11 12 1 1 7 1 8 1 8 1 10 12 1 100 1 8 1 10 12 1 8 1 11 100 12 1 1 1 100 1 10 12 1 1 11 12 1 8 1 18 8 1 10 12 1 10 12 1 1 18 8 1 10 12 1 100 1 10 12 1 10 12 1 11 7 12 1 1 10 12 1 1 8 1 8 1 10 12 1 1 10 12 1 1 10 10 12 1 100 1 10 10 12 1 10 12 1 1 10 7 12 1 1 10 12 1 10 12 1 10 12 1 1 10 7 12 1 1 10 12 1 10 12 1 10 7 12 1 1 1 10 12 1 8 1 10 12 1 10 12 1 3 100 1 8 1 10 12 1 10 12 1 10 10 12 1 10 12 1 1 8 1 8 1 8 1 9 12 1 10 12 1 100 1 8 1 9 12 1 10 12 1 10 12 1 1 10 12 1 1 10 12 1 10 12 10 12 1 7 1 10 12 1 10 12 1 1 100 1 10 100 12 1 1 1 7 1 10 7 12 1 1 1 10 12 1 1 11 7 12 1 1 10 7 12 1 1 10 100 12 1 1 1 10 12 1 1 9 12 1 10 12 1 1 10 12 1 10 12 1 1 9 100 12 1 1 1 10 100 12 1 1 1 10 12 1 10 12 1 1 9 12 1 10 10 10 10 100 12 1 1 1 10 12 1 9 12 1 10 12 1 1 9 12 1 100 1 100 1 1 1 1 1 1 1 1 1 1 1 1 1 1 1 1 1 1 1 1 1 1 1 1 1 1 1 1 1 1 1 1 1 1 100 1 1 1 1 1 1 1 1 100 1 1 1 1 1 1 1 1 1 1 1 1 100 1 1 1 1 1 1 1 1 1 1 1 1 1 1 1 1 1 1 1 1 1 1 1 1 1 1 1 1 1 1 1 1 1 1 1 1 1 1 1 1 1 100 1 1 1 1 1 1 1 1 1 1 1 1 1 1 1 1 1 1 1 1 1 100 1 100 1 1 15 10 7 12 1 1 1 16 15 16 1 16 1 15 10 12 16 1 100 1 1 100 1 100 1 1
ciInstanceKlass java/lang/reflect/Constructor 1 1 433 10 7 12 1 1 1 10 7 12 1 1 9 7 12 1 1 1 10 12 1 1 10 12 1 1 10 7 12 1 1 9 12 1 1 10 7 12 1 1 1 9 12 1 1 9 12 1 1 9 12 1 9 12 1 1 9 12 1 9 12 1 1 9 12 1 1 9 12 1 100 1 8 1 10 12 1 10 12 1 9 12 1 1 10 7 12 1 1 10 7 12 1 1 1 10 12 1 1 10 12 1 1 10 12 1 7 1 100 1 8 1 10 10 12 1 10 12 1 10 12 1 1 10 12 1 1 9 100 12 1 1 1 10 7 12 1 1 10 12 1 1 10 12 1 10 12 1 1 10 100 12 1 1 1 10 100 12 1 1 10 12 1 1 10 12 1 10 100 12 1 1 1 8 1 10 10 12 1 100 1 8 1 10 12 1 10 12 1 1 10 12 1 1 10 12 1 10 12 1 10 12 1 1 10 12 1 1 9 12 1 1 10 12 1 1 10 12 1 1 10 12 1 8 1 10 12 1 1 11 7 12 1 1 1 10 12 1 1 10 12 1 10 12 1 9 12 1 1 10 7 12 1 1 1 10 12 1 1 10 12 1 1 10 12 1 1 10 12 1 1 10 12 1 9 100 12 1 1 10 12 1 10 12 1 10 12 1 100 1 8 1 10 10 12 1 1 10 12 1 10 10 12 1 1 10 12 1 1 10 100 12 1 1 1 11 100 12 1 1 1 10 12 1 1 9 100 12 1 1 1 10 100 12 1 1 1 10 12 1 1 1 1 1 1 1 1 1 1 1 1 1 1 1 1 1 1 1 1 1 1 1 1 1 1 1 1 1 1 1 1 1 1 1 1 1 1 1 1 1 1 1 1 1 1 1 1 1 1 1 100 1 100 1 100 1 100 1 1 1 1 1 1 1 1 1 1 1 1 1 1 1 1 1 1 1 1 1 1 1 1 1 1 1 1 1 1 1 1 1 100 1 1
ciInstanceKlass java/lang/reflect/Method 1 1 450 9 7 12 1 1 1 10 7 12 1 1 1 10 7 12 1 1 9 12 1 1 10 12 1 1 10 12 1 1 10 7 12 1 1 10 7 12 1 1 1 9 12 1 1 9 12 1 9 12 1 1 9 12 1 9 12 1 9 12 1 1 9 12 1 9 12 1 1 9 12 1 9 12 1 9 12 1 1 7 1 8 1 10 12 1 10 12 1 9 12 1 1 8 1 10 7 12 1 1 10 7 12 1 1 1 10 12 1 1 10 12 1 1 10 12 1 10 12 1 1 10 12 1 1 9 100 12 1 1 1 10 12 1 1 10 12 10 7 12 1 1 10 12 1 1 10 12 1 10 12 1 10 12 1 10 7 12 1 1 1 10 12 1 1 10 7 1 10 100 12 1 1 1 10 7 12 1 1 10 12 1 1 10 12 1 1 10 12 1 10 7 12 1 1 1 10 12 1 10 8 1 10 12 1 10 12 1 7 1 8 1 8 1 8 1 10 12 1 10 12 1 1 10 12 1 1 10 10 12 1 1 10 12 1 11 100 1 9 12 1 1 10 12 1 1 10 12 1 10 12 1 1 10 12 1 1 11 7 12 1 1 1 10 12 1 10 12 1 10 12 1 10 12 1 10 12 1 9 12 1 1 10 7 12 1 1 1 10 12 1 1 10 7 12 1 1 1 10 7 12 1 1 1 10 7 12 1 1 1 11 7 12 1 1 1 10 7 12 1 1 1 7 1 100 1 100 1 10 12 1 10 12 1 1 10 12 1 100 1 8 1 10 12 1 10 10 12 1 1 10 12 1 1 10 12 1 1 10 12 1 1 8 1 10 12 1 1 1 1 1 1 1 1 1 1 1 1 1 1 1 1 1 1 1 1 1 1 1 1 1 1 1 1 1 1 1 1 1 1 1 1 1 1 1 1 1 1 1 1 1 1 1 1 1 1 1 1 1 100 1 7 1 7 1 1 1 1 1 1 1 1 1 1 1 1 1 1 1 1 1 1 1 1 1 1 1 1 1 1
ciInstanceKlass java/lang/reflect/Field 1 1 437 9 7 12 1 1 1 10 12 1 1 10 7 12 1 1 1 10 7 12 1 1 9 12 1 1 10 12 1 1 10 12 1 1 10 7 12 1 1 10 7 12 1 1 1 9 12 1 1 9 12 1 9 12 1 9 12 1 1 9 12 1 1 9 12 1 9 12 1 1 9 12 1 1 100 1 8 1 10 12 1 10 12 1 9 12 1 1 9 12 1 10 12 1 10 7 12 1 1 10 12 1 1 10 12 1 1 10 12 1 10 12 1 1 7 1 10 12 1 1 10 12 1 1 10 12 1 1 10 12 1 10 12 1 10 7 1 10 7 12 1 1 100 1 10 8 1 10 12 1 1 10 12 1 1 8 1 10 12 10 12 1 8 1 8 1 10 11 100 1 9 12 1 10 12 1 1 10 12 1 1 11 7 12 1 1 1 11 12 1 1 11 12 1 1 11 12 1 1 11 12 1 1 11 12 1 1 11 12 1 1 11 12 1 1 11 12 1 1 11 12 1 1 11 12 1 1 11 12 1 1 11 12 1 1 11 12 1 1 11 12 1 1 11 12 1 1 11 12 1 1 11 12 1 1 10 12 1 10 100 12 1 1 10 12 1 10 12 1 1 10 12 9 12 1 1 10 7 12 1 1 1 10 12 1 1 10 7 12 1 1 10 12 1 1 11 7 1 10 12 1 7 1 10 100 12 1 1 1 10 7 12 1 1 1 9 12 1 10 7 12 1 1 1 11 7 12 1 1 1 10 12 1 1 10 12 1 1 9 100 12 1 1 1 10 100 12 1 1 1 10 12 1 1 100 1 1 1 1 1 1 1 1 1 1 1 1 1 1 1 1 1 1 1 1 1 1 1 1 1 1 1 1 1 1 1 1 1 1 1 100 1 1 1 1 1 1 1 1 1 1 1 1 1 1 1 1 1 1 1 1 1 1 1 1 1 1 1 1 1 1 1 1 1 1 100 1 1 1 1 1 1 1 1 100 1 1
ciInstanceKlass java/lang/reflect/Parameter 1 1 226 10 7 12 1 1 1 9 7 12 1 1 1 9 12 1 1 9 12 1 1 9 12 1 10 12 1 1 10 12 1 1 10 7 12 1 1 1 100 1 10 10 12 1 1 11 100 12 1 1 1 10 12 1 10 100 12 1 1 1 10 12 1 1 10 12 1 10 12 1 8 1 8 1 10 7 12 1 1 1 10 12 1 10 12 10 12 1 8 1 10 12 1 9 12 1 1 10 12 1 1 9 12 1 1 10 12 1 1 10 12 1 1 10 12 1 1 10 12 1 10 10 12 1 10 100 12 1 1 1 10 12 1 1 11 100 12 1 1 10 100 12 1 1 100 1 10 100 12 1 1 1 10 12 1 1 10 12 1 1 10 12 1 1 10 12 1 1 9 12 1 100 1 10 11 12 1 1 11 12 1 1 100 1 1 1 1 1 1 1 1 1 1 1 1 1 1 1 1 1 1 1 1 1 1 1 1 1 1 1 1 1 1 1 1 1 1 1 1 1 1 100 1 1 1 1
ciInstanceKlass java/lang/StringBuffer 1 1 470 10 7 12 1 1 1 10 12 1 10 12 1 10 12 1 1 9 7 12 1 1 1 10 12 1 1 10 12 1 10 12 1 1 9 12 1 1 10 12 1 10 12 1 1 10 12 1 1 10 12 1 10 12 1 1 10 12 1 10 12 1 1 10 12 1 1 10 100 12 1 1 1 10 12 1 1 10 12 1 10 12 1 10 12 1 10 12 1 10 12 1 10 12 1 10 12 1 10 12 1 10 12 1 10 12 1 10 12 1 10 12 1 10 12 1 10 12 1 1 10 12 1 10 12 1 1 10 12 1 1 10 10 12 1 1 10 12 1 10 12 1 10 12 1 10 12 1 10 12 1 10 12 1 10 12 10 12 1 10 12 1 10 12 1 10 12 1 1 10 12 1 10 12 1 10 10 12 1 1 10 12 1 1 9 12 1 1 10 7 12 1 1 1 10 100 1 10 10 100 12 1 1 1 10 10 12 1 10 8 10 100 12 1 1 1 8 10 12 1 8 1 10 12 1 10 12 1 10 100 12 1 1 1 10 100 12 1 1 1 7 1 10 12 100 1 8 1 10 10 12 1 1 10 12 1 1 10 12 1 1 10 12 1 10 12 1 10 12 1 10 12 1 10 12 1 10 12 1 10 12 1 10 12 1 10 12 1 10 12 1 10 12 1 10 12 1 10 12 1 10 12 1 10 12 1 10 12 1 10 12 10 12 10 12 1 10 12 1 10 12 1 10 12 10 12 1 10 12 1 10 12 1 10 12 1 10 12 1 10 12 1 10 12 1 10 12 1 10 12 1 10 12 1 10 12 1 7 1 10 12 1 9 7 12 1 1 1 9 7 1 9 12 1 1 100 1 100 1 100 1 1 1 1 5 0 1 1 1 1 1 1 1 1 1 1 1 1 1 1 1 1 1 1 1 1 1 1 1 1 1 1 1 1 1 1 1 1 1 1 1 1 1 1 1 1 1 1 1 1 1 1 1 1 1 1 1 1 1 1 1 1 1 1 1 1 100 1 1 1 1 1 100 1 1 1 1 1 1 1 1 1 1 1 1 1 1 1 1 1
staticfield java/lang/StringBuffer serialPersistentFields [Ljava/io/ObjectStreamField; 3 [Ljava/io/ObjectStreamField;
ciInstanceKlass java/lang/CharSequence 1 1 130 11 100 12 1 1 1 18 12 1 1 100 1 10 100 12 1 1 1 18 10 100 12 1 1 1 10 100 12 1 1 1 100 1 11 12 1 1 10 100 12 1 1 1 11 12 1 1 100 1 10 12 1 1 10 100 12 1 1 1 100 1 10 10 12 1 1 1 1 1 1 1 1 1 1 1 1 1 1 1 1 1 1 1 1 1 1 1 1 1 1 1 1 1 1 1 1 1 1 15 10 100 12 1 1 1 16 1 15 11 12 16 15 11 12 1 1 100 1 100 1 1 100 1 1 100 1 100 1 1
instanceKlass java/lang/StringBuilder
instanceKlass java/lang/StringBuffer
ciInstanceKlass java/lang/AbstractStringBuilder 1 1 547 7 1 7 1 10 7 12 1 1 1 9 7 12 1 1 1 9 12 1 9 12 1 1 9 12 1 1 10 7 12 1 1 1 10 12 1 1 3 3 10 12 1 10 12 1 1 11 7 1 100 1 100 1 10 8 1 10 12 1 10 12 1 10 12 1 1 10 12 1 10 12 1 10 12 1 9 12 1 1 10 12 1 1 10 7 12 1 1 1 10 10 12 1 10 12 1 10 12 1 1 10 12 1 1 10 7 12 1 1 1 10 7 12 1 1 1 100 1 8 1 10 10 12 1 1 100 1 10 12 10 12 1 1 10 10 12 1 1 10 12 1 1 10 12 1 1 10 12 1 1 100 1 10 10 12 1 10 100 12 1 1 1 10 12 1 1 10 12 1 10 12 1 1 10 10 12 1 1 10 12 10 12 1 10 12 1 1 10 12 1 1 10 12 1 1 10 12 1 10 10 12 1 1 10 12 1 10 12 1 1 8 1 10 12 1 1 10 12 1 10 12 1 10 12 1 10 12 1 10 12 1 10 12 1 10 7 12 1 1 10 12 1 10 12 1 10 100 12 1 1 1 10 12 1 10 12 1 10 12 1 10 12 1 10 12 1 1 10 12 1 10 12 1 1 10 12 1 1 10 10 7 12 1 1 1 10 12 1 10 12 1 10 12 1 1 10 12 1 10 12 1 10 12 1 10 12 1 10 12 1 10 12 1 10 12 1 10 12 1 10 12 1 1 10 12 1 10 12 1 10 12 10 12 1 1 18 12 1 1 100 1 10 100 12 1 1 1 18 10 12 1 1 10 12 1 10 12 1 1 11 12 1 10 12 1 10 12 1 10 10 12 1 10 8 1 8 1 8 1 10 10 100 1 10 12 1 100 1 10 100 1 10 100 1 1 1 3 1 1 1 1 1 1 1 1 1 1 100 1 1 1 1 1 1 1 1 1 1 1 1 1 1 1 1 1 1 1 1 1 1 1 1 1 1 1 1 1 1 1 1 1 1 1 1 1 1 1 1 1 1 1 1 1 1 1 1 1 1 1 1 1 1 1 1 1 1 1 1 1 1 1 1 1 1 1 1 1 1 1 1 1 1 1 1 1 1 1 1 1 1 1 1 1 1 1 1 1 1 1 1 1 1 1 1 1 100 1 1 100 1 1 1 1 1 100 1 1 1 1 1 1 15 10 100 12 1 1 1 16 1 15 10 12 16 15 10 12 1 1 1 1 100 1 100 1 1
staticfield java/lang/AbstractStringBuilder EMPTYVALUE [B 0
ciMethod java/lang/AbstractStringBuilder append (Ljava/lang/String;)Ljava/lang/AbstractStringBuilder; 512 0 11812 0 -1
ciMethod java/lang/AbstractStringBuilder append (I)Ljava/lang/AbstractStringBuilder; 12 0 5101 0 -1
ciMethod java/lang/AbstractStringBuilder <init> (I)V 286 0 5280 0 -1
ciMethod java/lang/AbstractStringBuilder isLatin1 ()Z 852 0 145963 0 -1
ciInstanceKlass java/lang/SecurityManager 0 0 576 10 100 12 1 1 1 9 100 12 1 1 1 10 100 12 1 1 1 100 1 8 1 10 12 1 10 12 1 1 10 100 12 1 1 1 10 100 1 10 100 1 10 9 100 12 1 1 1 10 100 12 1 1 1 10 12 1 1 10 100 12 1 1 100 1 8 1 10 9 12 1 1 9 12 1 8 1 9 12 1 100 1 10 8 1 10 12 1 1 10 12 1 10 12 1 1 100 1 10 10 12 1 1 100 1 8 1 10 12 1 8 1 8 1 8 1 8 1 8 1 8 1 10 12 1 8 1 8 1 8 1 8 1 8 1 10 100 12 1 1 1 10 12 1 1 8 1 100 1 8 1 10 8 1 8 1 8 1 8 1 8 1 10 100 12 1 1 8 1 100 1 8 1 8 1 10 8 1 10 12 1 100 1 8 1 10 10 12 1 1 10 12 1 10 12 1 10 12 1 10 100 12 1 1 1 10 12 1 10 100 12 1 1 11 100 12 1 1 1 18 12 1 1 11 100 12 1 1 1 18 12 1 1 11 12 1 1 18 18 11 12 1 18 12 1 11 12 1 1 9 12 1 1 9 12 1 9 12 1 9 12 1 100 1 10 100 12 1 1 10 12 1 10 12 1 18 12 1 18 10 100 12 1 1 1 18 12 1 10 12 1 18 18 8 1 10 12 1 9 12 1 1 11 100 12 1 1 1 8 1 100 1 10 12 1 10 12 1 1 10 12 1 1 9 12 1 1 10 12 1 10 12 1 1 8 1 100 1 10 9 12 1 8 1 10 12 1 8 1 100 1 10 10 100 12 1 1 10 100 1 9 100 12 1 1 1 11 12 1 1 10 12 1 11 12 1 10 12 1 100 1 10 10 12 1 1 10 12 1 1 1 1 1 1 1 1 1 1 1 100 1 1 1 1 1 1 1 1 1 1 1 1 1 1 1 1 1 1 1 1 1 1 1 1 1 1 1 1 1 1 1 1 1 1 1 1 1 1 1 1 1 1 1 1 1 1 1 1 1 1 1 1 1 1 1 1 3 1 1 1 1 1 1 1 1 1 1 100 1 1 1 1 1 1 1 1 1 1 1 1 1 1 1 1 1 1 1 1 1 1 1 1 1 1 1 1 1 1 1 1 1 1 1 1 1 1 15 10 100 12 1 1 1 16 15 10 100 12 1 1 1 16 1 16 15 10 12 16 1 15 10 12 16 15 11 100 1 16 1 16 1 15 10 12 16 15 10 12 16 15 10 12 1 16 1 15 11 12 1 15 10 12 16 15 10 16 1 1 1 1 100 1 100 1 1
instanceKlass com/intellij/psi/util/ConstantEvaluationOverflowException
instanceKlass com/intellij/psi/impl/compiled/ClsElementImpl$InvalidMirrorException
instanceKlass com/intellij/psi/impl/compiled/OutOfOrderInnerClassException
instanceKlass org/jetbrains/kotlin/types/error/LazyWrappedTypeComputationException
instanceKlass org/jetbrains/kotlin/protobuf/UninitializedMessageException
instanceKlass org/jetbrains/kotlin/lexer/KotlinLexerException
instanceKlass com/intellij/psi/text/BlockSupport$ReparsedSuccessfullyException
instanceKlass java/util/concurrent/CompletionException
instanceKlass com/intellij/psi/impl/DebugUtil$IncorrectTreeStructureException
instanceKlass java/util/ConcurrentModificationException
instanceKlass org/eclipse/lsp4j/jsonrpc/ResponseErrorException
instanceKlass org/eclipse/lsp4j/jsonrpc/JsonRpcException
instanceKlass org/eclipse/lsp4j/jsonrpc/MessageIssueException
instanceKlass com/google/gson/JsonParseException
instanceKlass org/h2/message/DbException
instanceKlass kotlin/reflect/jvm/internal/impl/protobuf/UninitializedMessageException
instanceKlass kotlin/reflect/jvm/internal/impl/utils/WrappedValues$WrappedProcessCanceledException
instanceKlass kotlin/KotlinNothingValueException
instanceKlass org/jetbrains/kotlin/utils/WrappedValues$WrappedProcessCanceledException
instanceKlass java/nio/file/FileSystemAlreadyExistsException
instanceKlass java/nio/file/FileSystemNotFoundException
instanceKlass org/jetbrains/kotlin/analyzer/CompilationErrorException
instanceKlass com/intellij/openapi/util/RecursionManager$CachingPreventedException
instanceKlass com/intellij/core/CoreJavaCodeStyleManager$1CancelException
instanceKlass com/intellij/openapi/util/StackOverflowPreventedException
instanceKlass com/intellij/openapi/vfs/InvalidVirtualFileAccessException
instanceKlass com/intellij/psi/PsiInvalidElementAccessException
instanceKlass com/fasterxml/aalto/UncheckedStreamException
instanceKlass java/util/concurrent/RejectedExecutionException
instanceKlass com/intellij/openapi/extensions/SortingException
instanceKlass com/intellij/diagnostic/ImplementationConflictException
instanceKlass java/util/EmptyStackException
instanceKlass com/intellij/openapi/diagnostic/RuntimeExceptionWithAttachments
instanceKlass com/intellij/diagnostic/PluginException
instanceKlass com/intellij/openapi/project/IndexNotReadyException
instanceKlass com/intellij/openapi/editor/ReadOnlyModificationException
instanceKlass com/intellij/openapi/editor/ReadOnlyFragmentModificationException
instanceKlass com/intellij/util/lang/CompoundRuntimeException
instanceKlass com/intellij/util/pico/PicoException
instanceKlass com/intellij/openapi/extensions/ExtensionNotApplicableException
instanceKlass java/io/UncheckedIOException
instanceKlass java/util/MissingResourceException
instanceKlass com/intellij/openapi/progress/ProcessCanceledException
instanceKlass com/intellij/util/IncorrectOperationException
instanceKlass kotlin/NoWhenBranchMatchedException
instanceKlass org/javacs/kt/util/KotlinLSException
instanceKlass org/jetbrains/kotlin/utils/KotlinExceptionWithAttachments
instanceKlass java/util/NoSuchElementException
instanceKlass java/lang/reflect/UndeclaredThrowableException
instanceKlass java/lang/SecurityException
instanceKlass com/beust/jcommander/ParameterException
instanceKlass java/lang/IndexOutOfBoundsException
instanceKlass kotlin/UninitializedPropertyAccessException
instanceKlass java/lang/IllegalStateException
instanceKlass java/lang/UnsupportedOperationException
instanceKlass java/lang/IllegalArgumentException
instanceKlass java/lang/ArithmeticException
instanceKlass java/lang/NullPointerException
instanceKlass java/lang/IllegalMonitorStateException
instanceKlass java/lang/ArrayStoreException
instanceKlass java/lang/ClassCastException
ciInstanceKlass java/lang/RuntimeException 1 1 40 10 7 12 1 1 1 10 12 1 10 12 1 10 12 1 10 12 1 100 1 1 1 1 5 0 1 1 1 1 1 1 1 1 1 1 1 1 1 1
instanceKlass org/jetbrains/kotlin/container/UnresolvedServiceException
instanceKlass java/nio/charset/UnsupportedCharsetException
instanceKlass java/nio/charset/IllegalCharsetNameException
instanceKlass java/util/regex/PatternSyntaxException
instanceKlass java/nio/file/InvalidPathException
instanceKlass java/nio/file/ProviderMismatchException
instanceKlass java/lang/NumberFormatException
ciInstanceKlass java/lang/IllegalArgumentException 1 1 35 10 7 12 1 1 1 10 12 1 10 12 1 10 12 1 100 1 1 1 1 5 0 1 1 1 1 1 1 1 1 1 1 1 1
ciInstanceKlass java/lang/ArithmeticException 1 1 26 10 100 12 1 1 1 10 12 1 100 1 1 1 1 5 0 1 1 1 1 1 1 1 1 1
instanceKlass kotlin/KotlinNullPointerException
ciInstanceKlass java/lang/NullPointerException 1 1 52 10 100 12 1 1 1 10 12 1 9 100 12 1 1 1 10 12 1 1 9 12 1 1 10 12 1 1 10 12 1 1 1 1 5 0 1 1 1 1 1 1 1 1 100 1 100 1 100 1 1 1
instanceKlass com/google/common/collect/Maps$ViewCachingAbstractMap
instanceKlass kotlin/collections/AbstractMutableMap
instanceKlass org/jetbrains/kotlin/protobuf/SmallSortedMap
instanceKlass com/google/gson/internal/LinkedTreeMap
instanceKlass org/h2/mvstore/tx/TransactionMap
instanceKlass org/h2/mvstore/MVMap
instanceKlass kotlin/reflect/jvm/internal/impl/protobuf/SmallSortedMap
instanceKlass java/util/Collections$SingletonMap
instanceKlass com/intellij/util/containers/ConcurrentRefHashMap
instanceKlass com/intellij/util/containers/RefHashMap
instanceKlass java/util/concurrent/ConcurrentSkipListMap
instanceKlass java/util/EnumMap
instanceKlass java/util/TreeMap
instanceKlass java/util/IdentityHashMap
instanceKlass java/util/WeakHashMap
instanceKlass java/util/Collections$EmptyMap
instanceKlass sun/util/PreHashedMap
instanceKlass java/util/HashMap
instanceKlass java/util/ImmutableCollections$AbstractImmutableMap
instanceKlass java/util/concurrent/ConcurrentHashMap
ciInstanceKlass java/util/AbstractMap 1 1 192 10 7 12 1 1 1 10 7 12 1 1 1 11 7 12 1 1 1 10 11 12 1 1 11 7 12 1 1 1 11 12 1 1 7 1 11 12 1 10 12 1 1 11 12 1 100 1 10 11 12 1 11 7 1 10 12 1 1 11 12 1 9 12 1 1 7 1 10 12 1 9 12 1 1 100 1 10 11 11 12 1 1 11 12 1 100 1 100 1 11 12 1 8 1 100 1 10 10 12 1 1 8 1 10 12 1 10 12 1 1 10 12 1 1 1 1 1 1 1 1 1 1 1 1 1 1 1 1 1 1 1 1 1 1 1 1 1 1 1 1 1 1 1 1 1 1 1 1 1 1 1 1 100 1 1 1 1 1 1 1 1 1 1 1 1 1 1 1 1 100 1 1 1 1 1 1 1 1 1 100 1 100 1 100 1 100 1 1 1 1 1
ciInstanceKlass java/util/Collections$EmptyList 1 1 150 10 7 12 1 1 1 10 7 12 1 1 1 10 12 1 1 11 100 12 1 1 1 7 1 100 1 100 1 10 8 1 10 12 1 1 10 12 1 10 12 1 1 10 12 1 7 1 11 10 100 12 1 1 1 10 100 12 1 1 1 9 12 1 1 100 1 100 1 100 1 1 1 1 5 0 1 1 1 1 1 1 1 1 1 1 1 1 1 1 1 1 1 1 1 1 1 1 1 1 1 1 1 1 1 1 1 1 1 1 1 1 1 1 1 1 1 1 1 1 1 1 1 1 1 1 1 1 1 1 1 1 1 1 1 1 1 1 1 1 1 1 1 1 1 1 1 1 1 1
ciInstanceKlass java/security/AccessControlContext 1 1 373 9 7 12 1 1 1 9 12 1 1 10 100 12 1 1 1 8 1 10 100 12 1 1 1 10 7 12 1 1 1 9 12 1 9 12 1 1 9 12 1 1 10 7 12 1 1 100 1 10 12 1 11 100 12 1 1 1 11 12 1 11 12 1 11 12 1 1 7 1 11 12 1 1 10 12 1 10 7 12 1 1 1 9 100 12 1 1 1 10 100 12 1 1 1 11 100 12 1 1 1 10 7 1 100 1 8 1 10 12 1 10 12 1 1 7 1 10 7 12 1 1 1 9 12 1 9 12 1 9 12 1 9 12 1 1 9 12 1 1 9 12 1 9 12 1 10 7 12 1 1 1 9 12 1 10 12 1 1 10 12 1 1 8 1 10 12 1 1 10 12 1 1 10 100 12 1 1 1 100 1 10 10 12 1 1 10 100 12 1 1 1 10 8 1 10 100 12 1 1 8 1 10 100 12 1 1 8 1 8 1 10 12 1 8 1 10 12 1 8 1 10 12 1 10 12 1 10 12 1 1 8 1 8 1 100 1 10 12 1 10 12 1 1 100 1 10 12 1 8 1 10 12 1 10 12 1 10 8 1 10 12 1 1 10 12 1 1 10 12 1 1 10 12 1 1 10 12 1 10 12 1 10 12 1 10 12 1 1 10 10 10 12 1 1 1 1 1 1 1 1 1 1 1 1 1 1 1 1 1 1 1 1 1 1 1 1 100 1 1 1 1 1 1 1 1 1 1 1 1 1 1 1 1 1 1 1 1 1 1 1 1 1 1 1 1 1 1 1 1 1 1 1 1 1 1 1 1 1 1 1 1 1 1 1 1 1 1 1 1 3 1 1
ciInstanceKlass java/net/URL 1 1 743 10 7 12 1 1 1 10 12 1 10 7 12 1 1 9 12 1 1 9 12 1 10 7 12 1 1 1 10 12 1 1 10 12 1 1 9 12 1 1 10 7 12 1 1 1 8 1 10 12 1 1 100 1 10 10 12 1 1 8 1 10 12 1 1 9 12 1 100 1 8 1 10 12 1 10 12 1 8 1 9 12 1 10 12 1 1 9 12 1 10 12 1 10 12 1 9 12 1 9 12 1 8 1 9 12 1 10 12 1 1 8 1 9 12 1 1 10 12 1 1 10 7 12 1 1 1 8 1 10 12 1 7 1 10 12 1 10 12 1 10 12 1 10 12 1 1 10 12 1 1 8 1 10 12 1 1 10 12 1 8 1 9 12 1 8 1 10 12 1 10 7 12 1 1 1 100 1 10 12 1 10 12 1 1 10 7 12 1 1 1 100 1 8 1 10 10 12 1 8 1 10 12 1 1 10 12 1 10 12 1 10 12 1 10 12 1 10 12 1 8 1 10 12 1 10 10 7 12 1 1 1 10 12 1 9 100 12 1 1 1 10 100 12 1 1 1 9 12 1 1 10 12 1 10 100 12 1 1 1 100 1 100 1 10 12 1 10 12 1 10 12 1 10 12 1 10 12 1 10 12 10 10 10 12 1 100 1 10 12 1 10 12 1 1 8 1 9 100 12 1 1 1 10 100 12 1 1 1 10 12 1 1 9 100 12 1 1 1 10 12 1 1 100 1 10 12 1 10 12 1 10 10 12 1 1 10 12 1 1 10 12 1 10 12 1 10 12 1 10 7 12 1 1 1 10 12 1 1 10 12 1 9 12 1 1 9 12 1 1 100 1 8 1 10 10 12 1 9 12 1 1 10 7 12 1 1 8 1 10 7 12 1 1 8 1 10 12 1 1 10 12 1 8 1 8 1 10 7 12 1 1 1 100 1 10 100 12 1 1 1 10 12 1 10 12 1 100 1 10 9 12 1 1 10 7 12 1 1 8 1 10 12 1 1 100 1 10 10 100 12 1 1 1 8 9 100 12 1 1 1 10 12 1 10 12 1 10 12 1 10 12 1 10 7 12 1 1 11 7 12 1 1 10 12 1 10 12 1 9 12 1 10 12 1 1 10 100 12 1 1 10 100 12 1 1 1 8 10 100 12 1 1 100 1 10 8 8 10 12 1 8 8 8 100 1 10 12 1 9 12 1 1 10 12 1 10 12 1 1 10 12 1 10 12 10 12 1 1 10 12 1 1 10 10 10 12 1 10 12 1 10 12 1 10 12 1 10 12 1 10 10 12 1 100 1 8 1 10 10 10 12 1 1 10 12 1 10 12 1 1 8 1 7 1 10 10 10 7 1 10 12 1 9 7 12 1 1 1 9 12 1 1 7 1 10 10 7 12 1 1 1 100 1 1 1 1 1 5 0 1 1 1 1 1 1 1 1 1 1 1 1 1 1 1 1 1 1 1 1 1 1 1 1 1 1 1 1 1 1 1 1 1 1 1 1 1 1 1 100 1 1 1 1 1 1 1 1 1 1 1 1 1 1 1 1 1 1 1 1 1 1 1 1 1 1 1 1 1 1 1 1 1 1 1 1 1 100 1 1 1 1 1 1 1 1 1 1 1 1 1 1 1 1 100 1 1 1 1 1 1 1 1 1 1 1 1 1 1 1 1 1 1
staticfield java/net/URL defaultFactory Ljava/net/URLStreamHandlerFactory; java/net/URL$DefaultFactory
staticfield java/net/URL streamHandlerLock Ljava/lang/Object; java/lang/Object
staticfield java/net/URL serialPersistentFields [Ljava/io/ObjectStreamField; 7 [Ljava/io/ObjectStreamField;
ciInstanceKlass java/util/jar/Manifest 1 1 336 10 7 12 1 1 1 7 1 10 9 7 12 1 1 1 7 1 10 9 12 1 1 9 12 1 1 10 12 1 10 12 1 1 10 12 1 1 10 12 1 1 10 12 1 1 11 7 1 11 12 1 1 10 12 1 1 10 100 12 1 1 1 100 1 100 1 10 8 1 10 12 1 1 10 12 1 1 10 12 1 10 12 1 11 100 1 10 12 1 10 12 1 1 11 12 1 1 10 12 1 11 12 1 1 11 100 12 1 1 1 11 100 12 1 1 11 12 1 1 100 1 10 12 1 8 1 11 12 1 7 1 10 12 1 1 11 12 1 10 12 1 10 12 1 10 100 12 1 1 1 8 1 10 12 1 1 10 9 7 12 1 1 1 10 12 1 1 10 100 12 1 10 12 1 10 12 1 9 100 12 1 1 1 8 1 10 12 1 8 1 8 1 7 1 10 12 1 10 12 1 10 12 1 1 100 1 8 1 10 12 1 1 8 1 10 10 12 1 1 8 1 10 12 1 1 10 7 12 1 1 1 10 12 1 10 11 12 1 1 10 12 1 10 7 12 1 1 1 10 12 1 1 10 12 1 1 11 10 12 1 11 10 12 1 100 1 1 1 1 1 1 1 1 1 1 1 1 1 1 1 1 1 1 1 1 1 1 1 1 1 1 1 1 1 1 1 1 1 1 1 1 1 1 1 1 1 1 1 100 1 1 1 1 1 1 1 1 1 1 1 1 1 1 100 1 1 1 1 1 1 1 1 1 1 1
instanceKlass com/google/common/collect/Multimaps$Entries
instanceKlass com/google/common/collect/AbstractMapBasedMultimap$WrappedCollection
instanceKlass com/google/common/collect/ImmutableCollection
instanceKlass it/unimi/dsi/fastutil/ints/AbstractIntCollection
instanceKlass java/util/TreeMap$Values
instanceKlass java/util/concurrent/ConcurrentLinkedDeque
instanceKlass com/intellij/util/containers/UnsafeWeakList
instanceKlass java/util/AbstractQueue
instanceKlass it/unimi/dsi/fastutil/objects/AbstractObjectCollection
instanceKlass com/intellij/util/containers/ImmutableList
instanceKlass java/util/LinkedHashMap$LinkedValues
instanceKlass java/util/HashMap$Values
instanceKlass java/util/IdentityHashMap$Values
instanceKlass java/util/ArrayDeque
instanceKlass java/util/AbstractSet
instanceKlass java/util/ImmutableCollections$AbstractImmutableCollection
instanceKlass java/util/AbstractList
ciInstanceKlass java/util/AbstractCollection 1 1 160 10 7 12 1 1 1 10 7 12 1 1 1 10 12 1 1 11 7 12 1 1 1 11 12 1 1 10 12 1 1 10 100 12 1 1 1 10 12 1 1 10 12 1 1 10 7 12 1 1 10 7 12 1 1 1 7 1 10 100 12 1 1 1 10 100 12 1 1 1 100 1 10 11 12 1 11 7 1 10 12 1 10 12 1 10 7 12 1 1 1 11 8 1 7 1 10 10 12 1 1 8 1 10 12 1 10 12 1 1 1 1 1 1 1 1 1 1 1 1 1 1 1 1 1 1 1 1 1 1 1 1 1 1 1 1 1 1 1 1 1 1 1 1 1 1 1 1 1 1 1 1 1 1 1 1 1 1 1 1
ciMethod java/util/AbstractCollection isEmpty ()Z 512 0 13110 0 96
ciInstanceKlass java/util/List 1 1 217 10 100 12 1 1 1 11 100 12 1 1 1 11 100 12 1 1 1 11 12 1 1 11 100 12 1 1 11 12 1 1 11 12 1 1 10 100 12 1 1 1 100 1 100 1 10 12 1 1 100 1 10 100 12 1 1 1 9 7 12 1 1 1 7 1 10 12 10 12 1 7 1 10 12 1 1 10 12 1 10 12 1 1 100 1 1 1 1 1 1 1 1 1 1 1 1 1 1 1 1 1 1 1 1 1 1 1 1 1 1 1 1 1 1 1 1 1 1 1 1 1 1 1 1 1 1 1 1 1 1 1 1 1 1 100 1 100 1 1 1 1 1 1 1 1 1 1 1 1 1 1 1 1 1 1 1 1 1 1 1 1 1 1 1 1 1 1 1 1 1 1 1 1 1 1 1 1 1 1 1 1 1 1 1 1 1 1 1 1 1 1 1 1 1 1 1 1 1 1 1 1 1 1 1 1 1 1 1 1 100 1 1 100 1 1 1
ciMethod java/util/AbstractCollection size ()I 0 0 1 0 -1
ciMethod java/util/AbstractCollection <init> ()V 1024 0 172349 0 64
instanceKlass com/intellij/psi/stubs/StubList$1
instanceKlass com/intellij/psi/stubs/StubList
instanceKlass com/intellij/util/containers/ContainerUtilRt$EmptyList
instanceKlass java/util/AbstractList$SubList
instanceKlass com/google/common/collect/Lists$AbstractListWrapper
instanceKlass com/google/common/collect/Lists$TransformingRandomAccessList
instanceKlass com/google/common/collect/Lists$Partition
instanceKlass kotlin/collections/AbstractMutableList
instanceKlass org/jetbrains/kotlin/utils/SmartList
instanceKlass org/jetbrains/kotlin/protobuf/UnmodifiableLazyStringList
instanceKlass org/jetbrains/kotlin/protobuf/LazyStringArrayList
instanceKlass com/intellij/lang/impl/PsiBuilderImpl$RelativeTokenTypesView
instanceKlass kotlin/reflect/jvm/internal/impl/protobuf/UnmodifiableLazyStringList
instanceKlass kotlin/reflect/jvm/internal/impl/protobuf/LazyStringArrayList
instanceKlass kotlin/reflect/jvm/internal/impl/utils/SmartList
instanceKlass com/intellij/util/containers/DisposableWrapperList
instanceKlass com/intellij/util/SmartList
instanceKlass java/util/ArrayList$SubList
instanceKlass java/util/Vector
instanceKlass sun/security/jca/ProviderList$ServiceList
instanceKlass sun/security/jca/ProviderList$3
instanceKlass java/util/AbstractSequentialList
instanceKlass java/util/Collections$SingletonList
instanceKlass java/util/Arrays$ArrayList
instanceKlass java/util/Collections$EmptyList
instanceKlass java/util/ArrayList
ciInstanceKlass java/util/AbstractList 1 1 218 10 7 12 1 1 1 9 7 12 1 1 1 10 12 1 1 10 12 1 1 100 1 10 10 12 1 1 11 7 12 1 1 1 11 12 1 1 11 12 1 10 7 12 1 1 1 10 12 1 11 12 1 11 12 1 11 12 1 10 12 1 1 10 12 1 1 11 100 12 1 1 1 11 7 1 11 7 1 10 12 1 7 1 10 12 1 10 12 1 1 7 1 7 1 10 12 1 7 1 10 100 1 100 1 10 8 1 10 12 1 1 10 12 1 10 12 1 1 10 12 1 8 1 100 1 8 1 8 1 8 1 10 7 1 11 10 10 12 1 11 12 1 10 12 1 1 8 1 8 1 1 1 1 1 1 1 1 1 1 1 1 1 1 1 1 1 1 1 1 1 1 1 1 1 1 1 1 1 1 1 1 1 1 1 1 1 1 1 1 1 1 1 1 1 1 1 1 1 1 1 1 1 1 1 1 1 1 100 1 100 1 1 1 1 1 1 1
ciInstanceKlass java/lang/AssertionStatusDirectives 0 0 24 10 100 12 1 1 1 100 1 1 1 1 1 1 1 1 1 1 1 1 1 1 1 1
ciInstanceKlass java/lang/invoke/MethodHandleNatives$CallSiteContext 1 1 49 10 7 12 1 1 1 7 1 10 10 7 12 1 1 1 10 7 12 1 1 1 10 7 12 1 1 1 100 1 1 1 1 1 1 1 1 1 1 1 1 1 1 1 1 1 100 1 1
ciInstanceKlass jdk/internal/invoke/NativeEntryPoint 0 0 92 10 100 12 1 1 1 9 100 12 1 1 1 10 100 12 1 1 1 100 1 9 12 1 9 12 1 9 12 1 1 9 12 1 1 9 12 1 1 100 1 8 1 10 12 1 11 100 12 1 1 1 10 12 1 1 10 12 1 11 100 12 1 1 11 12 1 10 12 1 1 10 12 1 1 1 1 1 1 1 1 1 1 1 1 1 1 1 1 1 1 1
instanceKlass java/lang/invoke/VolatileCallSite
instanceKlass java/lang/invoke/MutableCallSite
instanceKlass java/lang/invoke/ConstantCallSite
ciInstanceKlass java/lang/invoke/CallSite 1 1 302 10 7 12 1 1 1 10 7 12 1 1 1 9 7 12 1 1 1 10 12 1 1 9 12 1 1 10 7 12 1 1 1 10 12 1 100 1 10 12 1 1 10 12 1 1 9 100 12 1 1 1 10 100 12 1 1 10 12 1 1 100 1 100 1 10 10 100 12 1 1 1 10 12 1 1 8 1 10 12 1 10 12 1 1 10 12 1 10 12 1 1 10 12 1 1 10 10 100 12 1 1 10 12 1 1 9 12 1 9 100 12 1 1 1 8 1 10 7 12 1 1 1 10 12 1 1 100 1 10 12 1 1 9 12 1 8 1 100 1 10 12 1 10 12 1 100 1 8 1 10 10 12 1 10 12 1 1 100 1 10 12 1 1 10 12 1 10 12 1 10 12 1 1 10 12 1 1 9 12 1 1 8 10 12 1 1 9 12 1 1 100 1 10 10 12 1 10 100 12 1 1 1 10 12 1 1 10 12 1 1 10 12 1 10 7 12 1 1 1 100 1 8 1 10 10 12 10 12 1 1 100 1 100 1 100 1 8 1 10 12 1 10 7 12 1 1 1 1 1 1 1 1 1 1 1 1 1 1 1 1 1 1 1 1 1 1 1 1 1 1 1 1 1 1 1 1 1 1 1 1 1 1 1 1 1 1 1 1 1 1 1 1 1 1 1 1 1 1 1 1 1
staticfield java/lang/invoke/CallSite $assertionsDisabled Z 1
ciInstanceKlass java/lang/invoke/VolatileCallSite 0 0 37 10 100 12 1 1 1 10 12 1 10 100 12 1 1 1 10 12 1 10 12 1 1 1 1 1 1 1 1 1 1 1 1 1 1 1 1
ciInstanceKlass java/lang/invoke/MethodType 1 1 771 7 1 10 7 12 1 1 1 9 12 1 1 9 12 1 1 9 12 1 1 10 7 12 1 1 1 9 7 12 1 1 8 1 10 100 12 1 1 1 9 7 1 9 7 1 10 12 1 1 100 1 10 8 1 10 12 1 1 10 12 1 10 12 1 1 100 1 8 1 10 12 1 100 1 10 10 12 1 10 12 1 1 10 12 1 1 11 7 12 1 1 1 9 12 1 11 12 1 1 7 7 1 10 7 12 1 1 1 10 12 1 9 12 1 1 10 7 12 1 1 10 12 1 1 10 7 12 1 1 1 10 7 12 1 1 1 10 12 1 9 12 1 1 10 12 1 1 100 1 10 12 1 1 10 12 1 1 10 12 1 1 10 12 1 1 10 12 1 1 10 12 1 10 12 1 10 12 1 1 10 12 1 8 1 8 1 10 12 1 1 9 12 1 1 100 1 10 10 12 1 1 10 12 1 10 12 1 1 10 12 1 1 10 12 1 10 12 1 1 10 12 1 8 1 10 12 1 1 10 100 12 1 1 1 10 12 1 10 12 1 1 10 12 1 10 12 1 10 12 1 1 10 12 1 10 12 1 9 12 1 10 12 1 10 10 12 1 1 10 12 1 9 12 1 1 10 12 1 1 10 12 1 1 10 12 1 1 10 12 1 1 7 1 10 12 10 12 1 10 12 1 100 1 8 1 8 1 8 1 10 12 1 10 12 1 10 12 1 10 11 12 1 1 11 12 1 10 100 12 1 1 1 9 12 1 10 12 1 10 12 1 1 10 12 1 1 10 12 1 10 12 1 10 100 12 1 1 1 10 12 1 1 10 12 1 10 12 1 10 12 1 10 9 12 1 1 7 1 10 12 1 10 12 1 1 9 100 12 1 1 1 10 100 12 1 1 1 10 100 12 1 1 1 10 12 1 1 10 100 12 1 1 1 10 12 1 1 8 1 10 7 12 1 1 1 11 12 1 1 9 12 1 1 10 12 1 1 10 12 1 10 12 1 1 10 12 1 1 10 100 12 1 1 100 1 10 12 1 1 11 100 12 1 1 1 18 12 1 1 11 12 1 1 18 12 1 11 12 1 100 1 11 100 12 1 1 10 12 1 100 1 10 12 1 10 100 12 1 1 10 12 1 1 9 12 1 1 9 100 12 1 1 1 10 100 12 1 1 1 9 12 1 10 100 12 1 1 10 12 1 100 10 12 1 1 10 12 1 10 7 1 7 1 9 12 1 1 100 1 100 1 100 1 1 1 5 0 1 1 1 1 1 1 1 3 1 3 1 3 1 1 1 1 1 1 1 1 1 1 1 1 1 1 1 1 1 1 1 1 1 1 1 1 1 1 1 1 1 1 1 1 1 1 1 1 1 1 1 1 1 1 1 1 1 1 1 1 1 1 1 1 1 1 1 1 1 1 1 1 1 1 1 1 1 1 1 1 1 1 1 1 1 1 1 1 1 1 1 1 1 1 1 1 1 1 1 1 1 1 1 1 1 1 1 1 1 1 1 1 1 1 1 1 1 1 1 1 1 1 1 1 1 1 1 1 1 1 1 1 1 1 1 1 1 1 1 100 1 100 1 1 1 1 1 1 1 1 1 1 1 1 1 100 1 1 1 100 1 1 1 1 1 1 1 1 1 1 1 1 1 1 1 1 1 1 1 1 1 15 10 100 12 1 1 1 16 15 10 12 16 16 15 10 12 16 1 1 1 1 100 1 1 100 1 1 100 1 100 1 1
staticfield java/lang/invoke/MethodType internTable Ljava/lang/invoke/MethodType$ConcurrentWeakInternSet; java/lang/invoke/MethodType$ConcurrentWeakInternSet
staticfield java/lang/invoke/MethodType NO_PTYPES [Ljava/lang/Class; 0 [Ljava/lang/Class;
staticfield java/lang/invoke/MethodType objectOnlyTypes [Ljava/lang/invoke/MethodType; 20 [Ljava/lang/invoke/MethodType;
staticfield java/lang/invoke/MethodType METHOD_HANDLE_ARRAY [Ljava/lang/Class; 1 [Ljava/lang/Class;
staticfield java/lang/invoke/MethodType serialPersistentFields [Ljava/io/ObjectStreamField; 0 [Ljava/io/ObjectStreamField;
staticfield java/lang/invoke/MethodType $assertionsDisabled Z 1
ciInstanceKlass java/lang/BootstrapMethodError 0 0 45 10 100 12 1 1 1 10 12 1 10 12 1 10 100 12 1 1 1 10 100 12 1 1 1 1 1 1 5 0 1 1 1 1 1 1 1 1 1 1 1 100 1 1 1
ciInstanceKlass jdk/internal/loader/ClassLoaders$AppClassLoader 1 1 119 8 1 10 7 12 1 1 1 10 7 12 1 1 1 10 100 12 1 1 1 10 12 1 1 10 100 12 1 1 1 10 12 1 1 10 12 1 1 7 1 8 1 10 12 10 7 12 1 1 1 10 100 12 1 1 10 12 1 1 10 12 1 1 10 7 12 1 1 1 100 1 10 12 1 1 1 1 1 1 1 1 1 1 1 1 1 1 1 1 1 1 1 1 1 100 1 1 1 1 1 1 1 1 1 1 1 1 1 1 1 1 1 1 1 100 1 1 1
ciInstanceKlass jdk/internal/loader/ClassLoaders$PlatformClassLoader 1 1 42 8 1 10 7 12 1 1 1 10 7 12 1 1 1 100 1 10 12 1 100 1 1 1 1 1 1 1 1 1 1 1 1 1 1 100 1 1 1 100 1 1
ciInstanceKlass java/lang/ArrayStoreException 1 1 26 10 100 12 1 1 1 10 12 1 100 1 1 1 1 5 0 1 1 1 1 1 1 1 1 1
instanceKlass kotlin/TypeCastException
ciInstanceKlass java/lang/ClassCastException 1 1 26 10 100 12 1 1 1 10 12 1 100 1 1 1 1 5 0 1 1 1 1 1 1 1 1 1
ciInstanceKlass java/lang/NoClassDefFoundError 1 1 26 10 7 12 1 1 1 10 12 1 100 1 1 1 1 5 0 1 1 1 1 1 1 1 1 1
ciInstanceKlass java/lang/IllegalMonitorStateException 1 1 26 10 100 12 1 1 1 10 12 1 100 1 1 1 1 5 0 1 1 1 1 1 1 1 1 1
ciInstanceKlass java/lang/StackOverflowError 1 1 26 10 100 12 1 1 1 10 12 1 100 1 1 1 1 5 0 1 1 1 1 1 1 1 1 1
instanceKlass java/lang/StackOverflowError
instanceKlass java/lang/OutOfMemoryError
instanceKlass java/lang/InternalError
ciInstanceKlass java/lang/VirtualMachineError 1 1 34 10 7 12 1 1 1 10 12 1 10 12 1 10 12 1 100 1 1 1 1 5 0 1 1 1 1 1 1 1 1 1 1 1
ciInstanceKlass java/lang/OutOfMemoryError 1 1 26 10 7 12 1 1 1 10 12 1 100 1 1 1 1 5 0 1 1 1 1 1 1 1 1 1
ciInstanceKlass java/lang/InternalError 0 0 34 10 100 12 1 1 1 10 12 1 10 12 1 10 12 1 100 1 1 1 1 5 0 1 1 1 1 1 1 1 1 1 1 1
ciInstanceKlass java/lang/StackTraceElement 0 0 224 10 100 12 1 1 1 10 100 12 1 1 9 12 1 1 9 12 1 1 9 12 1 9 12 1 8 1 10 100 12 1 1 1 100 1 9 12 1 8 1 9 12 1 9 12 1 9 12 1 1 8 1 10 12 1 1 10 12 1 100 1 10 10 12 1 1 8 1 10 12 1 1 10 12 1 8 1 8 1 8 1 10 12 1 8 1 8 1 10 12 1 8 1 8 1 10 12 1 1 10 12 1 10 12 1 1 10 12 1 9 12 1 1 10 100 12 1 1 1 10 12 1 1 100 1 10 12 1 1 10 100 12 1 1 10 100 12 1 1 1 10 100 12 1 1 10 100 12 1 1 10 10 12 1 1 10 12 1 10 12 1 1 100 1 1 1 1 1 3 1 3 1 1 5 0 1 1 1 1 1 1 1 1 1 1 1 1 1 1 1 1 1 1 1 1 1 1 1 1 1 1 100 1 100 1 1 1 1 1 1 1 1 1 1 100 1 1 1 1 1 1 1 1
instanceKlass java/nio/CharBuffer
instanceKlass java/nio/IntBuffer
instanceKlass java/nio/LongBuffer
instanceKlass java/nio/ByteBuffer
ciInstanceKlass java/nio/Buffer 1 1 224 100 1 10 7 12 1 1 1 9 7 12 1 1 1 9 12 1 9 12 1 1 9 12 1 9 12 1 1 10 12 1 1 10 12 1 1 10 12 100 1 100 1 10 8 1 10 12 1 1 10 12 1 8 1 8 1 10 12 1 1 10 12 1 8 1 9 12 1 1 100 1 8 1 10 12 1 8 1 8 1 9 12 10 12 1 8 1 8 1 8 1 10 12 1 8 1 8 1 8 1 100 1 10 100 1 10 100 1 10 100 1 10 10 100 12 1 1 1 10 11 100 12 1 1 10 7 12 1 1 1 10 7 12 1 1 1 9 12 1 1 10 7 12 1 1 1 9 12 1 1 7 1 10 10 7 12 1 1 1 1 1 3 1 1 1 1 1 1 1 1 1 1 1 1 1 1 1 1 1 1 100 1 1 1 1 1 1 1 1 1 1 1 1 1 1 1 1 1 1 1 1 1 1 1 1 1 1 1 1 1 1 1 1 1 1 1 1 1 1 1 1 1 1
staticfield java/nio/Buffer UNSAFE Ljdk/internal/misc/Unsafe; jdk/internal/misc/Unsafe
staticfield java/nio/Buffer SCOPED_MEMORY_ACCESS Ljdk/internal/misc/ScopedMemoryAccess; jdk/internal/misc/ScopedMemoryAccess
staticfield java/nio/Buffer $assertionsDisabled Z 1
ciInstanceKlass jdk/internal/util/ArraysSupport 1 1 271 7 1 100 1 8 1 10 12 1 1 10 12 1 1 10 100 12 1 1 9 7 12 1 1 1 9 12 1 1 10 7 12 1 1 1 9 12 1 1 10 100 12 1 1 1 9 12 1 10 12 9 12 1 10 12 1 1 10 12 9 12 1 9 12 1 10 12 1 1 9 12 1 9 12 1 9 12 1 9 12 1 9 12 1 9 12 1 9 12 1 10 12 1 1 10 100 12 1 1 1 9 12 1 9 12 1 10 12 1 1 10 12 1 9 12 1 10 12 1 10 100 12 1 1 1 9 12 1 9 12 1 10 12 1 10 12 1 10 7 12 1 1 1 3 10 12 1 100 1 100 1 10 8 1 10 12 1 1 10 12 1 8 1 8 1 10 12 1 1 10 10 12 1 1 10 12 1 1 9 12 1 10 12 1 9 12 1 9 12 1 9 12 1 9 12 1 9 12 1 9 12 1 9 12 1 100 1 1 1 1 1 1 1 1 1 1 1 1 1 1 1 1 1 1 1 1 1 1 1 1 1 1 1 1 1 1 1 1 1 1 1 1 1 1 1 1 1 1 1 1 1 1 1 1 1 1 1 1 1 1 1 1 1 1 1 1 1 1 1 1
staticfield jdk/internal/util/ArraysSupport U Ljdk/internal/misc/Unsafe; jdk/internal/misc/Unsafe
staticfield jdk/internal/util/ArraysSupport BIG_ENDIAN Z 0
staticfield jdk/internal/util/ArraysSupport LOG2_ARRAY_BOOLEAN_INDEX_SCALE I 0
staticfield jdk/internal/util/ArraysSupport LOG2_ARRAY_BYTE_INDEX_SCALE I 0
staticfield jdk/internal/util/ArraysSupport LOG2_ARRAY_CHAR_INDEX_SCALE I 1
staticfield jdk/internal/util/ArraysSupport LOG2_ARRAY_SHORT_INDEX_SCALE I 1
staticfield jdk/internal/util/ArraysSupport LOG2_ARRAY_INT_INDEX_SCALE I 2
staticfield jdk/internal/util/ArraysSupport LOG2_ARRAY_LONG_INDEX_SCALE I 3
staticfield jdk/internal/util/ArraysSupport LOG2_ARRAY_FLOAT_INDEX_SCALE I 2
staticfield jdk/internal/util/ArraysSupport LOG2_ARRAY_DOUBLE_INDEX_SCALE I 3
staticfield jdk/internal/util/ArraysSupport LOG2_BYTE_BIT_SIZE I 3
ciMethod java/util/Map getOrDefault (Ljava/lang/Object;Ljava/lang/Object;)Ljava/lang/Object; 0 0 1 0 -1
ciMethod jdk/internal/util/ArraysSupport newLength (III)I 432 0 1999 0 0
ciMethod jdk/internal/util/ArraysSupport hugeLength (II)I 0 0 1 0 -1
ciInstanceKlass jdk/internal/misc/UnsafeConstants 1 1 34 10 100 12 1 1 1 9 7 12 1 1 1 9 12 1 9 12 1 1 9 12 1 9 12 1 1 1 1 1 1 1 1 1
staticfield jdk/internal/misc/UnsafeConstants ADDRESS_SIZE0 I 8
staticfield jdk/internal/misc/UnsafeConstants PAGE_SIZE I 4096
staticfield jdk/internal/misc/UnsafeConstants BIG_ENDIAN Z 0
staticfield jdk/internal/misc/UnsafeConstants UNALIGNED_ACCESS Z 1
staticfield jdk/internal/misc/UnsafeConstants DATA_CACHE_LINE_FLUSH_SIZE I 0
instanceKlass java/lang/invoke/DelegatingMethodHandle
instanceKlass java/lang/invoke/BoundMethodHandle
instanceKlass java/lang/invoke/DirectMethodHandle
ciInstanceKlass java/lang/invoke/MethodHandle 1 1 641 100 1 9 7 12 1 1 1 10 7 12 1 1 1 10 7 12 1 1 1 7 1 7 1 10 12 1 1 9 12 1 1 10 12 1 10 12 1 1 10 12 1 1 10 100 12 1 1 1 10 12 1 1 10 12 1 1 11 100 12 1 1 1 10 12 1 1 10 12 1 10 12 1 9 12 1 1 10 12 1 1 100 1 100 1 10 8 1 10 12 1 1 10 12 1 8 1 10 12 1 1 10 12 1 10 7 12 1 1 1 10 12 1 10 12 1 1 10 12 1 1 10 12 1 1 10 12 1 1 10 7 12 1 1 1 10 100 12 1 1 1 7 1 10 12 1 1 10 12 1 1 10 12 1 1 8 1 10 7 12 1 1 1 8 1 10 12 1 1 10 12 1 1 10 12 1 1 10 12 1 8 1 10 12 1 1 8 1 10 12 1 8 1 10 100 12 1 1 1 9 12 1 1 100 1 10 9 100 12 1 1 1 9 100 1 8 1 10 12 1 1 10 12 1 10 12 1 1 10 12 1 10 12 1 1 10 12 1 10 12 1 1 10 12 1 10 12 1 1 10 12 1 1 8 1 10 12 1 1 8 1 10 12 1 10 12 1 1 10 12 1 10 12 1 10 12 1 1 9 100 12 1 1 1 10 12 1 1 11 12 1 10 12 1 10 12 1 1 10 100 12 1 1 1 100 1 11 12 1 10 100 1 11 12 1 100 1 10 12 1 11 12 1 9 100 12 1 1 1 11 12 1 1 11 100 12 1 1 1 10 12 1 1 9 12 1 11 12 1 9 12 1 9 12 1 9 12 1 11 12 1 1 9 12 1 9 12 1 9 12 1 9 12 1 9 12 1 9 12 1 9 12 1 8 1 10 12 1 10 12 1 8 1 10 12 1 10 12 1 10 10 7 12 1 1 10 12 1 1 100 1 8 1 10 12 1 1 10 12 1 1 10 12 1 10 12 1 100 1 10 100 12 1 1 1 10 12 1 9 7 12 1 1 1 10 12 1 1 10 12 1 1 8 1 9 12 1 9 12 1 1 9 12 1 1 10 12 1 7 1 10 12 1 10 12 1 1 9 12 1 1 9 12 1 1 10 7 12 1 1 1 11 7 12 1 1 9 12 1 10 12 1 1 9 12 1 10 12 1 8 10 12 1 1 8 1 1 1 1 1 1 100 1 1 1 1 1 1 1 1 1 1 1 1 1 1 1 1 1 1 1 1 1 1 1 1 1 1 1 1 1 1 1 1 1 1 1 1 1 1 1 1 1 1 1 1 1 1 1 1 1 1 1 1 1 1 1 1 1 1 1 1 1 1 1 1 1 1 1 1 1 100 1 1 1 1 1 1 1 1 1 100 1 1 1 1 1 1 1 1 1 1 1 1 1 1 1 1 1 1 1 1 1 1 1 1 1 1 1 100 1 1 100 1 1 100 1 1 1 1
staticfield java/lang/invoke/MethodHandle FORM_OFFSET J 20
staticfield java/lang/invoke/MethodHandle UPDATE_OFFSET J 13
staticfield java/lang/invoke/MethodHandle $assertionsDisabled Z 1
instanceKlass java/lang/invoke/DirectMethodHandle$Special
instanceKlass java/lang/invoke/DirectMethodHandle$Interface
instanceKlass java/lang/invoke/DirectMethodHandle$Accessor
instanceKlass java/lang/invoke/DirectMethodHandle$Constructor
ciInstanceKlass java/lang/invoke/DirectMethodHandle 1 1 940 7 1 7 1 100 1 7 1 7 1 10 7 12 1 1 1 10 7 12 1 1 1 100 1 10 12 1 10 12 1 1 10 7 12 1 1 10 12 1 1 10 12 1 10 12 1 7 1 10 12 1 1 10 12 1 1 10 12 1 10 12 1 1 10 7 12 1 1 1 10 12 1 9 12 1 1 100 1 10 9 12 1 1 9 12 1 10 12 1 10 12 1 10 12 1 1 10 12 1 10 12 1 10 12 1 10 7 12 1 1 1 10 12 1 10 12 1 1 8 1 10 12 1 1 7 1 10 12 1 7 1 10 10 12 1 10 12 1 10 12 1 10 7 12 1 1 1 10 12 1 1 100 1 10 12 1 10 12 1 7 1 10 12 1 10 12 1 1 10 12 1 1 10 12 1 8 10 100 12 1 1 1 10 12 1 10 12 1 10 12 1 1 10 12 1 9 7 12 1 1 1 7 1 10 12 1 10 7 12 1 1 1 10 12 1 10 12 1 1 9 12 1 1 100 1 10 8 1 10 12 1 1 10 12 1 10 12 1 10 10 12 1 10 12 1 10 12 1 10 12 1 10 12 1 1 10 12 1 10 12 1 1 10 12 1 10 12 1 1 10 10 7 12 1 1 1 10 12 1 10 12 1 1 10 12 1 10 12 1 1 8 1 9 7 12 1 1 1 8 1 9 12 1 9 12 1 8 1 9 12 1 9 12 1 8 1 9 12 1 9 12 1 8 1 10 12 1 10 12 1 1 9 12 1 1 7 1 10 12 1 1 100 1 10 7 12 1 1 1 10 12 1 1 10 12 1 10 12 1 1 7 1 10 12 1 1 10 12 1 10 12 1 1 7 1 10 12 1 1 10 7 12 1 1 1 10 12 1 10 12 1 10 12 1 9 12 1 1 10 7 1 9 12 9 12 1 10 7 12 1 1 1 10 12 1 7 1 7 1 7 1 9 12 1 1 10 7 12 1 10 12 1 1 10 12 1 100 1 10 12 1 10 12 1 1 9 100 12 1 1 1 10 12 1 1 100 1 10 100 12 1 1 1 10 12 1 10 12 1 8 1 9 12 1 9 12 1 10 12 1 9 12 1 1 10 100 12 1 1 1 9 12 1 1 9 12 1 1 10 12 1 10 12 1 10 12 1 10 12 1 10 12 1 1 10 12 1 10 7 12 1 1 9 12 1 10 12 1 10 12 1 10 12 1 10 12 1 1 10 12 1 1 9 12 1 1 10 12 1 1 9 7 12 1 1 1 9 12 1 9 12 1 9 12 1 9 12 1 9 12 1 9 12 1 9 12 1 9 12 1 9 12 1 9 12 1 9 12 1 9 12 1 9 12 1 9 12 1 9 12 1 9 12 1 9 12 1 9 12 1 9 12 1 9 12 1 9 12 1 9 12 1 9 12 1 9 12 1 9 12 1 9 12 1 9 12 1 9 12 1 9 12 1 9 12 1 9 12 1 9 12 1 9 12 1 9 12 1 9 12 1 9 12 1 8 1 9 12 1 1 9 12 1 1 10 12 1 10 12 1 1 9 7 1 10 12 1 9 12 1 1 10 12 10 12 1 10 12 1 10 12 1 10 8 1 8 1 8 1 8 1 10 12 1 1 9 12 1 1 10 12 1 10 100 12 1 1 1 8 9 12 1 1 10 12 1 1 8 1 8 8 9 12 1 8 1 8 8 8 8 8 1 8 10 12 1 10 12 1 8 1 8 1 10 12 1 10 12 1 10 12 1 10 12 1 1 7 1 1 1 1 3 1 3 1 3 1 3 1 3 1 3 1 3 1 3 1 3 1 3 1 1 1 1 1 1 1 1 1 1 3 1 3 1 1 1 1 3 1 1 1 1 1 1 1 1 1 1 1 1 1 1 1 1 1 1 1 1 1 1 1 1 1 1 1 1 1 1 1 1 1 1 1 1 1 1 1 1 1 1 1 1 1 1 1 1 1 1 1 1 1 1 1 1 100 1 1 1 1 1 1 1 1 1 1 1 1 100 1 1 1 1 1 1 1 1 1 1 1 1 1 1 1 1 1 1 1 1 1 1 1 1 1 1 1 1 1 1 1 1 1 1 1 1 1 1 1 1 1 1 1 1 1 1 1 1 1 1 1
staticfield java/lang/invoke/DirectMethodHandle IMPL_NAMES Ljava/lang/invoke/MemberName$Factory; java/lang/invoke/MemberName$Factory
staticfield java/lang/invoke/DirectMethodHandle FT_UNCHECKED_REF I 8
staticfield java/lang/invoke/DirectMethodHandle ACCESSOR_FORMS [Ljava/lang/invoke/LambdaForm; 132 [Ljava/lang/invoke/LambdaForm;
staticfield java/lang/invoke/DirectMethodHandle ALL_WRAPPERS [Lsun/invoke/util/Wrapper; 10 [Lsun/invoke/util/Wrapper;
staticfield java/lang/invoke/DirectMethodHandle NFS [Ljava/lang/invoke/LambdaForm$NamedFunction; 12 [Ljava/lang/invoke/LambdaForm$NamedFunction;
staticfield java/lang/invoke/DirectMethodHandle OBJ_OBJ_TYPE Ljava/lang/invoke/MethodType; java/lang/invoke/MethodType
staticfield java/lang/invoke/DirectMethodHandle LONG_OBJ_TYPE Ljava/lang/invoke/MethodType; java/lang/invoke/MethodType
staticfield java/lang/invoke/DirectMethodHandle $assertionsDisabled Z 1
ciInstanceKlass java/lang/invoke/LambdaForm 1 1 1052 100 1 9 7 12 1 1 1 10 7 12 1 1 1 10 7 12 1 1 9 12 1 1 9 12 1 1 10 12 1 1 100 1 10 9 12 1 10 12 1 1 9 12 1 10 7 12 1 1 1 9 12 1 9 12 1 9 12 1 1 9 12 1 10 12 1 1 7 1 10 12 1 10 100 12 1 1 1 10 100 12 1 1 1 10 12 1 10 12 1 1 9 100 12 1 1 1 10 12 1 1 9 12 1 10 12 1 1 10 12 1 10 12 1 1 10 12 1 1 10 100 12 1 1 1 7 1 10 10 12 1 1 8 1 10 12 1 10 12 1 10 12 1 1 7 1 10 7 12 1 1 1 10 12 1 1 10 12 1 10 12 1 1 9 12 1 1 9 12 1 9 12 1 1 10 12 1 9 12 1 10 100 12 1 1 1 10 12 1 1 10 12 1 9 12 1 1 10 100 12 1 1 1 10 12 1 10 12 1 10 12 1 10 12 1 10 12 1 10 12 1 1 10 12 1 10 12 1 1 8 1 10 12 1 10 12 1 8 1 8 1 9 12 1 9 12 1 9 12 1 1 10 12 1 1 10 12 1 9 12 1 10 12 1 1 10 7 12 1 1 1 10 12 1 1 10 12 1 10 12 1 10 12 1 1 9 12 1 10 12 1 8 1 8 1 8 1 8 1 8 1 8 1 8 1 8 1 10 12 1 9 12 1 7 1 10 12 1 1 9 12 1 10 12 1 10 12 1 1 10 12 10 12 1 10 12 1 1 10 12 1 1 10 10 12 1 1 10 12 1 1 7 1 8 1 10 12 1 1 10 12 1 10 12 1 1 10 8 1 10 12 1 1 8 1 8 1 8 1 10 12 1 9 12 1 1 10 12 1 1 10 12 1 1 100 1 10 12 1 1 10 12 1 10 7 12 1 1 1 10 12 1 1 9 12 1 1 8 1 10 100 12 1 1 1 10 7 12 1 1 10 12 10 10 12 1 1 9 12 1 8 10 12 1 1 100 1 10 12 1 1 10 12 1 9 7 12 1 1 9 12 1 1 8 1 10 100 12 1 1 10 12 1 1 100 1 100 1 10 10 12 1 1 10 12 1 1 8 1 8 1 100 1 8 1 10 12 10 12 1 10 12 1 10 12 1 1 8 1 8 1 9 100 12 1 1 1 10 12 1 10 12 1 1 8 1 8 1 8 1 100 1 8 1 100 1 8 1 100 1 8 1 10 12 1 8 1 9 10 7 12 1 1 1 10 12 1 9 12 1 1 10 12 1 10 10 12 1 10 12 1 10 12 1 10 12 1 1 10 12 1 10 12 1 1 10 12 1 1 10 12 1 1 8 1 100 10 12 1 10 12 1 9 12 1 1 10 7 12 1 1 8 1 8 1 100 1 8 1 8 1 8 1 8 1 8 1 8 1 8 1 8 1 10 12 1 1 10 12 1 1 10 12 1 10 12 1 8 1 8 1 8 1 10 12 1 8 1 10 12 1 8 1 8 1 8 1 8 1 8 1 10 12 1 10 12 1 10 12 1 1 10 7 12 1 1 1 10 12 1 10 12 1 10 12 1 10 12 1 10 12 1 10 12 1 10 12 1 9 12 1 1 8 1 10 12 1 1 9 12 1 1 10 12 1 1 9 12 1 9 12 1 1 9 12 1 9 12 1 1 7 1 10 7 12 1 1 1 9 12 1 10 12 1 10 12 1 8 1 10 12 1 9 12 1 1 7 1 10 7 12 1 1 1 8 1 100 1 10 12 1 9 12 1 9 12 1 10 12 1 10 12 1 10 7 12 1 1 1 10 12 1 9 7 12 1 1 10 12 1 1 10 12 1 10 12 1 9 12 10 12 1 10 10 12 1 9 9 12 1 7 9 12 1 1 10 12 1 1 9 12 1 10 12 1 10 7 1 9 1 1 1 1 3 1 3 1 3 1 1 1 1 1 1 1 1 1 1 1 1 1 1 1 1 1 1 1 1 1 1 1 1 1 1 1 1 1 1 1 1 1 1 1 1 1 1 1 1 1 1 1 1 1 1 1 1 1 1 1 1 1 1 1 1 100 1 1 1 1 1 1 1 1 1 1 1 1 1 1 1 1 1 1 1 1 1 1 1 1 1 1 1 1 1 1 1 1 1 1 1 1 1 1 1 1 1 1 1 1 1 1 1 1 1 1 1 1 1 1 1 1 1 1 1 100 1 1 1 1 1 1 1 1 1 1 1 1 1 1 1 1 1 1 1 1 1 1 1 1 1 1 1 1 1 1 1 1 1 1 100 1 1 1 1 1 1 1 1 1 1 1 1 1 1 1 1 1 1 1 1 1 1 100 1 1 1 100 1 1 100 1 1 1 1 1 1 1 1 1 1 1
staticfield java/lang/invoke/LambdaForm COMPILE_THRESHOLD I 0
staticfield java/lang/invoke/LambdaForm INTERNED_ARGUMENTS [[Ljava/lang/invoke/LambdaForm$Name; 5 [[Ljava/lang/invoke/LambdaForm$Name;
staticfield java/lang/invoke/LambdaForm IMPL_NAMES Ljava/lang/invoke/MemberName$Factory; java/lang/invoke/MemberName$Factory
staticfield java/lang/invoke/LambdaForm LF_identity [Ljava/lang/invoke/LambdaForm; 6 [Ljava/lang/invoke/LambdaForm;
staticfield java/lang/invoke/LambdaForm LF_zero [Ljava/lang/invoke/LambdaForm; 6 [Ljava/lang/invoke/LambdaForm;
staticfield java/lang/invoke/LambdaForm NF_identity [Ljava/lang/invoke/LambdaForm$NamedFunction; 6 [Ljava/lang/invoke/LambdaForm$NamedFunction;
staticfield java/lang/invoke/LambdaForm NF_zero [Ljava/lang/invoke/LambdaForm$NamedFunction; 6 [Ljava/lang/invoke/LambdaForm$NamedFunction;
staticfield java/lang/invoke/LambdaForm createFormsLock Ljava/lang/Object; java/lang/Object
staticfield java/lang/invoke/LambdaForm DEBUG_NAME_COUNTERS Ljava/util/HashMap; null
staticfield java/lang/invoke/LambdaForm DEBUG_NAMES Ljava/util/HashMap; null
staticfield java/lang/invoke/LambdaForm TRACE_INTERPRETER Z 0
staticfield java/lang/invoke/LambdaForm $assertionsDisabled Z 1
ciInstanceKlass java/lang/invoke/MethodHandleNatives 1 1 684 100 1 10 7 12 1 1 1 9 7 12 1 1 1 10 12 1 1 100 1 10 10 12 1 1 10 12 1 10 12 1 8 1 8 1 8 1 8 1 8 1 8 1 8 1 8 1 8 1 8 1 10 12 1 1 7 1 10 7 12 1 1 1 10 100 12 1 1 1 7 1 10 10 12 1 1 8 1 10 12 1 8 1 10 12 1 1 8 1 10 12 1 1 9 100 12 1 1 1 8 1 10 100 12 1 1 1 100 1 10 12 100 1 100 1 8 1 7 1 10 10 12 1 7 1 9 7 12 1 1 10 12 1 1 10 12 1 10 7 12 1 1 1 7 1 10 12 1 1 10 7 12 1 1 1 10 12 1 10 12 1 1 10 12 1 1 9 12 1 8 1 10 12 1 8 1 10 12 1 8 1 8 1 8 1 100 1 10 12 1 8 1 10 12 1 1 10 12 1 10 100 12 1 1 1 100 1 8 1 10 100 12 1 1 1 7 1 8 1 10 12 1 8 1 8 1 8 1 8 1 8 1 10 12 1 1 10 12 1 1 10 12 1 10 12 1 1 10 12 1 1 7 1 10 12 1 100 1 100 1 10 12 1 10 12 1 8 1 8 1 10 10 12 1 1 10 12 1 1 8 1 10 100 12 1 1 1 8 1 8 1 10 12 1 1 10 7 12 1 1 1 100 1 10 12 1 1 7 1 9 12 1 1 10 7 12 1 1 1 10 10 12 1 9 12 1 10 12 1 1 9 12 1 9 12 1 10 12 1 1 10 12 1 10 12 1 1 7 1 7 1 10 12 1 1 10 12 1 10 12 1 1 10 7 12 1 1 1 10 12 1 8 1 10 12 1 10 12 1 10 12 1 1 10 12 1 10 7 12 1 1 1 10 12 1 1 100 1 8 1 10 9 7 12 1 1 1 10 12 1 1 10 12 1 1 100 1 10 12 1 1 10 12 1 1 100 1 100 1 10 10 100 1 100 1 10 100 1 10 10 12 1 1 10 100 1 10 12 1 10 12 1 10 12 1 1 10 12 1 1 10 12 1 1 10 12 1 10 12 1 1 10 8 1 100 1 10 12 1 10 12 1 10 12 1 10 12 1 10 12 1 1 10 12 1 9 12 1 1 10 7 12 1 1 1 9 12 1 1 11 7 12 1 1 1 10 12 1 10 12 1 10 10 12 1 10 7 12 1 1 1 1 1 1 1 1 1 1 1 1 1 1 1 100 1 1 1 1 1 1 1 1 1 1 1 1 1 1 1 1 1 1 1 1 1 1 1 1 1 1 1 1 1 1 1 1 1 1 1 1 1 1 1 1 1 1 1 1 1 1 1 1 1 1 1 1 1 1 1 1 1 1 1 1 1 1 1 1 1 1 1 1 1 1 1 1 1 1 1 1 1 1 1 1 1 1 1 1 1 1 1 1 1 1 1 1 1 1 1 1 1 1 100 1 1 1 1 1 1 1 1 1 1 1 1 1 1 1 1 1 1 1 1 1 1 1 1 1 1 1 1 100 1 1 1 1 1 1 1 100 1 1 1
staticfield java/lang/invoke/MethodHandleNatives JLA Ljdk/internal/access/JavaLangAccess; java/lang/System$2
staticfield java/lang/invoke/MethodHandleNatives $assertionsDisabled Z 1
ciInstanceKlass jdk/internal/reflect/CallerSensitive 1 1 17 100 1 100 1 100 1 1 1 1 1 1 1 1 1 1 1
ciInstanceKlass jdk/internal/reflect/ConstantPool 1 1 142 10 100 12 1 1 1 9 7 12 1 1 1 10 12 1 1 10 12 1 1 10 12 1 10 12 1 1 10 12 1 1 10 12 1 10 12 1 1 10 12 1 10 12 1 1 10 12 1 10 12 1 10 12 1 10 12 1 1 10 12 1 1 10 12 1 1 10 12 1 1 10 12 1 10 12 1 1 10 100 12 1 1 1 8 11 7 12 1 1 1 10 7 12 1 1 1 1 1 1 1 1 1 1 1 1 1 1 1 1 1 1 1 1 1 1 1 1 1 1 1 1 1 1 1 1 1 1 1 1 1 1 1 1 1 1 1 1 1 1 1 1
instanceKlass jdk/internal/reflect/UnsafeStaticObjectFieldAccessorImpl
instanceKlass jdk/internal/reflect/UnsafeStaticIntegerFieldAccessorImpl
instanceKlass jdk/internal/reflect/UnsafeQualifiedStaticFieldAccessorImpl
ciInstanceKlass jdk/internal/reflect/UnsafeStaticFieldAccessorImpl 1 1 47 10 7 12 1 1 1 9 7 12 1 1 1 10 7 12 1 1 1 9 12 1 1 8 11 7 12 1 1 1 10 7 12 1 1 1 1 1 1 1 1 1 1 1 1 1 1
instanceKlass jdk/internal/reflect/UnsafeFieldAccessorImpl
ciInstanceKlass jdk/internal/reflect/FieldAccessorImpl 1 1 59 10 7 12 1 1 1 100 1 100 1 1 1 1 1 1 1 1 1 100 1 1 1 1 1 1 1 1 1 1 1 1 1 1 1 1 1 1 1 100 1 1 1 1 1 1 1 1 1 1 1 1 1 1 1 1 1 1 1
instanceKlass jdk/internal/reflect/UnsafeIntegerFieldAccessorImpl
instanceKlass jdk/internal/reflect/UnsafeBooleanFieldAccessorImpl
instanceKlass jdk/internal/reflect/UnsafeQualifiedFieldAccessorImpl
instanceKlass jdk/internal/reflect/UnsafeObjectFieldAccessorImpl
instanceKlass jdk/internal/reflect/UnsafeStaticFieldAccessorImpl
ciInstanceKlass jdk/internal/reflect/UnsafeFieldAccessorImpl 1 1 254 10 7 12 1 1 1 9 7 12 1 1 1 10 7 12 1 1 1 10 7 12 1 1 1 9 12 1 1 10 7 12 1 1 1 9 12 1 1 10 12 1 10 12 1 9 12 1 10 12 1 1 10 7 12 1 1 10 7 12 1 1 1 10 12 1 1 100 1 10 10 12 1 1 10 12 1 1 8 1 10 10 12 1 100 1 8 1 10 12 1 8 1 10 12 1 8 1 10 12 1 100 1 10 12 1 1 10 8 1 10 12 1 1 8 1 10 100 12 1 1 8 1 10 100 12 1 1 8 1 10 100 12 1 1 8 1 10 100 12 1 1 8 1 10 100 12 1 1 8 1 10 100 12 1 1 8 1 10 100 12 1 1 8 1 10 100 12 1 1 10 12 1 1 8 1 8 1 8 1 8 1 8 1 8 1 10 100 12 1 1 1 8 1 8 1 8 1 10 12 10 12 1 1 1 1 1 1 1 1 1 1 1 1 1 1 1 1 1 1 1 1 1 1 1 1 1 1 1 1 1 1 1 1 1 1 1 1 1 1 1 1 1 1 1 1 1 1 1 1 1 1 1 1
staticfield jdk/internal/reflect/UnsafeFieldAccessorImpl unsafe Ljdk/internal/misc/Unsafe; jdk/internal/misc/Unsafe
ciInstanceKlass jdk/internal/reflect/NativeConstructorAccessorImpl 1 1 126 10 7 12 1 1 1 9 7 12 1 1 1 9 12 1 1 10 7 12 1 1 1 10 100 12 1 1 1 10 7 12 1 1 1 9 12 1 9 12 1 1 9 12 1 1 10 7 12 1 1 1 7 1 10 10 12 1 1 10 12 1 10 12 1 10 12 1 1 9 12 1 1 10 100 12 1 1 1 100 1 10 12 1 1 10 12 1 1 8 10 12 1 1 1 1 1 1 1 1 1 1 1 1 1 1 1 1 1 1 1 1 1 1 100 1 100 1 100 1 1 1 1 1 1 1
staticfield jdk/internal/reflect/NativeConstructorAccessorImpl U Ljdk/internal/misc/Unsafe; jdk/internal/misc/Unsafe
staticfield jdk/internal/reflect/NativeConstructorAccessorImpl GENERATED_OFFSET J 16
ciInstanceKlass java/lang/invoke/ConstantCallSite 1 1 65 10 7 12 1 1 1 9 7 12 1 1 1 9 12 1 1 10 7 12 1 1 1 10 12 1 100 1 10 12 9 12 1 1 100 1 10 10 12 1 1 10 12 1 1 1 1 1 1 1 1 1 1 1 1 1 100 1 1 1 1 1 1 1 1
staticfield java/lang/invoke/ConstantCallSite UNSAFE Ljdk/internal/misc/Unsafe; jdk/internal/misc/Unsafe
ciInstanceKlass java/lang/invoke/MutableCallSite 0 0 63 10 100 12 1 1 1 10 12 1 9 100 12 1 1 1 10 12 1 10 12 1 1 9 12 1 1 10 100 12 1 1 1 10 100 12 1 1 1 10 12 1 1 1 1 1 1 1 1 1 1 1 1 1 1 1 1 1 1 100 1 1 1
instanceKlass java/lang/invoke/VarHandleInts$FieldStaticReadOnly
instanceKlass java/lang/invoke/VarHandleLongs$FieldInstanceReadOnly
instanceKlass java/lang/invoke/VarHandleInts$Array
instanceKlass java/lang/invoke/VarHandleReferences$Array
instanceKlass java/lang/invoke/VarHandleInts$FieldInstanceReadOnly
instanceKlass java/lang/invoke/VarHandleReferences$FieldInstanceReadOnly
instanceKlass java/lang/invoke/VarHandleByteArrayAsLongs$ByteArrayViewVarHandle
instanceKlass java/lang/invoke/VarHandleByteArrayAsInts$ByteArrayViewVarHandle
instanceKlass java/lang/invoke/VarHandleReferences$FieldStaticReadOnly
ciInstanceKlass java/lang/invoke/VarHandle 1 1 390 10 7 12 1 1 1 10 7 12 1 1 9 12 1 1 9 12 1 1 100 1 10 8 1 10 12 1 1 10 7 12 1 1 1 10 12 1 1 10 100 12 1 1 1 9 100 12 1 1 1 10 12 1 1 10 100 12 1 1 1 10 12 1 1 9 12 1 10 12 1 9 12 1 1 10 7 12 1 1 10 12 1 9 7 12 1 1 1 9 12 1 1 10 12 1 1 100 1 100 1 10 8 1 10 12 1 1 10 12 1 8 1 10 12 1 10 12 1 10 12 1 1 9 7 12 1 1 1 10 12 1 10 12 1 1 10 12 1 10 10 100 12 1 1 1 10 12 1 1 10 12 1 1 10 100 12 1 1 1 10 100 12 1 1 1 10 100 12 1 1 1 9 12 1 1 10 9 12 1 1 10 12 1 10 12 1 10 12 1 1 10 12 1 10 100 12 1 1 1 9 12 1 1 10 12 1 1 9 12 1 10 12 1 10 12 1 10 100 12 1 1 100 1 10 9 7 12 1 1 1 9 12 1 1 10 7 12 1 1 1 10 12 1 10 12 1 10 12 1 10 12 1 10 12 1 10 12 1 1 7 1 10 10 7 12 1 1 1 9 12 1 1 8 10 12 1 1 7 1 10 12 1 1 100 1 1 1 1 1 1 1 1 1 1 1 1 1 1 1 1 1 1 1 1 1 1 1 1 1 1 1 1 1 1 1 1 1 1 1 1 1 1 1 1 1 1 1 1 1 1 1 1 1 1 1 1 1 1 1 1 1 1 1 1 1 1 1 1 1 1 1 1 1 1 1 1 1 1 1 1 1 1 1 1 1 1 1 1 1 1 1 1 1 100 1 100 1 100 1 1 1 1 1 1 1 100 1 1 1
staticfield java/lang/invoke/VarHandle AIOOBE_SUPPLIER Ljava/util/function/BiFunction; jdk/internal/util/Preconditions$1
staticfield java/lang/invoke/VarHandle VFORM_OFFSET J 16
staticfield java/lang/invoke/VarHandle $assertionsDisabled Z 1
ciInstanceKlass java/lang/invoke/MemberName 1 1 757 7 1 7 1 100 1 9 12 1 1 10 7 12 1 1 1 9 12 1 1 10 12 1 1 10 12 1 1 10 12 1 1 10 12 1 10 12 1 1 10 7 12 1 1 1 10 12 1 9 100 12 1 1 10 12 1 100 1 100 1 10 12 1 8 1 10 12 1 1 10 12 1 10 12 1 1 10 12 1 9 12 1 1 8 1 10 100 12 1 1 1 7 1 10 10 12 1 1 100 1 100 1 10 12 1 1 9 12 1 1 100 1 8 1 10 12 1 10 12 1 10 12 1 10 12 1 10 12 1 1 10 12 1 10 12 1 10 12 1 1 10 12 1 1 10 12 1 8 1 8 1 8 1 10 100 12 1 1 1 10 12 1 9 12 1 1 3 10 12 1 10 12 1 10 12 1 10 10 7 12 1 1 1 10 12 1 10 12 1 10 12 1 10 12 1 7 1 8 10 12 1 1 10 12 1 1 8 1 9 100 1 8 9 100 1 10 12 1 1 10 12 1 10 12 1 8 1 10 12 1 1 10 12 1 10 12 1 10 12 1 10 12 1 1 100 1 10 12 1 1 10 12 1 8 1 10 12 1 10 12 1 8 1 10 12 1 1 10 12 1 1 100 1 10 12 1 1 10 12 8 1 8 1 100 1 10 12 1 10 100 12 1 1 1 100 1 10 12 10 12 1 10 12 1 10 12 1 10 12 1 10 10 12 1 10 12 1 10 12 1 3 10 12 1 3 10 12 1 3 3 3 3 3 3 3 100 1 10 12 1 10 7 12 1 1 1 10 12 1 3 9 12 1 10 12 1 1 3 10 12 1 10 10 7 12 1 1 1 10 12 1 1 10 100 1 10 10 12 1 10 12 1 10 12 1 10 10 12 1 1 10 12 1 10 12 1 10 12 1 100 1 10 10 10 12 100 1 10 10 10 12 1 1 10 12 1 1 10 10 12 1 8 10 100 1 10 12 1 10 100 1 10 12 1 10 12 1 10 12 1 10 10 12 1 10 12 1 1 10 12 1 1 10 12 1 10 12 1 10 12 1 100 1 10 12 1 1 100 1 8 1 10 7 1 10 12 1 10 12 10 12 1 1 10 12 1 10 12 1 8 1 8 1 8 1 8 1 10 12 1 10 12 1 10 12 1 1 8 1 8 1 10 12 1 8 1 10 10 12 1 10 12 1 8 1 8 1 10 10 12 1 8 1 10 100 12 1 1 1 8 1 10 12 1 10 12 1 1 10 12 1 8 1 8 1 8 1 8 1 100 1 10 8 1 8 1 8 1 8 1 10 12 1 100 1 100 1 100 1 10 100 1 10 100 1 10 100 12 1 1 1 9 7 12 1 1 1 100 1 100 1 1 1 1 1 1 1 3 1 3 1 3 1 3 1 3 1 3 1 1 1 1 1 1 1 1 3 1 3 1 1 1 1 3 1 1 1 1 1 1 1 1 1 1 1 1 1 1 1 1 1 1 1 1 1 1 1 1 1 1 1 1 1 1 1 1 1 1 1 1 1 1 1 1 1 1 1 1 1 1 1 1 1 1 1 1 1 1 1 1 1 1 1 1 1 1 1 1 1 1 1 1 1 1 1 1 1 1 1 1 1 1 1 1 1 1 1 1 1 1 1 1 1 1 1 1 1 1 1 1 1 1 1 1 1 1 1 1 1 1 100 1 1 1 1 1 1 1 1 1 1 1 1 1 1 1
staticfield java/lang/invoke/MemberName $assertionsDisabled Z 1
ciInstanceKlass java/lang/invoke/ResolvedMethodName 1 1 16 10 100 12 1 1 1 100 1 1 1 1 1 1 1 1
ciInstanceKlass java/lang/StackWalker 0 0 235 9 100 12 1 1 1 10 100 12 1 1 1 100 1 10 100 12 1 1 1 10 12 1 1 11 100 12 1 1 1 10 12 1 1 10 12 1 1 10 12 1 1 100 1 8 1 10 12 1 10 12 1 10 12 1 10 100 12 1 1 9 12 1 1 9 12 1 1 9 12 1 1 9 12 1 1 10 12 1 1 9 12 1 1 10 100 12 1 1 1 11 12 1 1 100 1 8 1 10 10 100 12 1 1 9 12 1 1 10 12 1 1 10 100 12 1 1 1 10 100 12 1 1 1 18 12 1 1 100 1 8 1 10 10 12 1 1 10 100 12 1 1 1 9 100 12 1 1 11 100 12 1 1 1 10 12 1 1 1 1 1 1 1 1 1 1 1 1 1 1 1 1 1 1 1 1 1 1 1 1 1 1 1 1 1 1 1 1 1 1 1 1 1 1 1 1 1 1 1 1 1 1 1 1 1 1 1 100 1 1 15 10 100 12 1 1 1 16 15 10 12 16 1 1 1 1 1 1 1 100 1 100 1 1
ciInstanceKlass java/lang/StackStreamFactory$AbstractStackWalker 1 0 306 100 1 100 1 3 10 100 12 1 1 1 10 100 12 1 1 10 100 12 1 1 1 9 12 1 1 10 12 1 1 9 12 1 1 9 12 1 1 9 12 1 1 9 12 1 9 100 12 1 1 1 10 100 12 1 1 1 10 12 1 1 9 12 1 1 10 100 12 1 1 1 10 12 1 1 9 12 1 1 9 100 12 1 1 1 100 1 10 8 1 10 12 1 1 10 12 1 8 1 10 12 1 1 10 100 12 1 1 1 100 1 8 1 10 12 1 8 1 10 12 9 100 12 1 1 1 10 100 12 1 1 9 12 1 8 1 5 0 8 1 8 1 9 12 1 1 10 12 1 1 10 12 1 1 10 12 1 9 12 1 10 12 1 10 12 1 10 12 1 10 12 1 1 10 12 1 10 12 1 1 8 1 10 12 1 10 12 1 10 12 1 10 12 1 1 8 1 10 12 1 1 10 12 1 1 10 12 1 1 10 12 1 10 12 1 10 100 12 1 1 1 9 12 1 8 1 10 12 1 10 12 1 10 12 1 10 12 1 10 12 1 10 12 1 10 12 1 1 10 12 1 1 10 12 1 1 10 12 1 8 1 1 1 1 1 1 1 1 1 1 1 1 1 1 1 1 1 1 100 1 1 1 1 100 1 1 1 1 1 1 1 1 1 1 1 1 1 1 1 1 1 1 1 1 1
ciInstanceKlass jdk/internal/module/Modules 1 1 504 10 100 12 1 1 1 9 7 12 1 1 1 11 7 12 1 1 1 11 12 1 1 11 12 1 1 11 12 1 1 11 12 1 11 12 1 11 12 1 11 12 1 11 12 1 1 10 100 12 1 1 1 10 100 12 1 1 1 18 12 1 1 10 100 12 1 1 1 100 1 10 100 12 1 1 1 10 100 12 1 1 1 10 100 12 1 1 10 12 1 1 11 12 1 9 12 1 1 11 100 12 1 1 1 10 12 1 1 10 10 12 1 10 9 12 1 1 10 100 12 1 1 10 12 1 1 10 100 12 1 1 100 1 11 100 12 1 1 1 10 100 12 1 1 1 11 100 12 1 1 10 12 1 1 10 100 12 1 1 10 100 12 1 1 1 10 12 1 1 10 12 1 1 11 12 1 1 18 12 1 1 11 100 12 1 1 10 100 12 1 1 1 11 100 12 1 1 1 100 1 11 12 1 1 11 100 12 1 1 1 11 12 1 1 10 12 1 1 10 100 12 1 1 18 12 1 1 11 12 1 1 18 12 1 1 11 12 1 1 10 12 1 18 18 10 12 1 1 9 12 1 1 11 100 12 1 1 1 100 1 10 11 12 1 11 12 1 1 11 12 1 1 10 100 1 10 12 1 1 10 100 12 1 1 10 12 1 1 11 12 10 12 1 1 100 1 10 18 12 1 10 12 1 1 100 1 8 1 10 12 1 10 100 12 1 1 18 12 1 11 11 12 10 12 1 10 10 100 1 18 12 1 10 10 10 7 12 1 1 10 7 12 1 1 1 10 12 1 1 1 1 1 1 1 1 1 1 1 1 1 1 1 1 1 1 1 1 1 1 1 1 1 1 1 1 1 1 1 1 1 100 1 1 1 1 1 1 1 1 1 1 1 1 1 1 1 1 1 1 1 1 1 1 1 1 1 1 1 1 1 1 1 1 1 1 1 100 1 1 1 1 1 1 1 1 1 1 1 1 1 1 1 1 1 1 1 1 1 1 1 15 10 100 12 1 1 1 16 15 10 12 1 16 16 15 10 12 1 16 1 16 1 15 10 12 1 16 1 16 1 15 10 12 16 1 15 10 16 1 15 10 12 16 1 15 10 12 16 15 10 12 16 15 10 12 1 1 1 100 1 100 1 1
staticfield jdk/internal/module/Modules JLA Ljdk/internal/access/JavaLangAccess; java/lang/System$2
staticfield jdk/internal/module/Modules JLMA Ljdk/internal/access/JavaLangModuleAccess; java/lang/module/ModuleDescriptor$1
staticfield jdk/internal/module/Modules $assertionsDisabled Z 1
ciInstanceKlass java/lang/invoke/Invokers$Holder 1 1 99 1 100 1 100 1 1 1 1 1 1 1 7 1 7 1 7 1 1 12 10 1 1 12 10 1 1 12 10 1 1 100 1 1 12 9 1 1 1 12 10 1 1 1 12 10 1 1 12 10 1 1 1 12 10 1 1 100 1 1 12 10 1 1 12 10 1 1 12 10 1 12 10 1 1 12 10 1 1 12 10 1 12 10 1 12 10 12 10 1 1 12 10 1 12 10 1 1 1
ciMethod java/lang/invoke/Invokers$Holder linkToTargetMethod (Ljava/lang/Object;Ljava/lang/Object;)Ljava/lang/Object; 552 0 160597 0 -1
ciInstanceKlass java/util/LinkedList 1 1 330 10 7 12 1 1 1 9 7 12 1 1 1 10 10 12 1 1 9 12 1 1 7 1 10 12 1 9 12 1 9 12 1 9 12 1 9 12 1 9 12 1 1 100 1 10 10 12 1 1 10 12 1 10 12 1 1 10 12 1 10 12 1 1 10 12 1 10 7 12 1 1 1 10 12 1 10 12 1 1 11 7 12 1 1 1 10 12 1 1 10 12 1 10 12 1 1 100 1 10 8 1 10 12 1 1 10 12 1 8 1 10 12 1 1 10 12 1 1 100 1 10 12 1 1 10 12 1 10 12 1 10 12 1 1 10 12 1 10 12 1 10 12 1 10 12 1 10 12 1 7 1 10 12 1 100 1 10 12 1 10 12 1 100 1 100 1 10 12 1 10 12 1 1 10 12 1 1 10 100 12 1 1 10 100 12 1 1 1 100 1 10 100 12 1 1 10 12 1 10 12 1 10 100 12 1 1 10 12 1 1 10 12 1 100 1 10 12 1 100 1 100 1 100 1 100 1 1 1 1 1 1 5 0 1 1 1 1 1 1 1 1 1 1 1 1 1 1 1 1 1 1 1 1 1 1 1 1 1 1 1 1 1 1 1 1 1 1 1 1 1 1 1 1 1 1 1 1 1 1 1 1 1 1 1 1 1 1 1 1 1 1 1 1 1 1 1 1 1 1 1 1 1 1 1 1 1 1 1 1 1 1 100 1 1 1 100 1 1 1 1 1 1 1 1 1 1 1 1 1
ciInstanceKlass java/util/stream/Collector$Characteristics 1 1 59 7 1 9 12 1 1 9 12 1 9 12 1 9 12 1 1 10 7 12 1 1 10 7 12 1 1 1 10 12 1 1 8 10 8 8 10 12 1 1 1 1 1 1 1 1 1 1 1 1 1 1 1 1 1 100 1 1 1
staticfield java/util/stream/Collector$Characteristics CONCURRENT Ljava/util/stream/Collector$Characteristics; java/util/stream/Collector$Characteristics
staticfield java/util/stream/Collector$Characteristics UNORDERED Ljava/util/stream/Collector$Characteristics; java/util/stream/Collector$Characteristics
staticfield java/util/stream/Collector$Characteristics IDENTITY_FINISH Ljava/util/stream/Collector$Characteristics; java/util/stream/Collector$Characteristics
staticfield java/util/stream/Collector$Characteristics $VALUES [Ljava/util/stream/Collector$Characteristics; 3 [Ljava/util/stream/Collector$Characteristics;
instanceKlass java/util/RegularEnumSet
ciInstanceKlass java/util/EnumSet 1 1 242 10 7 12 1 1 1 9 7 12 1 1 1 9 12 1 1 10 12 1 1 100 1 100 1 10 10 12 1 1 8 1 10 12 1 10 12 1 1 10 12 1 7 1 10 12 1 100 1 10 10 12 1 1 10 12 1 10 12 1 1 11 100 12 1 1 1 100 1 8 1 10 11 12 1 1 11 100 12 1 1 1 7 1 10 12 1 1 11 12 1 10 12 1 1 10 12 1 1 10 12 1 10 12 1 1 10 12 1 1 8 1 10 12 1 1 10 7 12 1 100 1 100 1 10 12 1 10 12 1 10 100 12 1 1 8 1 10 7 12 1 1 1 11 7 12 1 1 100 1 10 12 1 100 1 8 1 10 100 1 100 1 1 1 1 5 0 1 1 1 1 1 1 1 1 1 1 1 1 100 1 1 1 1 1 1 1 1 1 1 1 1 1 1 1 1 1 1 1 1 1 1 1 1 1 1 1 1 1 1 1 1 1 1 1 1 1 1 1 1 1 1 1 1 1 1 1 1 1 1 1 1 1 1 1 1 1 1 1 1 1 1
ciInstanceKlass java/util/RegularEnumSet 1 1 157 10 7 12 1 1 1 9 7 12 1 1 1 5 0 10 7 12 1 1 1 9 12 1 1 7 1 10 12 1 10 7 12 1 1 1 10 7 12 1 1 1 9 12 1 1 10 100 12 1 1 10 12 1 1 10 12 1 1 10 12 1 1 10 12 1 100 1 100 1 10 12 1 10 12 1 1 8 1 10 12 1 10 12 1 1 10 12 1 10 12 1 10 12 1 10 12 1 1 10 12 1 1 1 1 5 0 1 1 1 1 1 1 1 1 1 1 1 1 1 1 1 1 1 1 1 1 1 1 1 1 1 1 1 1 1 1 1 1 1 1 1 1 1 1 1 1 1 1 1 1 1 1 1 1 1 1
ciMethod java/util/RegularEnumSet isEmpty ()Z 512 0 244 0 0
ciMethod java/util/RegularEnumSet contains (Ljava/lang/Object;)Z 768 0 8628 0 0
ciInstanceKlass java/util/Collections$EmptySet 1 1 100 10 7 12 1 1 1 10 7 12 1 1 1 11 100 12 1 1 1 7 1 10 100 12 1 1 1 10 100 12 1 1 1 9 12 1 1 100 1 100 1 1 1 1 5 0 1 1 1 1 1 1 1 1 1 1 1 1 1 1 1 1 1 1 1 1 1 1 1 1 1 1 1 1 1 1 1 1 1 1 1 1 1 1 1 1 1 1 1 1 1 1 1 1 1 1 1 1 1 1
ciMethod java/util/Collections$EmptySet isEmpty ()Z 256 0 128 0 0
ciInstanceKlass java/util/Collections$UnmodifiableMap 1 1 175 10 7 12 1 1 1 100 1 10 9 7 12 1 1 1 11 7 12 1 1 1 11 12 1 1 11 12 1 1 11 12 1 11 12 1 1 100 1 10 9 12 1 1 11 12 1 10 7 12 1 1 1 9 12 1 7 1 11 12 10 12 1 9 12 1 1 11 12 1 10 12 1 1 11 12 1 11 12 1 10 12 1 1 11 12 1 1 11 12 1 1 100 1 1 1 1 5 0 1 1 1 1 1 1 1 1 1 1 1 1 1 1 1 1 1 1 1 1 1 1 1 1 1 1 1 1 1 1 1 1 1 1 1 1 1 1 1 1 1 1 1 1 1 1 1 1 1 1 1 1 1 1 1 1 1 1 1 1 1 1 1 1 1 1 1 1 1 1 1 1 1 100 1 1
ciInstanceKlass java/util/ArrayList$SubList 1 1 270 10 7 12 1 1 1 9 7 12 1 1 1 9 12 1 1 9 12 1 1 9 12 1 9 7 12 1 1 9 10 7 12 1 1 1 10 12 1 10 12 1 1 9 12 1 10 12 1 1 10 12 1 1 10 12 1 10 12 1 10 12 1 1 10 12 1 1 11 100 12 1 1 10 10 12 1 1 10 12 1 1 9 10 12 1 10 12 1 1 10 100 12 1 1 1 10 100 12 1 1 1 10 12 1 10 7 12 1 1 1 100 1 10 12 1 1 10 12 1 10 12 1 1 10 12 1 10 12 1 1 10 12 1 1 7 1 10 12 1 10 12 1 1 10 12 1 100 1 10 12 1 1 10 12 1 100 1 10 8 1 10 12 1 1 10 12 1 8 1 10 12 1 1 100 1 10 100 1 10 12 1 100 1 1 1 1 1 1 1 1 1 1 1 1 1 1 1 1 1 1 1 1 1 1 1 1 1 1 1 1 1 1 1 1 1 1 1 1 1 1 1 1 1 1 1 1 1 1 1 1 1 1 1 1 1 1 1 1 1 1 1 1 1 1 1 1 1 1 1 1 1 1 1 1 1 1 1 1 1 1 1 1 1 1 1 1 1 1 1
ciMethod java/util/ArrayList$SubList <init> (Ljava/util/ArrayList;II)V 512 0 1470 0 -1
ciMethod java/util/AbstractList subListRangeCheck (III)V 512 0 4228 0 -1
ciMethod java/util/AbstractList <init> ()V 512 0 136123 0 64
ciMethod java/util/List add (Ljava/lang/Object;)Z 0 0 1 0 -1
ciMethod java/util/List get (I)Ljava/lang/Object; 0 0 1 0 -1
ciMethod java/util/List isEmpty ()Z 0 0 1 0 -1
ciMethod java/util/List size ()I 0 0 1 0 -1
ciMethod java/util/List subList (II)Ljava/util/List; 0 0 1 0 -1
ciMethod java/util/List toArray ([Ljava/lang/Object;)[Ljava/lang/Object; 0 0 1 0 -1
ciMethod java/util/Arrays copyOfRange ([BII)[B 514 0 6451 0 768
ciMethod java/util/Arrays copyOf ([Ljava/lang/Object;I)[Ljava/lang/Object; 124 0 12902 0 704
ciMethod java/util/Arrays copyOf ([Ljava/lang/Object;ILjava/lang/Class;)[Ljava/lang/Object; 400 0 5467 0 -1
ciMethod java/lang/Math max (II)I 546 0 112013 0 -1
ciMethod java/lang/Math min (II)I 512 0 69711 0 -1
ciMethod java/util/Set contains (Ljava/lang/Object;)Z 0 0 1 0 -1
ciMethod java/util/Set isEmpty ()Z 0 0 1 0 -1
ciMethod java/lang/StringBuilder <init> ()V 258 0 98032 0 -1
ciMethod java/lang/StringBuilder toString ()Ljava/lang/String; 284 0 114691 0 -1
ciMethod java/lang/StringBuilder append (Ljava/lang/String;)Ljava/lang/StringBuilder; 512 0 275663 0 -1
ciMethod java/lang/StringBuilder append (Ljava/lang/Object;)Ljava/lang/StringBuilder; 110 0 5970 0 -1
ciMethod java/lang/StringBuilder append (I)Ljava/lang/StringBuilder; 12 0 5101 0 -1
ciMethod java/lang/String charAt (I)C 1024 0 1297520 0 160
ciMethod java/lang/String length ()I 1024 0 835096 0 96
ciMethod java/lang/String <init> ([BB)V 512 0 23507 0 288
ciMethod java/lang/String equals (Ljava/lang/Object;)Z 1024 0 13644 0 384
ciMethod java/lang/String checkIndex (II)V 0 0 6392 0 128
ciMethod java/lang/String valueOf (Ljava/lang/Object;)Ljava/lang/String; 130 0 6848 0 -1
ciMethod java/lang/String coder ()B 1024 0 957156 0 64
ciMethod java/lang/String isLatin1 ()Z 4096 0 1666138 0 96
ciMethod java/lang/String checkBoundsBeginEnd (III)V 516 0 5425 0 160
ciMethod java/lang/String startsWith (Ljava/lang/String;I)Z 514 3198 5402 0 640
ciMethod java/lang/String startsWith (Ljava/lang/String;)Z 512 0 44609 0 512
ciMethod java/lang/String substring (II)Ljava/lang/String; 526 0 5478 0 1312
ciMethod java/lang/String replace (Ljava/lang/CharSequence;Ljava/lang/CharSequence;)Ljava/lang/String; 10 0 416 0 -1
ciMethod java/util/ArrayList subList (II)Ljava/util/List; 512 0 1470 0 -1
ciMethod java/util/ArrayList size ()I 270 0 135 0 -1
ciMethod java/util/ArrayList isEmpty ()Z 770 0 26642 0 -1
ciMethod java/util/ArrayList add (Ljava/lang/Object;)Z 158 0 105721 0 2048
ciMethod java/util/ArrayList <init> ()V 1024 0 74714 0 288
ciMethod java/util/ArrayList add (Ljava/lang/Object;[Ljava/lang/Object;I)V 158 0 105721 0 0
ciMethod java/util/ArrayList grow (I)[Ljava/lang/Object; 20 0 7186 0 1600
ciMethod java/util/ArrayList grow ()[Ljava/lang/Object; 20 0 19397 0 0
ciMethod java/lang/Enum compareTo (Ljava/lang/Enum;)I 770 0 5518 0 -1
ciMethod java/lang/Enum ordinal ()I 256 0 128 0 0
ciMethod java/lang/Class getSuperclass ()Ljava/lang/Class; 256 0 128 0 -1
ciMethod java/lang/Object getClass ()Ljava/lang/Class; 256 0 128 0 -1
ciMethod java/lang/Object <init> ()V 1024 0 1799431 0 128
ciInstanceKlass com/intellij/util/containers/ContainerUtil 1 1 1121 3 4 8 8 8 8 8 8 8 8 8 8 8 8 8 8 8 8 8 8 8 8 8 8 8 8 8 8 8 8 8 8 8 8 8 8 8 8 8 8 8 8 8 8 8 8 8 8 8 8 8 8 8 8 8 8 8 8 8 8 8 8 8 8 8 8 8 8 8 8 8 8 8 8 8 8 8 8 8 8 8 8 8 8 8 8 8 8 8 8 8 8 8 8 8 8 8 8 8 8 8 8 8 8 8 8 8 8 8 8 8 8 8 8 8 8 8 8 8 8 8 8 8 8 8 8 8 8 8 8 8 8 8 8 8 8 8 8 8 8 8 8 8 8 8 8 8 8 8 8 8 8 8 8 8 8 8 8 8 8 8 8 8 8 8 8 8 8 8 8 8 8 8 8 8 8 8 8 8 8 8 8 8 8 8 8 8 8 8 8 8 8 8 8 8 8 8 100 100 100 7 7 100 7 7 7 7 7 7 7 100 100 100 7 7 7 100 7 7 7 100 7 100 100 7 100 100 7 100 100 100 100 100 100 7 7 7 7 100 7 7 100 7 100 100 100 7 100 100 100 100 100 9 10 10 10 10 10 10 10 10 10 10 10 10 10 10 10 10 10 10 10 10 10 10 10 10 10 10 10 10 10 10 10 10 10 10 10 10 10 10 10 10 10 10 10 10 10 10 10 10 10 10 10 10 10 10 10 10 10 10 10 10 10 10 10 10 10 10 10 10 10 10 11 11 11 11 11 11 11 11 11 11 11 11 11 11 11 11 11 11 11 11 11 11 11 11 11 11 11 18 15 15 12 12 12 12 12 12 12 12 12 12 12 12 12 12 12 12 12 12 12 12 12 12 12 12 12 12 12 12 12 12 12 12 12 12 12 12 12 12 12 12 12 12 12 12 12 12 12 12 12 12 12 12 12 12 12 12 12 12 12 12 12 12 12 12 12 12 12 12 12 12 12 12 12 12 12 12 16 1 1 1 1 1 1 1 1 1 1 1 1 1 1 1 1 1 1 1 1 1 1 1 1 1 1 1 1 1 1 1 1 1 1 1 1 1 1 1 1 1 1 1 1 1 1 1 1 1 1 1 1 1 1 1 1 1 1 1 1 1 1 1 1 1 1 1 1 1 1 1 1 1 1 1 1 1 1 1 1 1 1 1 1 1 1 1 1 1 1 1 1 1 1 1 1 1 1 1 1 1 1 1 1 1 1 1 1 1 1 1 1 1 1 1 1 1 1 1 1 1 1 1 1 1 1 1 1 1 1 1 1 1 1 1 1 1 1 1 1 1 1 1 1 1 1 1 1 1 1 1 1 1 1 1 1 1 1 1 1 1 1 1 1 1 1 1 1 1 1 1 1 1 1 1 1 1 1 1 1 1 1 1 1 1 1 1 1 1 1 1 1 1 1 1 1 1 1 1 1 1 1 1 1 1 1 1 1 1 1 1 1 1 1 1 1 1 1 1 1 1 1 1 1 1 1 1 1 1 1 1 1 1 1 1 1 1 1 1 1 1 1 1 1 1 1 1 1 1 1 1 1 1 1 1 1 1 1 1 1 1 1 1 1 1 1 1 1 1 1 1 1 1 1 1 1 1 1 1 1 1 1 1 1 1 1 1 1 1 1 1 1 1 1 1 1 1 1 1 1 1 1 1 1 1 1 1 1 1 1 1 1 1 1 1 1 1 1 1 1 1 1 1 1 1 1 1 1 1 1 1 1 1 1 1 1 1 1 1 1 1 1 1 1 1 1 1 1 1 1 1 1 1 1 1 1 1 1 1 1 1 1 1 1 1 1 1 1 1 1 1 1 1 1 1 1 1 1 1 1 1 1 1 1 1 1 1 1 1 1 1 1 1 1 1 1 1 1 1 1 1 1 1 1 1 1 1 1 1 1 1 1 1 1 1 1 1 1 1 1 1 1 1 1 1 1 1 1 1 1 1 1 1 1 1 1 1 1 1 1 1 1 1 1 1 1 1 1 1 1 1 1 1 1 1 1 1 1 1 1 1 1 1 1 1 1 1 1 1 1 1 1 1 1 1 1 1 1 1 1 1 1 1 1 1 1 1 1 1 1 1 1 1 1 1 1 1 1 1 1 1 1 1 1 1 1 1 1 1 1 1 1 1 1 1 1 1 1 1 1 1 1 1 1 1 1 1 1 1 1 1 1 1 1 1 1 1 1 1 1 1 1 1 1 1 1 1 1 1 1 1 1 1 1 1 1 1 1 1 1 1 1 1 1 1 1 1 1 1 1 1 1 1 1 1 1 1 1 1 1 1 1 1 1 1 1 1 1 1 1 1 1 1 1 1 1 1 1 1 1 1 1 1 1 1 1 1 1 1 1 1 1 1 1 1 1 1 1 1 1 1 1 1 1 1 1 1 1 1 1 1 1 1 1 1 1 1 1 1 1 1 1 1 1 1 1 1 1 1 1 1 1 1 1 1 1 1 1 1 1 1 1 1 1 1 1 1 1 1 1 1 1 1 1 1 1 1 1 1 1 1 1 1 1 1 1 1 1 1 1
staticfield com/intellij/util/containers/ContainerUtil $assertionsDisabled Z 1
instanceKlass com/intellij/openapi/diagnostic/DefaultLogger
ciInstanceKlass com/intellij/openapi/diagnostic/Logger 1 1 460 8 8 8 8 8 8 8 8 8 8 8 8 8 8 8 8 8 8 8 8 8 8 8 8 8 8 8 8 8 8 8 8 8 8 8 8 100 100 100 100 100 100 7 100 7 7 100 100 100 100 100 7 100 100 100 7 100 100 7 100 100 7 100 100 100 100 100 100 100 100 9 9 9 9 9 9 9 9 9 9 9 9 9 10 10 10 10 10 10 10 10 10 10 10 10 10 10 10 10 10 10 10 10 10 10 10 10 10 10 10 10 10 10 10 10 10 10 10 10 10 10 10 10 10 10 10 10 10 10 10 10 10 10 10 10 10 10 10 10 10 11 11 11 11 11 11 11 18 18 15 15 15 12 12 12 12 12 12 12 12 12 12 12 12 12 12 12 12 12 12 12 12 12 12 12 12 12 12 12 12 12 12 12 12 12 12 12 12 12 12 12 12 12 12 12 12 12 12 12 12 12 12 12 12 12 12 12 12 12 12 12 12 12 12 12 12 12 12 12 12 12 12 12 12 12 12 16 16 1 1 1 1 1 1 1 1 1 1 1 1 1 1 1 1 1 1 1 1 1 1 1 1 1 1 1 1 1 1 1 1 1 1 1 1 1 1 1 1 1 1 1 1 1 1 1 1 1 1 1 1 1 1 1 1 1 1 1 1 1 1 1 1 1 1 1 1 1 1 1 1 1 1 1 1 1 1 1 1 1 1 1 1 1 1 1 1 1 1 1 1 1 1 1 1 1 1 1 1 1 1 1 1 1 1 1 1 1 1 1 1 1 1 1 1 1 1 1 1 1 1 1 1 1 1 1 1 1 1 1 1 1 1 1 1 1 1 1 1 1 1 1 1 1 1 1 1 1 1 1 1 1 1 1 1 1 1 1 1 1 1 1 1 1 1 1 1 1 1 1 1 1 1 1 1 1 1 1 1 1 1 1 1 1 1 1 1 1 1 1 1 1 1 1 1 1 1 1 1 1 1 1 1 1 1 1 1 1 1 1 1 1 1 1 1 1 1 1 1 1 1 1 1 1 1 1 1 1 1 1
staticfield com/intellij/openapi/diagnostic/Logger ATTACHMENT_TO_STRING Ljava/util/function/Function; com/intellij/openapi/diagnostic/Logger$$Lambda$33+0x00000274a501dd50
ciInstanceKlass com/intellij/openapi/diagnostic/DefaultLogger 1 1 281 8 8 8 8 8 8 8 8 8 8 8 8 8 8 8 8 8 8 8 8 8 8 100 100 7 100 7 7 100 100 100 100 100 100 100 100 100 100 100 100 100 100 100 100 100 100 9 9 9 9 9 9 9 9 9 9 10 10 10 10 10 10 10 10 10 10 10 10 10 10 10 10 10 10 10 10 10 10 10 10 10 11 11 11 11 11 11 18 15 15 12 12 12 12 12 12 12 12 12 12 12 12 12 12 12 12 12 12 12 12 12 12 12 12 12 12 12 12 12 12 12 12 12 12 12 12 12 12 12 12 16 16 1 1 1 1 1 1 1 1 1 1 1 1 1 1 1 1 1 1 1 1 1 1 1 1 1 1 1 1 1 1 1 1 1 1 1 1 1 1 1 1 1 1 1 1 1 1 1 1 1 1 1 1 1 1 1 1 1 1 1 1 1 1 1 1 1 1 1 1 1 1 1 1 1 1 1 1 1 1 1 1 1 1 1 1 1 1 1 1 1 1 1 1 1 1 1 1 1 1 1 1 1 1 1 1 1 1 1 1 1 1 1 1 1 1 1 1 1 1 1 1 1 1 1 1 1 1 1 1 1 1 1 1 1 1 1 1 1 1 1 1 1 1 1 1 1 1 1 1
ciInstanceKlass com/intellij/openapi/diagnostic/LogLevel 1 1 101 8 8 8 8 8 8 8 100 7 7 7 9 9 9 9 9 9 9 9 9 9 9 9 9 9 9 9 10 10 10 10 10 12 12 12 12 12 12 12 12 12 12 12 12 12 12 12 12 12 12 12 12 12 1 1 1 1 1 1 1 1 1 1 1 1 1 1 1 1 1 1 1 1 1 1 1 1 1 1 1 1 1 1 1 1 1 1 1 1 1 1 1 1 1 1 1 1 1 1 1
staticfield com/intellij/openapi/diagnostic/LogLevel OFF Lcom/intellij/openapi/diagnostic/LogLevel; com/intellij/openapi/diagnostic/LogLevel
staticfield com/intellij/openapi/diagnostic/LogLevel ERROR Lcom/intellij/openapi/diagnostic/LogLevel; com/intellij/openapi/diagnostic/LogLevel
staticfield com/intellij/openapi/diagnostic/LogLevel WARNING Lcom/intellij/openapi/diagnostic/LogLevel; com/intellij/openapi/diagnostic/LogLevel
staticfield com/intellij/openapi/diagnostic/LogLevel INFO Lcom/intellij/openapi/diagnostic/LogLevel; com/intellij/openapi/diagnostic/LogLevel
staticfield com/intellij/openapi/diagnostic/LogLevel DEBUG Lcom/intellij/openapi/diagnostic/LogLevel; com/intellij/openapi/diagnostic/LogLevel
staticfield com/intellij/openapi/diagnostic/LogLevel TRACE Lcom/intellij/openapi/diagnostic/LogLevel; com/intellij/openapi/diagnostic/LogLevel
staticfield com/intellij/openapi/diagnostic/LogLevel ALL Lcom/intellij/openapi/diagnostic/LogLevel; com/intellij/openapi/diagnostic/LogLevel
staticfield com/intellij/openapi/diagnostic/LogLevel $VALUES [Lcom/intellij/openapi/diagnostic/LogLevel; 7 [Lcom/intellij/openapi/diagnostic/LogLevel;
instanceKlass com/intellij/openapi/editor/impl/LockFreeCOWSortedArray
instanceKlass com/intellij/openapi/util/UserDataHolderBase
instanceKlass com/intellij/util/containers/LockFreeCopyOnWriteArrayList
ciInstanceKlass java/util/concurrent/atomic/AtomicReference 1 1 178 10 7 12 1 1 1 9 7 12 1 1 1 9 12 1 1 10 7 12 1 1 1 10 12 1 1 10 12 1 10 12 1 1 10 12 1 1 11 7 12 1 1 1 10 12 1 1 11 100 12 1 1 10 7 12 1 1 1 10 12 1 10 12 1 10 12 1 10 12 1 10 12 1 10 12 1 1 10 12 1 10 12 1 10 12 1 10 12 1 10 12 1 10 7 12 1 1 1 8 10 7 12 1 1 1 100 1 100 1 10 12 1 100 1 1 1 1 5 0 1 1 1 1 1 1 1 1 1 1 1 1 1 1 1 1 1 1 1 1 1 1 1 1 1 1 1 1 1 1 1 1 1 1 1 1 1 1 1 1 1 1 1 1 1 1 1 1 1 1 1 1 1 1 1 1 1 1
staticfield java/util/concurrent/atomic/AtomicReference VALUE Ljava/lang/invoke/VarHandle; java/lang/invoke/VarHandleReferences$FieldInstanceReadWrite
instanceKlass org/jetbrains/exposed/exceptions/UnsupportedByDialectException
instanceKlass java/nio/file/ReadOnlyFileSystemException
ciInstanceKlass java/lang/UnsupportedOperationException 0 0 34 10 100 12 1 1 1 10 12 1 10 12 1 10 12 1 100 1 1 1 1 5 0 1 1 1 1 1 1 1 1 1 1 1
ciInstanceKlass java/lang/AssertionError 0 0 79 10 100 12 1 1 1 10 12 1 10 100 12 1 1 1 10 100 1 100 1 10 12 1 1 10 12 1 10 12 1 10 12 1 10 12 1 10 12 1 10 12 1 10 12 1 1 1 1 5 0 1 1 1 1 1 1 1 1 1 1 100 1 1 1 1 1 1 1 1 1 1 1 1 1 1 1 1 1
ciInstanceKlass java/util/Collections$SingletonList 1 1 131 10 7 12 1 1 1 9 7 12 1 1 1 10 7 12 1 1 1 10 12 1 1 100 1 100 1 10 8 1 10 12 1 1 10 12 1 8 1 10 12 1 1 10 12 1 11 100 12 1 1 1 100 1 10 10 12 1 1 10 7 12 1 1 1 100 1 100 1 1 1 1 5 0 1 1 1 1 1 1 1 1 1 1 1 1 1 1 1 1 1 1 1 1 1 1 1 1 1 1 1 1 1 1 1 1 1 1 1 1 1 1 1 1 1 1 1 1 1 1 1 1 1 1 1 1 1 1 1 1 1
ciInstanceKlass com/intellij/util/Function 1 1 40 100 100 100 100 100 100 11 12 1 1 1 1 1 1 1 1 1 1 1 1 1 1 1 1 1 1 1 1 1 1 1 1 1 1 1 1 1 1 1
instanceKlass com/intellij/psi/stubs/ObjectStubBase
instanceKlass com/intellij/util/indexing/IndexedFileImpl
instanceKlass com/intellij/psi/AbstractFileViewProvider
instanceKlass org/jetbrains/kotlin/scripting/definitions/KotlinScriptDefinition
instanceKlass org/jetbrains/kotlin/scripting/definitions/ScriptDefinition
instanceKlass com/intellij/psi/PsiManager
instanceKlass com/intellij/psi/impl/ElementBase
instanceKlass com/intellij/openapi/editor/impl/DocumentImpl
instanceKlass com/intellij/openapi/vfs/VirtualFile
instanceKlass com/intellij/lang/Language
instanceKlass com/intellij/mock/MockComponentManager
ciInstanceKlass com/intellij/openapi/util/UserDataHolderBase 1 1 224 8 8 8 8 8 8 8 8 8 8 8 8 8 8 8 8 8 8 8 8 8 8 8 8 100 7 7 7 100 7 100 100 100 100 100 100 100 100 7 100 100 9 9 10 10 10 10 10 10 10 10 10 10 10 10 10 10 10 10 10 10 10 10 10 10 10 10 10 11 11 11 11 12 12 12 12 12 12 12 12 12 12 12 12 12 12 12 12 12 12 12 12 12 12 12 12 12 12 12 12 1 1 1 1 1 1 1 1 1 1 1 1 1 1 1 1 1 1 1 1 1 1 1 1 1 1 1 1 1 1 1 1 1 1 1 1 1 1 1 1 1 1 1 1 1 1 1 1 1 1 1 1 1 1 1 1 1 1 1 1 1 1 1 1 1 1 1 1 1 1 1 1 1 1 1 1 1 1 1 1 1 1 1 1 1 1 1 1 1 1 1 1 1 1 1 1 1 1 1 1 1 1 1 1 1 1 1 1 1 1 1 1 1 1 1 1 1 1 1 1 1 1 1
staticfield com/intellij/openapi/util/UserDataHolderBase COPYABLE_USER_MAP_KEY Lcom/intellij/openapi/util/Key; com/intellij/openapi/util/Key
ciInstanceKlass com/intellij/util/SmartList 1 1 339 8 8 8 8 8 8 8 8 8 8 8 8 8 8 8 8 8 7 7 100 7 100 100 100 7 7 100 100 100 7 7 100 100 7 100 7 100 7 100 100 100 100 100 100 9 9 9 10 10 10 10 10 10 10 10 10 10 10 10 10 10 10 10 10 10 10 10 10 10 10 10 10 10 10 10 10 10 10 10 10 10 10 10 10 10 10 10 10 10 11 11 11 11 11 11 18 15 15 12 12 12 12 12 12 12 12 12 12 12 12 12 12 12 12 12 12 12 12 12 12 12 12 12 12 12 12 12 12 12 12 12 12 12 12 12 12 12 12 12 12 12 12 12 16 1 1 1 1 1 1 1 1 1 1 1 1 1 1 1 1 1 1 1 1 1 1 1 1 1 1 1 1 1 1 1 1 1 1 1 1 1 1 1 1 1 1 1 1 1 1 1 1 1 1 1 1 1 1 1 1 1 1 1 1 1 1 1 1 1 1 1 1 1 1 1 1 1 1 1 1 1 1 1 1 1 1 1 1 1 1 1 1 1 1 1 1 1 1 1 1 1 1 1 1 1 1 1 1 1 1 1 1 1 1 1 1 1 1 1 1 1 1 1 1 1 1 1 1 1 1 1 1 1 1 1 1 1 1 1 1 1 1 1 1 1 1 1 1 1 1 1 1 1 1 1 1 1 1 1 1 1 1 1 1 1 1 1 1 1 1 1 1 1 1 1 1 1 1 1 1 1 1 1 1 1 1 1 1 1 1 1 1 1 1 1 1 1 1
ciInstanceKlass com/intellij/util/ArrayUtil 1 1 601 3 3 8 8 8 8 8 8 8 8 8 8 8 8 8 8 8 8 8 8 8 8 8 8 8 8 8 8 8 8 8 8 8 8 8 8 8 8 8 8 8 8 8 8 8 8 8 8 8 8 8 8 8 8 8 8 8 8 8 8 8 8 8 8 8 8 8 8 8 8 8 8 8 100 100 100 100 7 100 100 100 7 7 7 100 100 100 100 7 100 100 7 7 7 100 7 100 7 7 100 100 7 7 7 7 100 100 6 0 9 9 9 9 9 9 9 9 9 9 9 9 9 9 9 9 9 9 9 9 9 9 9 9 10 10 10 10 10 10 10 10 10 10 10 10 10 10 10 10 10 10 10 10 10 10 10 10 10 10 10 10 10 10 10 10 10 10 10 10 10 10 10 10 10 10 10 10 11 11 11 11 11 11 11 11 11 18 18 15 15 15 12 12 12 12 12 12 12 12 12 12 12 12 12 12 12 12 12 12 12 12 12 12 12 12 12 12 12 12 12 12 12 12 12 12 12 12 12 12 12 12 12 12 12 12 12 12 12 12 12 12 12 12 12 12 12 12 12 12 12 12 12 12 12 12 12 16 16 1 1 1 1 1 1 1 1 1 1 1 1 1 1 1 1 1 1 1 1 1 1 1 1 1 1 1 1 1 1 1 1 1 1 1 1 1 1 1 1 1 1 1 1 1 1 1 1 1 1 1 1 1 1 1 1 1 1 1 1 1 1 1 1 1 1 1 1 1 1 1 1 1 1 1 1 1 1 1 1 1 1 1 1 1 1 1 1 1 1 1 1 1 1 1 1 1 1 1 1 1 1 1 1 1 1 1 1 1 1 1 1 1 1 1 1 1 1 1 1 1 1 1 1 1 1 1 1 1 1 1 1 1 1 1 1 1 1 1 1 1 1 1 1 1 1 1 1 1 1 1 1 1 1 1 1 1 1 1 1 1 1 1 1 1 1 1 1 1 1 1 1 1 1 1 1 1 1 1 1 1 1 1 1 1 1 1 1 1 1 1 1 1 1 1 1 1 1 1 1 1 1 1 1 1 1 1 1 1 1 1 1 1 1 1 1 1 1 1 1 1 1 1 1 1 1 1 1 1 1 1 1 1 1 1 1 1 1 1 1 1 1 1 1 1 1 1 1 1 1 1 1 1 1 1 1 1 1 1 1 1 1 1 1 1 1 1 1 1 1 1 1 1 1 1 1 1 1 1 1 1 1 1 1 1 1 1 1 1 1 1 1 1 1 1 1 1 1 1 1 1 1 1 1 1 1 1 1 1 1 1 1 1 1 1 1 1 1 1 1 1 1 1 1 1 1 1 1 1 1 1 1 1 1 1 1 1 1 1 1 1 1
staticfield com/intellij/util/ArrayUtil EMPTY_CHAR_ARRAY [C 0
staticfield com/intellij/util/ArrayUtil EMPTY_BYTE_ARRAY [B 0
staticfield com/intellij/util/ArrayUtil EMPTY_DOUBLE_ARRAY [D 0
staticfield com/intellij/util/ArrayUtil EMPTY_INT_ARRAY [I 0
staticfield com/intellij/util/ArrayUtil EMPTY_OBJECT_ARRAY [Ljava/lang/Object; 0 [Ljava/lang/Object;
staticfield com/intellij/util/ArrayUtil EMPTY_STRING_ARRAY [Ljava/lang/String; 0 [Ljava/lang/String;
staticfield com/intellij/util/ArrayUtil EMPTY_CLASS_ARRAY [Ljava/lang/Class; 0 [Ljava/lang/Class;
staticfield com/intellij/util/ArrayUtil EMPTY_LONG_ARRAY [J 0
staticfield com/intellij/util/ArrayUtil EMPTY_FILE_ARRAY [Ljava/io/File; 0 [Ljava/io/File;
staticfield com/intellij/util/ArrayUtil EMPTY_RUNNABLE_ARRAY [Ljava/lang/Runnable; 0 [Ljava/lang/Runnable;
staticfield com/intellij/util/ArrayUtil EMPTY_CHAR_SEQUENCE Ljava/lang/CharSequence; ""staticfield com/intellij/util/ArrayUtil STRING_ARRAY_FACTORY Lcom/intellij/util/ArrayFactory; com/intellij/util/ArrayUtil$$Lambda$45+0x00000274a50a4c70
staticfield com/intellij/util/ArrayUtil OBJECT_ARRAY_FACTORY Lcom/intellij/util/ArrayFactory; com/intellij/util/ArrayUtil$$Lambda$46+0x00000274a50a4e88
staticfield com/intellij/util/ArrayUtil $assertionsDisabled Z 1
ciInstanceKlass com/intellij/openapi/util/text/StringUtil 1 1 2048 3 8 8 8 8 8 8 8 8 8 8 8 8 8 8 8 8 8 8 8 8 8 8 8 8 8 8 8 8 8 8 8 8 8 8 8 8 8 8 8 8 8 8 8 8 8 8 8 8 8 8 8 8 8 8 8 8 8 8 8 8 8 8 8 8 8 8 8 8 8 8 8 8 8 8 8 8 8 8 8 8 8 8 8 8 8 8 8 8 8 8 8 8 8 8 8 8 8 8 8 8 8 8 8 8 8 8 8 8 8 8 8 8 8 8 8 8 8 8 8 8 8 8 8 8 8 8 8 8 8 8 8 8 8 8 8 8 8 8 8 8 8 8 8 8 8 8 8 8 8 8 8 8 8 8 8 8 8 8 8 8 8 8 8 8 8 8 8 8 8 8 8 8 8 8 8 8 8 8 8 8 8 8 8 8 8 8 8 8 8 8 8 8 8 8 8 8 8 8 8 8 8 8 8 8 8 8 8 8 8 8 8 8 8 8 8 8 8 8 8 8 8 8 8 8 8 8 8 8 8 8 8 8 8 8 8 8 8 8 8 8 8 8 8 8 8 8 8 8 8 8 8 8 8 8 8 8 8 8 8 8 8 8 8 8 8 8 8 8 8 8 8 8 8 8 8 8 8 8 8 8 8 8 8 8 8 8 8 8 8 8 8 8 8 8 8 8 8 8 8 8 8 8 8 8 8 8 8 8 100 100 100 100 100 100 100 100 100 100 100 100 100 100 100 7 100 100 100 100 100 100 7 7 100 100 100 100 100 100 100 7 100 100 100 100 100 100 100 7 7 7 7 100 100 100 7 100 100 100 100 100 100 7 100 7 100 100 7 100 100 100 100 7 100 100 100 100 100 100 100 7 100 100 100 100 6 0 9 9 9 9 9 9 9 9 9 9 9 9 9 9 9 9 9 10 10 10 10 10 10 10 10 10 10 10 10 10 10 10 10 10 10 10 10 10 10 10 10 10 10 10 10 10 10 10 10 10 10 10 10 10 10 10 10 10 10 10 10 10 10 10 10 10 10 10 10 10 10 10 10 10 10 10 10 10 10 10 10 10 10 10 10 10 10 10 10 10 10 10 10 10 10 10 10 10 10 10 10 10 10 10 10 10 10 10 10 10 10 10 10 10 10 10 10 10 10 10 10 10 10 10 10 10 10 10 10 10 10 10 10 10 10 10 10 10 10 10 10 10 10 10 10 10 10 10 10 10 10 10 10 10 10 10 10 10 10 10 10 10 10 10 10 10 10 10 10 10 10 10 10 10 10 10 10 10 10 10 10 10 10 10 10 10 10 10 10 10 10 10 10 10 10 10 10 10 10 10 10 10 10 10 10 10 10 10 10 10 10 10 10 10 10 10 10 10 10 10 10 10 10 10 10 10 10 10 10 10 10 10 10 10 10 10 10 10 10 10 10 10 10 10 10 10 10 10 10 10 10 10 10 10 10 10 10 10 10 10 10 10 10 10 10 10 10 10 10 10 10 10 10 10 10 10 10 10 10 10 10 10 10 10 10 10 10 10 10 10 10 10 10 10 10 10 10 10 10 10 10 10 10 10 10 10 10 10 10 10 10 10 10 10 10 10 10 10 10 10 10 10 10 10 10 10 10 10 10 10 10 10 10 10 10 11 11 11 11 11 11 11 11 11 11 18 18 18 18 18 18 15 15 15 15 15 15 15 12 12 12 12 12 12 12 12 12 12 12 12 12 12 12 12 12 12 12 12 12 12 12 12 12 12 12 12 12 12 12 12 12 12 12 12 12 12 12 12 12 12 12 12 12 12 12 12 12 12 12 12 12 12 12 12 12 12 12 12 12 12 12 12 12 12 12 12 12 12 12 12 12 12 12 12 12 12 12 12 12 12 12 12 12 12 12 12 12 12 12 12 12 12 12 12 12 12 12 12 12 12 12 12 12 12 12 12 12 12 12 12 12 12 12 12 12 12 12 12 12 12 12 12 12 12 12 12 12 12 12 12 12 12 12 12 12 12 12 12 12 12 12 12 12 12 12 12 12 12 12 12 12 12 12 12 12 12 12 12 12 12 12 12 12 12 12 12 12 12 12 12 12 12 12 12 12 12 12 12 12 12 12 12 12 12 12 12 12 12 12 12 12 12 12 12 12 12 12 12 12 12 12 12 12 12 12 12 12 12 12 12 12 12 12 12 12 12 12 12 12 12 12 12 12 12 12 12 12 12 12 12 12 12 12 12 12 12 12 12 12 12 12 12 12 12 12 12 12 12 12 12 12 12 12 12 12 12 12 12 12 12 12 12 12 12 12 12 12 12 12 12 12 12 12 12 12 12 12 12 12 12 12 12 12 12 12 12 12 12 12 12 12 12 12 12 12 12 12 12 12 12 12 16 16 16 16 16 16 1 1 1 1 1 1 1 1 1 1 1 1 1 1 1 1 1 1 1 1 1 1 1 1 1 1 1 1 1 1 1 1 1 1 1 1 1 1 1 1 1 1 1 1 1 1 1 1 1 1 1 1 1 1 1 1 1 1 1 1 1 1 1 1 1 1 1 1 1 1 1 1 1 1 1 1 1 1 1 1 1 1 1 1 1 1 1 1 1 1 1 1 1 1 1 1 1 1 1 1 1 1 1 1 1 1 1 1 1 1 1 1 1 1 1 1 1 1 1 1 1 1 1 1 1 1 1 1 1 1 1 1 1 1 1 1 1 1 1 1 1 1 1 1 1 1 1 1 1 1 1 1 1 1 1 1 1 1 1 1 1 1 1 1 1 1 1 1 1 1 1 1 1 1 1 1 1 1 1 1 1 1 1 1 1 1 1 1 1 1 1 1 1 1 1 1 1 1 1 1 1 1 1 1 1 1 1 1 1 1 1 1 1 1 1 1 1 1 1 1 1 1 1 1 1 1 1 1 1 1 1 1 1 1 1 1 1 1 1 1 1 1 1 1 1 1 1 1 1 1 1 1 1 1 1 1 1 1 1 1 1 1 1 1 1 1 1 1 1 1 1 1 1 1 1 1 1 1 1 1 1 1 1 1 1 1 1 1 1 1 1 1 1 1 1 1 1 1 1 1 1 1 1 1 1 1 1 1 1 1 1 1 1 1 1 1 1 1 1 1 1 1 1 1 1 1 1 1 1 1 1 1 1 1 1 1 1 1 1 1 1 1 1 1 1 1 1 1 1 1 1 1 1 1 1 1 1 1 1 1 1 1 1 1 1 1 1 1 1 1 1 1 1 1 1 1 1 1 1 1 1 1 1 1 1 1 1 1 1 1 1 1 1 1 1 1 1 1 1 1 1 1 1 1 1 1 1 1 1 1 1 1 1 1 1 1 1 1 1 1 1 1 1 1 1 1 1 1 1 1 1 1 1 1 1 1 1 1 1 1 1 1 1 1 1 1 1 1 1 1 1 1 1 1 1 1 1 1 1 1 1 1 1 1 1 1 1 1 1 1 1 1 1 1 1 1 1 1 1 1 1 1 1 1 1 1 1 1 1 1 1 1 1 1 1 1 1 1 1 1 1 1 1 1 1 1 1 1 1 1 1 1 1 1 1 1 1 1 1 1 1 1 1 1 1 1 1 1 1 1 1 1 1 1 1 1 1 1 1 1 1 1 1 1 1 1 1 1 1 1 1 1 1 1 1 1 1 1 1 1 1 1 1 1 1 1 1 1 1 1 1 1 1 1 1 1 1 1 1 1 1 1 1 1 1 1 1 1 1 1 1 1 1 1 1 1 1 1 1 1 1 1 1 1 1 1 1 1 1 1 1 1 1 1 1 1 1 1 1 1 1 1 1 1 1 1 1 1 1 1 1 1 1 1 1 1 1 1 1 1 1 1 1 1 1 1 1 1 1 1 1 1 1 1 1 1 1 1 1 1 1 1 1 1 1 1 1 1 1 1 1 1 1 1 1 1 1 1 1 1 1 1 1 1 1 1 1 1 1 1 1 1 1 1 1 1 1 1 1 1 1 1 1 1 1 1 1 1 1 1 1 1 1 1 1 1 1 1 1 1 1 1 1 1 1 1 1 1 1 1 1 1 1 1 1 1 1 1 1 1 1 1 1 1 1 1 1 1 1 1 1 1 1 1 1 1 1 1 1 1 1 1 1 1 1 1 1 1 1 1 1 1 1 1 1 1 1 1 1 1 1 1 1 1 1 1 1 1 1 1 1 1 1 1 1 1 1 1 1 1 1 1 1 1 1 1 1 1 1 1 1 1 1 1 1 1 1 1 1 1 1 1 1 1 1 1 1 1 1 1 1 1 1 1 1 1 1 1 1 1 1 1 1 1 1 1 1 1 1 1 1 1 1 1 1 1 1 1 1 1 1 1 1 1 1 1 1 1 1 1 1 1 1 1 1 1 1 1 1 1 1 1 1 1 1 1 1 1 1 1 1 1 1 1 1 1 1 1 1 1 1 1 1 1 1 1 1 1 1 1 1 1 1 1 1 1 1 1 1 1 1 1 1 1 1 1 1 1 1 1 1 1 1 1 1 1 1 1 1 1 1 1 1 1 1 1 1 1 1 1 1 1 1 1 1 1 1 1 1 1 1 1 1 1 1 1 1 1 1 1 1 1 1 1 1 1 1 1 1 1 1 1 1 1 1 1 1 1 1 1 1 1 1
staticfield com/intellij/openapi/util/text/StringUtil QUOTER Ljava/util/function/Function; com/intellij/openapi/util/text/StringUtil$$Lambda$59+0x00000274a50bdb68
staticfield com/intellij/openapi/util/text/StringUtil SINGLE_QUOTER Ljava/util/function/Function; com/intellij/openapi/util/text/StringUtil$$Lambda$60+0x00000274a50bdda0
staticfield com/intellij/openapi/util/text/StringUtil ourLowerCaseWords [Ljava/lang/String; 30 [Ljava/lang/String;
staticfield com/intellij/openapi/util/text/StringUtil ourOtherNonCapitalizableWords [Ljava/lang/String; 5 [Ljava/lang/String;
staticfield com/intellij/openapi/util/text/StringUtil MN_QUOTED Ljava/util/List; java/util/Arrays$ArrayList
staticfield com/intellij/openapi/util/text/StringUtil MN_CHARS Ljava/util/List; java/util/Arrays$ArrayList
staticfield com/intellij/openapi/util/text/StringUtil UNICODE_CHAR Ljava/util/regex/Pattern; java/util/regex/Pattern
staticfield com/intellij/openapi/util/text/StringUtil $assertionsDisabled Z 1
ciInstanceKlass com/intellij/util/cls/ClsFormatException 0 0 26 100 100 10 10 10 12 12 12 1 1 1 1 1 1 1 1 1 1 1 1 1 1 1 1 1
ciInstanceKlass com/intellij/psi/stubs/StubElement 1 1 57 100 100 100 11 11 12 12 1 1 1 1 1 1 1 1 1 1 1 1 1 1 1 1 1 1 1 1 1 1 1 1 1 1 1 1 1 1 1 1 1 1 1 1 1 1 1 1 1 1 1 1 1 1 1 1 1
instanceKlass com/intellij/psi/stubs/ILightStubElementType
instanceKlass org/jetbrains/kotlin/psi/stubs/elements/KtStubElementType
ciInstanceKlass com/intellij/psi/stubs/IStubElementType 1 1 222 8 8 8 8 8 8 8 8 8 8 8 8 8 100 100 100 100 7 100 100 7 100 100 100 7 100 100 100 7 100 100 7 7 7 9 9 9 10 10 10 10 10 10 10 10 10 10 10 10 10 10 10 10 10 10 10 11 12 12 12 12 12 12 12 12 12 12 12 12 12 12 12 12 12 12 12 12 12 12 1 1 1 1 1 1 1 1 1 1 1 1 1 1 1 1 1 1 1 1 1 1 1 1 1 1 1 1 1 1 1 1 1 1 1 1 1 1 1 1 1 1 1 1 1 1 1 1 1 1 1 1 1 1 1 1 1 1 1 1 1 1 1 1 1 1 1 1 1 1 1 1 1 1 1 1 1 1 1 1 1 1 1 1 1 1 1 1 1 1 1 1 1 1 1 1 1 1 1 1 1 1 1 1 1 1 1 1 1 1 1 1 1 1 1 1 1 1 1 1 1 100 1 8 1 1 12 10 1 1 1 8 1 1 1 8 1 1 1 8 1 1
staticfield com/intellij/psi/stubs/IStubElementType NOT_INITIALIZED_SET Ljava/util/Set; java/util/Collections$UnmodifiableSet
instanceKlass com/intellij/psi/impl/compiled/FirstPassData$1FirstPassVisitor
instanceKlass com/intellij/psi/impl/compiled/StubBuildingVisitor
instanceKlass com/intellij/psi/impl/compiled/ModuleStubBuildingVisitor
instanceKlass com/intellij/psi/ClassFileViewProvider$1
instanceKlass org/jetbrains/kotlin/load/kotlin/FileBasedKotlinClass$4
instanceKlass org/jetbrains/kotlin/load/kotlin/FileBasedKotlinClass$2
instanceKlass org/jetbrains/kotlin/load/kotlin/FileBasedKotlinClass$1
instanceKlass org/jetbrains/kotlin/resolve/jvm/modules/JavaModuleInfo$Companion$read$1
ciInstanceKlass org/jetbrains/org/objectweb/asm/ClassVisitor 1 1 163 3 3 3 3 3 3 3 3 8 8 8 8 8 8 8 8 100 7 100 100 7 100 9 9 10 10 10 10 10 10 10 10 10 10 10 10 10 10 10 10 10 10 10 10 10 10 10 10 12 12 12 12 12 12 12 12 12 12 12 12 12 12 12 12 12 12 12 12 12 12 12 12 1 1 1 1 1 1 1 1 1 1 1 1 1 1 1 1 1 1 1 1 1 1 1 1 1 1 1 1 1 1 1 1 1 1 1 1 1 1 1 1 1 1 1 1 1 1 1 1 1 1 1 1 1 1 1 1 1 1 1 1 1 1 1 1 1 1 1 1 1 1 1 1 1 1 1 1 1 1 1 1 1 1 1 1 1 1 1 1 1 1
ciInstanceKlass org/jetbrains/kotlin/cli/jvm/index/JavaRoot$RootType 1 1 94 3 3 3 3 8 8 8 7 7 7 7 7 100 7 9 9 9 9 9 10 10 10 10 10 10 12 12 12 12 12 12 12 12 12 12 1 1 1 1 1 1 1 1 1 1 1 1 1 1 1 1 1 1 1 1 1 1 1 1 1 1 1 1 1 1 1 1 1 1 1 1 1 1 1 1 1 1 1 1 1 1 1 1 1 1 1 1 1 1 1 1 1 1
staticfield org/jetbrains/kotlin/cli/jvm/index/JavaRoot$RootType SOURCE Lorg/jetbrains/kotlin/cli/jvm/index/JavaRoot$RootType; org/jetbrains/kotlin/cli/jvm/index/JavaRoot$RootType
staticfield org/jetbrains/kotlin/cli/jvm/index/JavaRoot$RootType BINARY Lorg/jetbrains/kotlin/cli/jvm/index/JavaRoot$RootType; org/jetbrains/kotlin/cli/jvm/index/JavaRoot$RootType
staticfield org/jetbrains/kotlin/cli/jvm/index/JavaRoot$RootType BINARY_SIG Lorg/jetbrains/kotlin/cli/jvm/index/JavaRoot$RootType; org/jetbrains/kotlin/cli/jvm/index/JavaRoot$RootType
staticfield org/jetbrains/kotlin/cli/jvm/index/JavaRoot$RootType $VALUES [Lorg/jetbrains/kotlin/cli/jvm/index/JavaRoot$RootType; 3 [Lorg/jetbrains/kotlin/cli/jvm/index/JavaRoot$RootType;
staticfield org/jetbrains/kotlin/cli/jvm/index/JavaRoot$RootType $ENTRIES Lkotlin/enums/EnumEntries; kotlin/enums/EnumEntriesList
ciInstanceKlass java/lang/StringIndexOutOfBoundsException 0 0 45 10 100 12 1 1 1 10 12 1 100 1 10 8 1 10 12 1 1 10 12 1 10 12 1 1 100 1 1 1 1 5 0 1 1 1 1 1 1 1 1 1 1 1 1
instanceKlass org/jetbrains/kotlin/psi/KtEnumEntry
ciInstanceKlass org/jetbrains/kotlin/psi/KtClass 1 1 198 3 3 3 3 8 8 8 8 8 100 100 7 7 100 7 7 7 7 7 7 100 7 100 100 100 9 9 9 9 9 9 9 9 9 9 10 10 10 10 10 10 10 10 10 10 10 10 10 10 10 10 10 11 12 12 12 12 12 12 12 12 12 12 12 12 12 12 12 12 12 12 12 12 12 12 12 12 12 12 12 12 1 1 1 1 1 1 1 1 1 1 1 1 1 1 1 1 1 1 1 1 1 1 1 1 1 1 1 1 1 1 1 1 1 1 1 1 1 1 1 1 1 1 1 1 1 1 1 1 1 1 1 1 1 1 1 1 1 1 1 1 1 1 1 1 1 1 1 1 1 1 1 1 1 1 1 1 1 1 1 1 1 1 1 1 1 1 1 1 1 1 1 1 1 1 1 1 1 1 1 1 1 1 1 1 1 1 1 1 1 1 1 1 1 1 1 1
ciInstanceKlass org/jetbrains/kotlin/psi/KtNamedFunction 1 1 362 8 8 8 8 8 8 8 8 8 8 100 7 100 7 100 100 100 100 100 100 7 100 7 7 7 100 100 100 7 100 100 7 7 100 100 7 7 7 7 100 7 7 9 9 9 9 9 9 9 9 9 10 10 10 10 10 10 10 10 10 10 10 10 10 10 10 10 10 10 10 10 10 10 10 10 10 10 10 10 10 10 10 10 10 10 10 10 10 10 10 11 11 11 11 11 11 11 11 11 11 11 11 11 11 12 12 12 12 12 12 12 12 12 12 12 12 12 12 12 12 12 12 12 12 12 12 12 12 12 12 12 12 12 12 12 12 12 12 12 12 12 12 12 12 12 12 12 12 12 12 12 12 12 12 12 12 12 12 12 12 12 12 12 1 1 1 1 1 1 1 1 1 1 1 1 1 1 1 1 1 1 1 1 1 1 1 1 1 1 1 1 1 1 1 1 1 1 1 1 1 1 1 1 1 1 1 1 1 1 1 1 1 1 1 1 1 1 1 1 1 1 1 1 1 1 1 1 1 1 1 1 1 1 1 1 1 1 1 1 1 1 1 1 1 1 1 1 1 1 1 1 1 1 1 1 1 1 1 1 1 1 1 1 1 1 1 1 1 1 1 1 1 1 1 1 1 1 1 1 1 1 1 1 1 1 1 1 1 1 1 1 1 1 1 1 1 1 1 1 1 1 1 1 1 1 1 1 1 1 1 1 1 1 1 1 1 1 1 1 1 1 1 1 1 1 1 1 1 1 1 1 1 1 1 1 1 1 1 1 1 1 1 1 1 1 1 1 1 1 1 1 1 1 1 1 1 1 1 1 1 1
ciInstanceKlass org/jetbrains/kotlin/resolve/QualifiedExpressionResolver$ExpressionQualifierPart 1 1 89 3 3 3 3 8 8 100 7 7 7 100 7 7 100 100 7 7 9 10 10 10 10 10 10 11 12 12 12 12 12 12 12 12 1 1 1 1 1 1 1 1 1 1 1 1 1 1 1 1 1 1 1 1 1 1 1 1 1 1 1 1 1 1 1 1 1 1 1 1 1 1 1 1 1 1 1 1 1 1 1 1 1 1 1 1 1 1 1
ciInstanceKlass com/intellij/util/containers/ContainerUtilRt 1 1 83 3 8 8 8 8 8 8 8 100 100 7 100 100 100 100 100 100 100 10 10 10 10 10 12 12 12 12 1 1 1 1 1 1 1 1 1 1 1 1 1 1 1 1 1 1 1 1 1 1 1 1 1 1 1 1 1 1 1 1 1 1 1 1 1 1 1 1 1 1 1 1 1 1 1 1 1 1 1 1 1 1 1
ciInstanceKlass com/intellij/util/containers/ContainerUtilRt$EmptyList 1 1 159 3 8 8 8 8 8 8 8 8 8 8 100 100 100 7 7 100 100 100 100 100 100 100 100 100 7 100 100 100 5 0 9 9 10 10 10 10 10 10 10 10 10 10 10 10 10 11 11 12 12 12 12 12 12 12 12 12 12 12 12 1 1 1 1 1 1 1 1 1 1 1 1 1 1 1 1 1 1 1 1 1 1 1 1 1 1 1 1 1 1 1 1 1 1 1 1 1 1 1 1 1 1 1 1 1 1 1 1 1 1 1 1 1 1 1 1 1 1 1 1 1 1 1 1 1 1 1 1 1 1 1 1 1 1 1 1 1 1 1 1 1 1 1 1 1 1 1 1 1 1 1 1 1 1 1 1 1 1
staticfield com/intellij/util/containers/ContainerUtilRt$EmptyList INSTANCE Lcom/intellij/util/containers/ContainerUtilRt$EmptyList; com/intellij/util/containers/ContainerUtilRt$EmptyList
ciInstanceKlass org/jetbrains/exposed/sql/Op$NULL 1 1 67 1 7 1 1 7 1 1 12 10 1 1 1 1 1 1 8 1 100 1 1 12 10 1 100 1 1 12 9 1 100 1 100 1 1 12 10 1 1 10 12 9 1 1 3 3 3 1 1 3 1 1 1 1 1 1 1 1 1 1 1 1 1 1 1 1 1
staticfield org/jetbrains/exposed/sql/Op$NULL INSTANCE Lorg/jetbrains/exposed/sql/Op$NULL; org/jetbrains/exposed/sql/Op$NULL
ciInstanceKlass com/intellij/psi/impl/compiled/StubBuildingVisitor 1 1 1135 3 3 3 3 3 8 8 8 8 8 8 8 8 8 8 8 8 8 8 8 8 8 8 8 8 8 8 8 8 8 8 8 8 8 8 8 8 8 8 8 8 8 8 8 8 8 8 7 100 100 100 7 7 100 100 7 100 7 7 7 7 100 7 7 100 7 7 7 7 7 100 7 7 7 7 7 100 100 7 100 7 7 7 7 7 7 7 7 7 7 7 7 7 7 100 100 7 7 100 7 7 7 7 100 7 100 100 7 7 7 7 7 7 7 100 100 100 100 7 100 7 100 7 7 100 100 9 9 9 9 9 9 9 9 9 9 9 9 9 9 9 9 9 9 9 9 9 9 9 9 9 9 9 9 9 9 9 9 10 10 10 10 10 10 10 10 10 10 10 10 10 10 10 10 10 10 10 10 10 10 10 10 10 10 10 10 10 10 10 10 10 10 10 10 10 10 10 10 10 10 10 10 10 10 10 10 10 10 10 10 10 10 10 10 10 10 10 10 10 10 10 10 10 10 10 10 10 10 10 10 10 10 10 10 10 10 10 10 10 10 10 10 10 10 10 10 10 10 10 10 10 10 10 10 10 10 10 10 10 10 10 10 10 10 10 10 10 10 10 10 10 10 10 10 10 10 10 10 10 10 10 10 10 10 10 10 10 10 10 10 10 10 10 10 10 10 10 10 10 10 10 10 10 10 10 10 11 11 11 11 11 11 11 11 11 11 11 11 11 11 11 11 11 11 11 11 11 11 18 18 18 18 18 18 15 15 15 15 15 15 15 12 12 12 12 12 12 12 12 12 12 12 12 12 12 12 12 12 12 12 12 12 12 12 12 12 12 12 12 12 12 12 12 12 12 12 12 12 12 12 12 12 12 12 12 12 12 12 12 12 12 12 12 12 12 12 12 12 12 12 12 12 12 12 12 12 12 12 12 12 12 12 12 12 12 12 12 12 12 12 12 12 12 12 12 12 12 12 12 12 12 12 12 12 12 12 12 12 12 12 12 12 12 12 12 12 12 12 12 12 12 12 12 12 12 12 12 12 12 12 12 12 12 12 12 12 12 12 12 12 12 12 12 12 12 12 12 12 12 12 12 12 12 12 12 12 12 12 12 12 12 12 12 12 12 12 12 12 12 12 12 12 12 12 12 12 12 12 12 12 12 12 12 12 12 12 12 12 12 12 12 12 12 12 12 12 12 12 12 12 12 12 12 12 16 16 16 16 16 16 16 16 16 1 1 1 1 1 1 1 1 1 1 1 1 1 1 1 1 1 1 1 1 1 1 1 1 1 1 1 1 1 1 1 1 1 1 1 1 1 1 1 1 1 1 1 1 1 1 1 1 1 1 1 1 1 1 1 1 1 1 1 1 1 1 1 1 1 1 1 1 1 1 1 1 1 1 1 1 1 1 1 1 1 1 1 1 1 1 1 1 1 1 1 1 1 1 1 1 1 1 1 1 1 1 1 1 1 1 1 1 1 1 1 1 1 1 1 1 1 1 1 1 1 1 1 1 1 1 1 1 1 1 1 1 1 1 1 1 1 1 1 1 1 1 1 1 1 1 1 1 1 1 1 1 1 1 1 1 1 1 1 1 1 1 1 1 1 1 1 1 1 1 1 1 1 1 1 1 1 1 1 1 1 1 1 1 1 1 1 1 1 1 1 1 1 1 1 1 1 1 1 1 1 1 1 1 1 1 1 1 1 1 1 1 1 1 1 1 1 1 1 1 1 1 1 1 1 1 1 1 1 1 1 1 1 1 1 1 1 1 1 1 1 1 1 1 1 1 1 1 1 1 1 1 1 1 1 1 1 1 1 1 1 1 1 1 1 1 1 1 1 1 1 1 1 1 1 1 1 1 1 1 1 1 1 1 1 1 1 1 1 1 1 1 1 1 1 1 1 1 1 1 1 1 1 1 1 1 1 1 1 1 1 1 1 1 1 1 1 1 1 1 1 1 1 1 1 1 1 1 1 1 1 1 1 1 1 1 1 1 1 1 1 1 1 1 1 1 1 1 1 1 1 1 1 1 1 1 1 1 1 1 1 1 1 1 1 1 1 1 1 1 1 1 1 1 1 1 1 1 1 1 1 1 1 1 1 1 1 1 1 1 1 1 1 1 1 1 1 1 1 1 1 1 1 1 1 1 1 1 1 1 1 1 1 1 1 1 1 1 1 1 1 1 1 1 1 1 1 1 1 1 1 1 1 1 1 1 1 1 1 1 1 1 1 1 1 1 1 1 1 1 1 1 1 1 1 1 1 1 1 1 1 1 1 1 1 1 1 1 1 1 1 1 1 1 1 1 1 1 1 1 1 1 1 1 1 1 1 1 1 1 1 1 1 1 1 1 1 1 1 1 1 1 1 1 1 1 1 1 1 1 1 1 1 1 1 1 1 1 1 1 1 1 1 1 1 1 1 1 1 1 1 1 1 1 1 1 1 1 1 1 1 1 1 1 1 1 1 1 1 1 1 1 1 1 1 1 1 1 1 1 1 1 1 1 1 1 1 1 1 1 1 1 1 1 1 1 1 1 1 1 1 1 1 1 1 1 1 1 1 1 1
staticfield com/intellij/psi/impl/compiled/StubBuildingVisitor LOG Lcom/intellij/openapi/diagnostic/Logger; com/intellij/openapi/diagnostic/DefaultLogger
staticfield com/intellij/psi/impl/compiled/StubBuildingVisitor parameterNames [Ljava/lang/String; 9 [Ljava/lang/String;
staticfield com/intellij/psi/impl/compiled/StubBuildingVisitor GUESSING_MAPPER Lcom/intellij/util/Function; com/intellij/psi/impl/compiled/StubBuildingVisitor$$Lambda$818+0x00000274a573c078
staticfield com/intellij/psi/impl/compiled/StubBuildingVisitor GUESSING_PROVIDER Lcom/intellij/psi/impl/compiled/SignatureParsing$TypeInfoProvider; com/intellij/psi/impl/compiled/SignatureParsing$TypeInfoProvider$$Lambda$819+0x00000274a573c2d8
ciInstanceKlass com/intellij/psi/impl/java/stubs/JavaTypeParameterListElementType 1 1 139 8 8 8 8 8 8 8 8 8 8 8 100 100 100 100 7 7 7 7 100 7 100 100 100 100 100 100 100 100 9 10 10 10 10 10 10 10 10 10 10 10 10 10 10 12 12 12 12 12 12 12 12 12 12 12 12 12 12 12 1 1 1 1 1 1 1 1 1 1 1 1 1 1 1 1 1 1 1 1 1 1 1 1 1 1 1 1 1 1 1 1 1 1 1 1 1 1 1 1 1 1 1 1 1 1 1 1 1 1 1 1 1 1 1 1 1 1 1 1 1 1 1 1 1 1 1 1 1 1 1 1 1 1 1 1 1 1 1
ciInstanceKlass com/intellij/psi/impl/java/stubs/JavaModifierListElementType 1 1 198 8 8 8 8 8 8 8 8 8 8 8 8 8 8 8 100 100 100 100 100 7 7 7 7 100 7 100 100 100 100 100 100 100 100 100 100 100 100 9 10 10 10 10 10 10 10 10 10 10 10 10 10 10 10 10 10 10 10 10 11 11 11 11 12 12 12 12 12 12 12 12 12 12 12 12 12 12 12 12 12 12 12 12 12 12 12 12 12 1 1 1 1 1 1 1 1 1 1 1 1 1 1 1 1 1 1 1 1 1 1 1 1 1 1 1 1 1 1 1 1 1 1 1 1 1 1 1 1 1 1 1 1 1 1 1 1 1 1 1 1 1 1 1 1 1 1 1 1 1 1 1 1 1 1 1 1 1 1 1 1 1 1 1 1 1 1 1 1 1 1 1 1 1 1 1 1 1 1 1 1 1 1 1 1 1 1 1 1 1 1 1 1 1 1 1 1 1
instanceKlass com/intellij/psi/impl/java/stubs/JavaStubElementTypes$14
instanceKlass com/intellij/psi/impl/java/stubs/JavaStubElementTypes$13
instanceKlass com/intellij/psi/impl/java/stubs/JavaStubElementTypes$12
instanceKlass com/intellij/psi/impl/java/stubs/JavaStubElementTypes$11
instanceKlass com/intellij/psi/impl/java/stubs/JavaStubElementTypes$10
instanceKlass com/intellij/psi/impl/java/stubs/JavaStubElementTypes$9
ciInstanceKlass com/intellij/psi/impl/java/stubs/JavaClassReferenceListElementType 1 1 366 8 8 8 8 8 8 8 8 8 8 8 8 8 8 8 8 8 8 8 8 8 8 8 100 100 100 100 100 100 100 100 100 100 100 7 7 100 7 100 7 100 100 100 100 100 100 100 100 100 100 100 100 100 100 100 100 100 100 100 9 9 9 9 9 9 9 9 9 9 9 9 9 9 9 10 10 10 10 10 10 10 10 10 10 10 10 10 10 10 10 10 10 10 10 10 10 10 10 10 10 10 10 10 10 10 11 11 11 11 11 11 11 11 11 11 12 12 12 12 12 12 12 12 12 12 12 12 12 12 12 12 12 12 12 12 12 12 12 12 12 12 12 12 12 12 12 12 12 12 12 12 12 12 12 12 12 12 12 12 12 12 12 12 12 12 12 12 12 12 1 1 1 1 1 1 1 1 1 1 1 1 1 1 1 1 1 1 1 1 1 1 1 1 1 1 1 1 1 1 1 1 1 1 1 1 1 1 1 1 1 1 1 1 1 1 1 1 1 1 1 1 1 1 1 1 1 1 1 1 1 1 1 1 1 1 1 1 1 1 1 1 1 1 1 1 1 1 1 1 1 1 1 1 1 1 1 1 1 1 1 1 1 1 1 1 1 1 1 1 1 1 1 1 1 1 1 1 1 1 1 1 1 1 1 1 1 1 1 1 1 1 1 1 1 1 1 1 1 1 1 1 1 1 1 1 1 1 1 1 1 1 1 1 1 1 1 1 1 1 1 1 1 1 1 1 1 1 1 1 1 1 1 1 1 1 1 1 1 1 1 1 1 1 1 1 1 1 1 1 1 1 1 1 1 1 1 100 1 8 1 1 12 10 1 1
instanceKlass com/intellij/psi/impl/java/stubs/JavaStubElementTypes$6
instanceKlass com/intellij/psi/impl/java/stubs/JavaStubElementTypes$5
ciInstanceKlass com/intellij/psi/impl/java/stubs/JavaMethodElementType 1 1 518 8 8 8 8 8 8 8 8 8 8 8 8 8 8 8 8 8 8 8 100 100 100 100 100 100 100 100 100 7 7 100 100 7 100 100 100 100 7 100 100 100 100 100 100 100 100 100 100 100 100 100 100 100 100 100 100 100 100 100 100 100 100 100 100 100 100 100 9 9 9 9 9 9 9 9 9 9 9 9 9 9 9 9 9 9 9 10 10 10 10 10 10 10 10 10 10 10 10 10 10 10 10 10 10 10 10 10 10 10 10 10 10 10 10 10 10 10 10 10 10 10 10 10 10 10 10 10 10 10 10 10 10 10 10 11 11 11 11 11 11 11 11 11 11 11 11 11 11 11 11 11 11 11 11 11 11 11 11 12 12 12 12 12 12 12 12 12 12 12 12 12 12 12 12 12 12 12 12 12 12 12 12 12 12 12 12 12 12 12 12 12 12 12 12 12 12 12 12 12 12 12 12 12 12 12 12 12 12 12 12 12 12 12 12 12 12 12 12 12 12 12 12 12 12 12 12 12 12 12 12 12 12 12 12 12 12 12 12 12 12 12 12 12 12 1 1 1 1 1 1 1 1 1 1 1 1 1 1 1 1 1 1 1 1 1 1 1 1 1 1 1 1 1 1 1 1 1 1 1 1 1 1 1 1 1 1 1 1 1 1 1 1 1 1 1 1 1 1 1 1 1 1 1 1 1 1 1 1 1 1 1 1 1 1 1 1 1 1 1 1 1 1 1 1 1 1 1 1 1 1 1 1 1 1 1 1 1 1 1 1 1 1 1 1 1 1 1 1 1 1 1 1 1 1 1 1 1 1 1 1 1 1 1 1 1 1 1 1 1 1 1 1 1 1 1 1 1 1 1 1 1 1 1 1 1 1 1 1 1 1 1 1 1 1 1 1 1 1 1 1 1 1 1 1 1 1 1 1 1 1 1 1 1 1 1 1 1 1 1 1 1 1 1 1 1 1 1 1 1 1 1 1 1 1 1 1 1 1 1 1 1 1 1 1 1 1 1 1 1 1 1 1 1 1 1 1 1 1 1 1 1 1 1 1 1 1 1 1 1 1 1 1 1 1 1 1 1 1 1 1 1 1 1 1 1 1 1 1 1 1 1 1 1 1 1 1 1 1 1 1 1 1 1 1 1 1 1 1 100 1 8 1 1 12 10 1 1
ciInstanceKlass com/intellij/psi/impl/java/stubs/JavaParameterListElementType 1 1 139 8 8 8 8 8 8 8 8 8 8 8 100 100 100 100 7 7 7 7 100 7 100 100 100 100 100 100 100 100 9 10 10 10 10 10 10 10 10 10 10 10 10 10 10 12 12 12 12 12 12 12 12 12 12 12 12 12 12 12 1 1 1 1 1 1 1 1 1 1 1 1 1 1 1 1 1 1 1 1 1 1 1 1 1 1 1 1 1 1 1 1 1 1 1 1 1 1 1 1 1 1 1 1 1 1 1 1 1 1 1 1 1 1 1 1 1 1 1 1 1 1 1 1 1 1 1 1 1 1 1 1 1 1 1 1 1 1 1
ciInstanceKlass com/intellij/psi/impl/java/stubs/JavaStubElementTypes 1 1 354 8 8 8 8 8 8 8 8 8 8 8 8 8 8 8 8 8 8 7 7 7 7 7 7 7 7 7 7 7 7 7 7 7 7 7 7 7 7 7 7 7 7 7 7 7 7 7 7 7 7 7 7 7 7 7 7 7 100 100 100 9 9 9 9 9 9 9 9 9 9 9 9 9 9 9 9 9 9 9 9 9 9 9 9 9 9 9 9 9 9 9 9 9 9 9 9 9 9 9 9 9 9 9 9 9 9 9 9 9 9 9 9 9 9 9 9 9 10 10 10 10 10 10 10 10 10 10 10 10 10 10 10 10 10 10 10 10 10 10 10 10 10 10 10 10 10 10 10 10 10 10 10 10 12 12 12 12 12 12 12 12 12 12 12 12 12 12 12 12 12 12 12 12 12 12 12 12 12 12 12 12 12 12 12 12 12 12 12 12 12 12 12 12 12 12 12 12 12 12 12 12 12 12 12 12 12 12 12 12 12 12 1 1 1 1 1 1 1 1 1 1 1 1 1 1 1 1 1 1 1 1 1 1 1 1 1 1 1 1 1 1 1 1 1 1 1 1 1 1 1 1 1 1 1 1 1 1 1 1 1 1 1 1 1 1 1 1 1 1 1 1 1 1 1 1 1 1 1 1 1 1 1 1 1 1 1 1 1 1 1 1 1 1 1 1 1 1 1 1 1 1 1 1 1 1 1 1 1 1 1 1 1 1 1 1 1 1 1 1 1 1 1 1 1 1 1 1 1 1 1 1 1 1 1 1 1 1 1 1 1 1 1 1 1 1 1 1 1 1 1 1 1 1
staticfield com/intellij/psi/impl/java/stubs/JavaStubElementTypes MODIFIER_LIST Lcom/intellij/psi/impl/java/stubs/JavaModifierListElementType; com/intellij/psi/impl/java/stubs/JavaModifierListElementType
staticfield com/intellij/psi/impl/java/stubs/JavaStubElementTypes ANNOTATION Lcom/intellij/psi/impl/java/stubs/JavaAnnotationElementType; com/intellij/psi/impl/java/stubs/JavaAnnotationElementType
staticfield com/intellij/psi/impl/java/stubs/JavaStubElementTypes ANNOTATION_PARAMETER_LIST Lcom/intellij/psi/impl/java/stubs/JavaAnnotationParameterListType; com/intellij/psi/impl/java/stubs/JavaAnnotationParameterListType
staticfield com/intellij/psi/impl/java/stubs/JavaStubElementTypes NAME_VALUE_PAIR Lcom/intellij/psi/impl/java/stubs/JavaNameValuePairType; com/intellij/psi/impl/java/stubs/JavaNameValuePairType
staticfield com/intellij/psi/impl/java/stubs/JavaStubElementTypes LITERAL_EXPRESSION Lcom/intellij/psi/impl/java/stubs/JavaLiteralExpressionElementType; com/intellij/psi/impl/java/stubs/JavaLiteralExpressionElementType
staticfield com/intellij/psi/impl/java/stubs/JavaStubElementTypes LAMBDA_EXPRESSION Lcom/intellij/psi/impl/java/stubs/LambdaExpressionElementType; com/intellij/psi/impl/java/stubs/LambdaExpressionElementType
staticfield com/intellij/psi/impl/java/stubs/JavaStubElementTypes METHOD_REF_EXPRESSION Lcom/intellij/psi/impl/java/stubs/MethodReferenceElementType; com/intellij/psi/impl/java/stubs/MethodReferenceElementType
staticfield com/intellij/psi/impl/java/stubs/JavaStubElementTypes PARAMETER_LIST Lcom/intellij/psi/impl/java/stubs/JavaParameterListElementType; com/intellij/psi/impl/java/stubs/JavaParameterListElementType
staticfield com/intellij/psi/impl/java/stubs/JavaStubElementTypes PARAMETER Lcom/intellij/psi/impl/java/stubs/JavaParameterElementType; com/intellij/psi/impl/java/stubs/JavaParameterElementType
staticfield com/intellij/psi/impl/java/stubs/JavaStubElementTypes TYPE_PARAMETER Lcom/intellij/psi/impl/java/stubs/JavaTypeParameterElementType; com/intellij/psi/impl/java/stubs/JavaTypeParameterElementType
staticfield com/intellij/psi/impl/java/stubs/JavaStubElementTypes TYPE_PARAMETER_LIST Lcom/intellij/psi/impl/java/stubs/JavaTypeParameterListElementType; com/intellij/psi/impl/java/stubs/JavaTypeParameterListElementType
staticfield com/intellij/psi/impl/java/stubs/JavaStubElementTypes CLASS_INITIALIZER Lcom/intellij/psi/impl/java/stubs/JavaClassInitializerElementType; com/intellij/psi/impl/java/stubs/JavaClassInitializerElementType
staticfield com/intellij/psi/impl/java/stubs/JavaStubElementTypes IMPORT_LIST Lcom/intellij/psi/impl/java/stubs/JavaImportListElementType; com/intellij/psi/impl/java/stubs/JavaImportListElementType
staticfield com/intellij/psi/impl/java/stubs/JavaStubElementTypes MODULE Lcom/intellij/psi/impl/java/stubs/JavaModuleElementType; com/intellij/psi/impl/java/stubs/JavaModuleElementType
staticfield com/intellij/psi/impl/java/stubs/JavaStubElementTypes REQUIRES_STATEMENT Lcom/intellij/psi/impl/java/stubs/JavaRequiresStatementElementType; com/intellij/psi/impl/java/stubs/JavaRequiresStatementElementType
staticfield com/intellij/psi/impl/java/stubs/JavaStubElementTypes USES_STATEMENT Lcom/intellij/psi/impl/java/stubs/JavaUsesStatementElementType; com/intellij/psi/impl/java/stubs/JavaUsesStatementElementType
staticfield com/intellij/psi/impl/java/stubs/JavaStubElementTypes PROVIDES_STATEMENT Lcom/intellij/psi/impl/java/stubs/JavaProvidesStatementElementType; com/intellij/psi/impl/java/stubs/JavaProvidesStatementElementType
staticfield com/intellij/psi/impl/java/stubs/JavaStubElementTypes RECORD_COMPONENT Lcom/intellij/psi/impl/java/stubs/JavaRecordComponentElementType; com/intellij/psi/impl/java/stubs/JavaRecordComponentElementType
staticfield com/intellij/psi/impl/java/stubs/JavaStubElementTypes RECORD_HEADER Lcom/intellij/psi/impl/java/stubs/JavaRecordHeaderElementType; com/intellij/psi/impl/java/stubs/JavaRecordHeaderElementType
staticfield com/intellij/psi/impl/java/stubs/JavaStubElementTypes EXPORTS_STATEMENT Lcom/intellij/psi/impl/java/stubs/JavaPackageAccessibilityStatementElementType; com/intellij/psi/impl/java/stubs/JavaPackageAccessibilityStatementElementType
staticfield com/intellij/psi/impl/java/stubs/JavaStubElementTypes OPENS_STATEMENT Lcom/intellij/psi/impl/java/stubs/JavaPackageAccessibilityStatementElementType; com/intellij/psi/impl/java/stubs/JavaPackageAccessibilityStatementElementType
staticfield com/intellij/psi/impl/java/stubs/JavaStubElementTypes CLASS Lcom/intellij/psi/impl/java/stubs/JavaClassElementType; com/intellij/psi/impl/java/stubs/JavaStubElementTypes$1
staticfield com/intellij/psi/impl/java/stubs/JavaStubElementTypes UNNAMED_CLASS Lcom/intellij/psi/impl/java/stubs/JavaClassElementType; com/intellij/psi/impl/java/stubs/JavaStubElementTypes$2
staticfield com/intellij/psi/impl/java/stubs/JavaStubElementTypes ANONYMOUS_CLASS Lcom/intellij/psi/impl/java/stubs/JavaClassElementType; com/intellij/psi/impl/java/stubs/JavaStubElementTypes$3
staticfield com/intellij/psi/impl/java/stubs/JavaStubElementTypes ENUM_CONSTANT_INITIALIZER Lcom/intellij/psi/impl/java/stubs/JavaClassElementType; com/intellij/psi/impl/java/stubs/JavaStubElementTypes$4
staticfield com/intellij/psi/impl/java/stubs/JavaStubElementTypes METHOD Lcom/intellij/psi/impl/java/stubs/JavaMethodElementType; com/intellij/psi/impl/java/stubs/JavaStubElementTypes$5
staticfield com/intellij/psi/impl/java/stubs/JavaStubElementTypes ANNOTATION_METHOD Lcom/intellij/psi/impl/java/stubs/JavaMethodElementType; com/intellij/psi/impl/java/stubs/JavaStubElementTypes$6
staticfield com/intellij/psi/impl/java/stubs/JavaStubElementTypes FIELD Lcom/intellij/psi/impl/java/stubs/JavaFieldStubElementType; com/intellij/psi/impl/java/stubs/JavaStubElementTypes$7
staticfield com/intellij/psi/impl/java/stubs/JavaStubElementTypes ENUM_CONSTANT Lcom/intellij/psi/impl/java/stubs/JavaFieldStubElementType; com/intellij/psi/impl/java/stubs/JavaStubElementTypes$8
staticfield com/intellij/psi/impl/java/stubs/JavaStubElementTypes EXTENDS_LIST Lcom/intellij/psi/impl/java/stubs/JavaClassReferenceListElementType; com/intellij/psi/impl/java/stubs/JavaStubElementTypes$9
staticfield com/intellij/psi/impl/java/stubs/JavaStubElementTypes PERMITS_LIST Lcom/intellij/psi/impl/java/stubs/JavaClassReferenceListElementType; com/intellij/psi/impl/java/stubs/JavaStubElementTypes$10
staticfield com/intellij/psi/impl/java/stubs/JavaStubElementTypes IMPLEMENTS_LIST Lcom/intellij/psi/impl/java/stubs/JavaClassReferenceListElementType; com/intellij/psi/impl/java/stubs/JavaStubElementTypes$11
staticfield com/intellij/psi/impl/java/stubs/JavaStubElementTypes THROWS_LIST Lcom/intellij/psi/impl/java/stubs/JavaClassReferenceListElementType; com/intellij/psi/impl/java/stubs/JavaStubElementTypes$12
staticfield com/intellij/psi/impl/java/stubs/JavaStubElementTypes EXTENDS_BOUND_LIST Lcom/intellij/psi/impl/java/stubs/JavaClassReferenceListElementType; com/intellij/psi/impl/java/stubs/JavaStubElementTypes$13
staticfield com/intellij/psi/impl/java/stubs/JavaStubElementTypes PROVIDES_WITH_LIST Lcom/intellij/psi/impl/java/stubs/JavaClassReferenceListElementType; com/intellij/psi/impl/java/stubs/JavaStubElementTypes$14
staticfield com/intellij/psi/impl/java/stubs/JavaStubElementTypes IMPORT_STATEMENT Lcom/intellij/psi/impl/java/stubs/JavaImportStatementElementType; com/intellij/psi/impl/java/stubs/JavaStubElementTypes$15
staticfield com/intellij/psi/impl/java/stubs/JavaStubElementTypes IMPORT_STATIC_STATEMENT Lcom/intellij/psi/impl/java/stubs/JavaImportStatementElementType; com/intellij/psi/impl/java/stubs/JavaStubElementTypes$16
staticfield com/intellij/psi/impl/java/stubs/JavaStubElementTypes JAVA_FILE Lcom/intellij/psi/tree/IStubFileElementType; com/intellij/psi/impl/source/JavaFileElementType
ciInstanceKlass com/intellij/psi/impl/java/stubs/JavaStubElementTypes$12 1 1 81 8 8 8 8 8 100 7 100 100 100 100 100 100 100 100 9 10 10 10 10 10 11 12 12 12 12 12 12 12 1 1 1 1 1 1 1 1 1 1 1 1 1 1 1 1 1 1 1 1 1 1 1 1 1 1 1 1 1 1 1 1 1 1 1 1 1 1 1 1 1 1 1 1 1 1 1 1 1 1 1
ciInstanceKlass com/intellij/psi/impl/java/stubs/PsiModifierListStub 1 0 60 100 100 100 1 1 1 1 1 1 1 1 1 1 100 1 8 1 1 12 10 1 1 1 8 1 1 1 8 1 1 1 8 1 1 1 8 1 1 1 8 1 1 1 8 1 1 1 8 1 1 1 8 1 1 8 1 1 8 1
ciInstanceKlass com/intellij/psi/impl/java/stubs/PsiClassStub 1 1 101 100 100 100 100 100 1 1 1 1 1 1 1 1 1 1 1 1 1 1 1 1 1 1 1 1 1 1 1 1 1 1 1 1 1 1 1 1 1 1 1 1 1 1 1 1 1 100 1 8 1 1 12 10 1 1 1 8 1 1 1 8 1 1 1 8 1 1 1 8 1 1 1 8 1 1 1 8 1 1 1 8 1 1 1 8 1 1 1 8 1 1 8 1 1 8 1 1 8 1 1
instanceKlass com/intellij/psi/impl/cache/TypeInfo$DerivedTypeInfo
instanceKlass com/intellij/psi/impl/cache/TypeInfo$RefTypeInfo
instanceKlass com/intellij/psi/impl/cache/TypeInfo$SimpleTypeInfo
ciInstanceKlass com/intellij/psi/impl/cache/TypeInfo 1 1 773 8 8 8 8 8 8 8 8 8 8 8 8 8 8 8 8 8 8 8 8 8 8 8 8 8 8 8 8 8 8 8 8 8 8 8 8 8 8 8 8 8 8 8 8 8 8 8 8 8 8 8 8 8 8 100 100 100 100 100 100 7 7 7 100 7 100 7 100 7 7 100 100 100 100 100 100 7 7 100 7 7 100 100 100 7 100 100 7 100 7 100 100 7 100 100 100 100 100 100 100 7 100 7 7 9 9 9 9 9 9 9 9 9 9 9 9 9 9 9 9 9 9 9 9 9 9 9 9 9 9 9 9 9 9 9 9 9 9 9 9 9 9 9 9 9 9 9 9 10 10 10 10 10 10 10 10 10 10 10 10 10 10 10 10 10 10 10 10 10 10 10 10 10 10 10 10 10 10 10 10 10 10 10 10 10 10 10 10 10 10 10 10 10 10 10 10 10 10 10 10 10 10 10 10 10 10 10 10 10 10 10 10 10 10 10 10 10 10 10 10 10 10 10 10 10 10 10 10 10 10 10 10 10 10 11 11 11 11 11 11 11 11 11 11 11 11 11 11 18 18 15 15 15 12 12 12 12 12 12 12 12 12 12 12 12 12 12 12 12 12 12 12 12 12 12 12 12 12 12 12 12 12 12 12 12 12 12 12 12 12 12 12 12 12 12 12 12 12 12 12 12 12 12 12 12 12 12 12 12 12 12 12 12 12 12 12 12 12 12 12 12 12 12 12 12 12 12 12 12 12 12 12 12 12 12 12 12 12 12 12 12 12 12 12 12 12 12 12 12 12 12 12 12 12 12 12 12 12 12 12 12 12 12 12 12 12 12 12 12 12 12 12 12 12 12 12 12 12 12 12 12 12 12 12 12 12 16 16 16 1 1 1 1 1 1 1 1 1 1 1 1 1 1 1 1 1 1 1 1 1 1 1 1 1 1 1 1 1 1 1 1 1 1 1 1 1 1 1 1 1 1 1 1 1 1 1 1 1 1 1 1 1 1 1 1 1 1 1 1 1 1 1 1 1 1 1 1 1 1 1 1 1 1 1 1 1 1 1 1 1 1 1 1 1 1 1 1 1 1 1 1 1 1 1 1 1 1 1 1 1 1 1 1 1 1 1 1 1 1 1 1 1 1 1 1 1 1 1 1 1 1 1 1 1 1 1 1 1 1 1 1 1 1 1 1 1 1 1 1 1 1 1 1 1 1 1 1 1 1 1 1 1 1 1 1 1 1 1 1 1 1 1 1 1 1 1 1 1 1 1 1 1 1 1 1 1 1 1 1 1 1 1 1 1 1 1 1 1 1 1 1 1 1 1 1 1 1 1 1 1 1 1 1 1 1 1 1 1 1 1 1 1 1 1 1 1 1 1 1 1 1 1 1 1 1 1 1 1 1 1 1 1 1 1 1 1 1 1 1 1 1 1 1 1 1 1 1 1 1 1 1 1 1 1 1 1 1 1 1 1 1 1 1 1 1 1 1 1 1 1 1 1 1 1 1 1 1 1 1 1 1 1 1 1 1 1 1 1 1 1 1 1 1 1 1 1 1 1 1 1 1 1 1 1 1 1 1 1 1 1 1 1 1 1 1 1 1 1 1 1 1 1 1 1 1 1 1 1 1 1 1 1 1 1 1 1 1 1 1 1 1 1 1 1 1 1 1 1 1 1 1 1 1 1 1 1 1 1 1 1 1 1 1 1 1 1 1 1 1 1 1 1 1 1 1 1 1 1 1 1 1 1
staticfield com/intellij/psi/impl/cache/TypeInfo EMPTY_ARRAY [Lcom/intellij/psi/impl/cache/TypeInfo; 0 [Lcom/intellij/psi/impl/cache/TypeInfo;
staticfield com/intellij/psi/impl/cache/TypeInfo ourIndexFrequentType [Ljava/lang/String; 15 [Ljava/lang/String;
staticfield com/intellij/psi/impl/cache/TypeInfo ourFrequentTypeIndex Lit/unimi/dsi/fastutil/objects/Object2IntMap; it/unimi/dsi/fastutil/objects/Object2IntOpenHashMap
staticfield com/intellij/psi/impl/cache/TypeInfo ourTypeLengthMask I 65785
staticfield com/intellij/psi/impl/cache/TypeInfo ALL_KINDS [Lcom/intellij/psi/impl/cache/TypeInfo$TypeKind; 32 [Lcom/intellij/psi/impl/cache/TypeInfo$TypeKind;
staticfield com/intellij/psi/impl/cache/TypeInfo TEXT_TO_KIND Ljava/util/Map; java/util/Collections$UnmodifiableMap
staticfield com/intellij/psi/impl/cache/TypeInfo PRIMITIVE_TYPES Lcom/intellij/psi/tree/TokenSet; com/intellij/psi/tree/TokenSet
staticfield com/intellij/psi/impl/cache/TypeInfo $assertionsDisabled Z 1
ciInstanceKlass com/intellij/psi/impl/cache/TypeInfo$SimpleTypeInfo 1 1 72 8 8 8 8 7 100 7 7 100 100 100 9 9 10 10 10 10 10 10 10 10 12 12 12 12 12 12 12 12 12 12 1 1 1 1 1 1 1 1 1 1 1 1 1 1 1 1 1 1 1 1 1 1 1 1 1 1 1 1 1 1 1 1 1 1 1 1 1 1 1 1
staticfield com/intellij/psi/impl/cache/TypeInfo$SimpleTypeInfo NULL Lcom/intellij/psi/impl/cache/TypeInfo$SimpleTypeInfo; com/intellij/psi/impl/cache/TypeInfo$SimpleTypeInfo
ciInstanceKlass com/intellij/psi/impl/java/stubs/PsiMethodStub 1 0 80 100 100 100 1 1 1 1 1 1 1 1 1 1 1 1 1 1 1 1 1 1 1 1 1 1 100 1 8 1 1 12 10 1 1 1 8 1 1 1 8 1 1 1 8 1 1 1 8 1 1 1 8 1 1 1 8 1 1 1 8 1 1 1 8 1 1 1 8 1 1 8 1 1 8 1 1 8 1 1
ciInstanceKlass com/intellij/psi/impl/java/stubs/PsiClassReferenceListStub 1 0 75 100 100 100 100 100 1 1 1 1 1 1 1 1 1 1 1 1 1 1 1 1 1 1 1 1 1 1 1 100 1 8 1 1 12 10 1 1 1 8 1 1 1 8 1 1 1 8 1 1 1 8 1 1 1 8 1 1 1 8 1 1 1 8 1 1 1 8 1 1 8 1 1 8 1
instanceKlass com/intellij/psi/stubs/StubBase
ciInstanceKlass com/intellij/psi/stubs/ObjectStubBase 1 1 78 8 7 7 7 100 100 9 9 9 9 10 10 10 10 10 10 12 12 12 12 12 12 12 12 12 12 1 1 1 1 1 1 1 1 1 1 1 1 1 1 1 1 1 1 1 1 1 1 1 1 1 1 1 1 1 1 1 1 1 1 1 1 1 1 1 1 1 1 1 1 1 1 1 1 1 1 1
staticfield com/intellij/psi/stubs/ObjectStubBase DANGLING_STUB Lcom/intellij/openapi/util/Key; com/intellij/openapi/util/Key
instanceKlass com/intellij/psi/impl/java/stubs/impl/PsiRecordComponentStubImpl
instanceKlass com/intellij/psi/impl/java/stubs/impl/PsiRecordHeaderStubImpl
instanceKlass com/intellij/psi/impl/java/stubs/impl/PsiRequiresStatementStubImpl
instanceKlass com/intellij/psi/impl/java/stubs/impl/PsiJavaModuleStubImpl
instanceKlass com/intellij/psi/impl/java/stubs/impl/PsiTypeParameterStubImpl
instanceKlass com/intellij/psi/impl/java/stubs/impl/PsiFieldStubImpl
instanceKlass com/intellij/psi/impl/java/stubs/impl/PsiAnnotationStubImpl
instanceKlass com/intellij/psi/impl/java/stubs/impl/PsiParameterStubImpl
instanceKlass com/intellij/psi/impl/java/stubs/impl/PsiParameterListStubImpl
instanceKlass com/intellij/psi/impl/java/stubs/impl/PsiMethodStubImpl
instanceKlass com/intellij/psi/impl/java/stubs/impl/PsiClassReferenceListStubImpl
instanceKlass com/intellij/psi/impl/java/stubs/impl/PsiTypeParameterListStubImpl
instanceKlass com/intellij/psi/impl/java/stubs/impl/PsiModifierListStubImpl
instanceKlass com/intellij/psi/impl/java/stubs/impl/PsiClassStubImpl
instanceKlass com/intellij/psi/stubs/PsiFileStubImpl
ciInstanceKlass com/intellij/psi/stubs/StubBase 1 1 361 8 8 8 8 8 8 8 8 8 8 8 8 8 8 8 8 8 8 7 100 7 100 7 7 7 7 7 7 7 100 7 7 100 100 7 100 100 100 100 100 100 100 100 7 100 7 9 9 9 9 9 9 10 10 10 10 10 10 10 10 10 10 10 10 10 10 10 10 10 10 10 10 10 10 10 10 10 10 10 10 10 10 10 10 10 10 10 10 10 10 10 10 11 11 11 11 11 11 11 11 11 11 12 12 12 12 12 12 12 12 12 12 12 12 12 12 12 12 12 12 12 12 12 12 12 12 12 12 12 12 12 12 12 12 12 12 12 12 12 12 12 12 12 12 12 12 12 12 12 12 12 1 1 1 1 1 1 1 1 1 1 1 1 1 1 1 1 1 1 1 1 1 1 1 1 1 1 1 1 1 1 1 1 1 1 1 1 1 1 1 1 1 1 1 1 1 1 1 1 1 1 1 1 1 1 1 1 1 1 1 1 1 1 1 1 1 1 1 1 1 1 1 1 1 1 1 1 1 1 1 1 1 1 1 1 1 1 1 1 1 1 1 1 1 1 1 1 1 1 1 1 1 1 1 1 1 1 1 1 1 1 1 1 1 1 1 1 1 1 1 1 1 1 1 1 1 1 1 1 1 1 1 1 1 1 1 1 1 1 1 1 1 1 1 1 1 1 1 1 1 1 1 1 1 1 1 1 1 1 1 1 1 1 1 1 1 1 1 1 1 1 1 1 1 1 1 1 1 1 1 1 1 1 1 1 1 1 1 1 1 1 1 1 1 1 1 1 1 1 1 1 1 1 1 1 1 1 1 1 1
staticfield com/intellij/psi/stubs/StubBase myPsiUpdater Ljava/util/concurrent/atomic/AtomicReferenceFieldUpdater; java/util/concurrent/atomic/AtomicReferenceFieldUpdater$AtomicReferenceFieldUpdaterImpl
staticfield com/intellij/psi/stubs/StubBase $assertionsDisabled Z 1
ciInstanceKlass com/intellij/psi/impl/java/stubs/impl/PsiJavaFileStubImpl 1 1 190 8 8 8 8 8 8 7 100 100 100 7 100 100 7 7 100 100 100 7 7 100 100 100 100 100 100 9 9 9 9 9 9 9 9 9 9 10 10 10 10 10 10 10 10 10 10 10 10 10 10 10 11 12 12 12 12 12 12 12 12 12 12 12 12 12 12 12 12 12 12 12 12 12 12 12 12 12 1 1 1 1 1 1 1 1 1 1 1 1 1 1 1 1 1 1 1 1 1 1 1 1 1 1 1 1 1 1 1 1 1 1 1 1 1 1 1 1 1 1 1 1 1 1 1 1 1 1 1 1 1 1 1 1 1 1 1 1 1 1 1 1 1 1 1 1 1 1 1 1 1 1 1 1 1 1 1 1 1 1 1 1 1 1 1 1 1 1 1 1 1 1 1 1 1 1 1 1 1 1 1 1 1 1 1 1 1 1 1 1
ciInstanceKlass com/intellij/psi/impl/compiled/SignatureParsing$TypeInfoProvider 1 1 70 100 100 100 7 100 100 100 7 100 100 10 10 11 11 18 15 15 12 12 12 12 12 16 1 1 1 1 1 1 1 1 1 1 1 1 1 1 1 1 1 1 1 1 1 1 1 1 1 1 1 1 1 1 1 1 1 1 1 1 1 1 1 1 1 1 1 1 1 1
ciInstanceKlass com/intellij/psi/impl/cache/TypeInfo$RefTypeInfo 1 1 178 8 8 8 8 8 8 8 8 8 8 7 100 100 7 100 7 7 100 100 100 7 7 7 9 9 9 9 9 9 9 9 9 10 10 10 10 10 10 10 10 10 10 10 10 10 10 10 11 11 12 12 12 12 12 12 12 12 12 12 12 12 12 12 12 12 12 12 12 12 12 12 12 12 12 12 1 1 1 1 1 1 1 1 1 1 1 1 1 1 1 1 1 1 1 1 1 1 1 1 1 1 1 1 1 1 1 1 1 1 1 1 1 1 1 1 1 1 1 1 1 1 1 1 1 1 1 1 1 1 1 1 1 1 1 1 1 1 1 1 1 1 1 1 1 1 1 1 1 1 1 1 1 1 1 1 1 1 1 1 1 1 1 1 1 1 1 1 1 1 1 1 1 1 1 1 1 1
ciInstanceKlass com/intellij/psi/impl/cache/TypeInfo$DerivedTypeInfo 1 1 131 8 8 8 8 8 8 8 8 8 100 7 7 7 7 100 7 100 100 100 100 7 100 9 9 9 9 10 10 10 10 10 10 10 10 10 10 10 10 10 10 10 10 12 12 12 12 12 12 12 12 12 12 12 12 12 12 12 12 12 1 1 1 1 1 1 1 1 1 1 1 1 1 1 1 1 1 1 1 1 1 1 1 1 1 1 1 1 1 1 1 1 1 1 1 1 1 1 1 1 1 1 1 1 1 1 1 1 1 1 1 1 1 1 1 1 1 1 1 1 1 1 1 1 1 1 1 1 1 1 1
staticfield com/intellij/psi/impl/cache/TypeInfo$DerivedTypeInfo $assertionsDisabled Z 1
instanceKlass org/jetbrains/org/objectweb/asm/MethodWriter
instanceKlass com/intellij/psi/impl/compiled/FirstPassData$1FirstPassVisitor$1
instanceKlass com/intellij/psi/impl/compiled/StubBuildingVisitor$MethodAnnotationCollectingVisitor
ciInstanceKlass org/jetbrains/org/objectweb/asm/MethodVisitor 1 1 250 3 3 3 3 3 3 3 8 8 8 8 100 7 100 100 100 100 100 7 100 9 9 10 10 10 10 10 10 10 10 10 10 10 10 10 10 10 10 10 10 10 10 10 10 10 10 10 10 10 10 10 10 10 10 10 10 10 10 10 10 10 10 10 10 12 12 12 12 12 12 12 12 12 12 12 12 12 12 12 12 12 12 12 12 12 12 12 12 12 12 12 12 12 12 12 12 12 12 12 12 12 12 12 12 12 12 1 1 1 1 1 1 1 1 1 1 1 1 1 1 1 1 1 1 1 1 1 1 1 1 1 1 1 1 1 1 1 1 1 1 1 1 1 1 1 1 1 1 1 1 1 1 1 1 1 1 1 1 1 1 1 1 1 1 1 1 1 1 1 1 1 1 1 1 1 1 1 1 1 1 1 1 1 1 1 1 1 1 1 1 1 1 1 1 1 1 1 1 1 1 1 1 1 1 1 1 1 1 1 1 1 1 1 1 1 1 1 1 1 1 1 1 1 1 1 1 1 1 1 1 1 1 1 1 1 1 1 1 1 1 1 1 1 1 1 1 1 1 1
ciInstanceKlass com/intellij/psi/impl/compiled/StubBuildingVisitor$MethodAnnotationCollectingVisitor 1 1 385 3 8 8 8 8 8 8 8 8 8 8 100 100 7 100 100 100 7 7 100 100 100 100 7 100 100 7 7 100 100 100 7 100 7 7 100 100 100 7 100 100 100 100 100 100 100 7 100 100 9 9 9 9 9 9 9 9 9 9 9 9 9 10 10 10 10 10 10 10 10 10 10 10 10 10 10 10 10 10 10 10 10 10 10 10 10 10 10 10 10 10 10 10 10 11 11 11 11 11 11 11 11 18 18 18 18 18 15 15 15 15 15 15 12 12 12 12 12 12 12 12 12 12 12 12 12 12 12 12 12 12 12 12 12 12 12 12 12 12 12 12 12 12 12 12 12 12 12 12 12 12 12 12 12 12 12 12 12 12 12 12 12 12 12 12 12 12 12 12 16 16 16 16 16 1 1 1 1 1 1 1 1 1 1 1 1 1 1 1 1 1 1 1 1 1 1 1 1 1 1 1 1 1 1 1 1 1 1 1 1 1 1 1 1 1 1 1 1 1 1 1 1 1 1 1 1 1 1 1 1 1 1 1 1 1 1 1 1 1 1 1 1 1 1 1 1 1 1 1 1 1 1 1 1 1 1 1 1 1 1 1 1 1 1 1 1 1 1 1 1 1 1 1 1 1 1 1 1 1 1 1 1 1 1 1 1 1 1 1 1 1 1 1 1 1 1 1 1 1 1 1 1 1 1 1 1 1 1 1 1 1 1 1 1 1 1 1 1 1 1 1 1 1 1 1 1 1 1 1 1 1 1 1 1 1 1 1 1 1 1 1 1 1 1 1 1 1 1 1 1 1 1 1 1 1 1 1 1 1 1 1 1 1 1 1 1 1 1 1 1 1 1 1 1 1 1 1 1 1 1 1 1 1 1
ciInstanceKlass com/intellij/psi/impl/compiled/FirstPassData 1 1 389 8 8 8 8 8 8 8 8 8 8 8 8 8 8 8 8 8 8 8 100 100 7 100 100 7 7 7 7 100 7 7 7 7 100 7 100 100 100 7 100 100 7 100 100 100 7 100 7 100 7 100 100 7 100 7 7 7 9 9 9 9 9 9 9 9 9 9 9 9 9 9 9 9 9 9 9 9 9 9 10 10 10 10 10 10 10 10 10 10 10 10 10 10 10 10 10 10 10 10 10 10 10 10 10 10 10 10 10 10 10 10 10 10 10 11 11 11 11 11 18 15 15 12 12 12 12 12 12 12 12 12 12 12 12 12 12 12 12 12 12 12 12 12 12 12 12 12 12 12 12 12 12 12 12 12 12 12 12 12 12 12 12 12 12 12 12 12 12 12 12 12 12 12 12 12 12 12 12 12 12 12 16 16 1 1 1 1 1 1 1 1 1 1 1 1 1 1 1 1 1 1 1 1 1 1 1 1 1 1 1 1 1 1 1 1 1 1 1 1 1 1 1 1 1 1 1 1 1 1 1 1 1 1 1 1 1 1 1 1 1 1 1 1 1 1 1 1 1 1 1 1 1 1 1 1 1 1 1 1 1 1 1 1 1 1 1 1 1 1 1 1 1 1 1 1 1 1 1 1 1 1 1 1 1 1 1 1 1 1 1 1 1 1 1 1 1 1 1 1 1 1 1 1 1 1 1 1 1 1 1 1 1 1 1 1 1 1 1 1 1 1 1 1 1 1 1 1 1 1 1 1 1 1 1 1 1 1 1 1 1 1 1 1 1 1 1 1 1 1 1 1 1 1 1 1 1 1 1 1 1 1 1 1 1 1 1 1 1 1 1 1 1 1 1 1 1 1 1 1 1 1 1 1 1 1 1 1 1
staticfield com/intellij/psi/impl/compiled/FirstPassData LOG Lcom/intellij/openapi/diagnostic/Logger; com/intellij/openapi/diagnostic/DefaultLogger
staticfield com/intellij/psi/impl/compiled/FirstPassData NO_DATA Lcom/intellij/psi/impl/compiled/FirstPassData; com/intellij/psi/impl/compiled/FirstPassData
staticfield com/intellij/psi/impl/compiled/FirstPassData $assertionsDisabled Z 1
ciInstanceKlass com/intellij/util/BitUtil 1 1 108 3 8 8 8 8 7 100 7 100 100 100 100 100 5 0 9 10 10 10 10 10 10 10 10 10 10 10 10 10 10 10 12 12 12 12 12 12 12 12 12 12 12 12 12 12 12 1 1 1 1 1 1 1 1 1 1 1 1 1 1 1 1 1 1 1 1 1 1 1 1 1 1 1 1 1 1 1 1 1 1 1 1 1 1 1 1 1 1 1 1 1 1 1 1 1 1 1 1 1 1 1 1 1 1 1 1 1
staticfield com/intellij/util/BitUtil $assertionsDisabled Z 1
ciInstanceKlass com/intellij/psi/impl/cache/TypeInfo$TypeKind 1 1 240 8 8 8 8 8 8 8 8 8 8 8 8 8 8 8 8 8 8 8 8 8 8 8 8 8 8 8 8 8 8 8 8 8 8 8 8 8 8 8 8 8 8 8 8 8 8 8 8 8 8 8 8 8 8 7 100 7 7 9 9 9 9 9 9 9 9 9 9 9 9 9 9 9 9 9 9 9 9 9 9 9 9 9 9 9 9 9 9 9 9 9 9 10 10 10 10 10 10 10 12 12 12 12 12 12 12 12 12 12 12 12 12 12 12 12 12 12 12 12 12 12 12 12 12 12 12 12 12 12 12 12 12 12 12 12 12 12 12 12 1 1 1 1 1 1 1 1 1 1 1 1 1 1 1 1 1 1 1 1 1 1 1 1 1 1 1 1 1 1 1 1 1 1 1 1 1 1 1 1 1 1 1 1 1 1 1 1 1 1 1 1 1 1 1 1 1 1 1 1 1 1 1 1 1 1 1 1 1 1 1 1 1 1 1 1 1 1 1 1 1 1 1 1 1 1 1 1 1 1 1 1 1 1 1 1 1 1 1 1
staticfield com/intellij/psi/impl/cache/TypeInfo$TypeKind NULL Lcom/intellij/psi/impl/cache/TypeInfo$TypeKind; com/intellij/psi/impl/cache/TypeInfo$TypeKind
staticfield com/intellij/psi/impl/cache/TypeInfo$TypeKind REF Lcom/intellij/psi/impl/cache/TypeInfo$TypeKind; com/intellij/psi/impl/cache/TypeInfo$TypeKind
staticfield com/intellij/psi/impl/cache/TypeInfo$TypeKind GENERIC Lcom/intellij/psi/impl/cache/TypeInfo$TypeKind; com/intellij/psi/impl/cache/TypeInfo$TypeKind
staticfield com/intellij/psi/impl/cache/TypeInfo$TypeKind JAVA_LANG_OBJECT Lcom/intellij/psi/impl/cache/TypeInfo$TypeKind; com/intellij/psi/impl/cache/TypeInfo$TypeKind
staticfield com/intellij/psi/impl/cache/TypeInfo$TypeKind JAVA_LANG_STRING Lcom/intellij/psi/impl/cache/TypeInfo$TypeKind; com/intellij/psi/impl/cache/TypeInfo$TypeKind
staticfield com/intellij/psi/impl/cache/TypeInfo$TypeKind JAVA_LANG_THROWABLE Lcom/intellij/psi/impl/cache/TypeInfo$TypeKind; com/intellij/psi/impl/cache/TypeInfo$TypeKind
staticfield com/intellij/psi/impl/cache/TypeInfo$TypeKind JAVA_LANG_EXCEPTION Lcom/intellij/psi/impl/cache/TypeInfo$TypeKind; com/intellij/psi/impl/cache/TypeInfo$TypeKind
staticfield com/intellij/psi/impl/cache/TypeInfo$TypeKind JAVA_UTIL_COLLECTION Lcom/intellij/psi/impl/cache/TypeInfo$TypeKind; com/intellij/psi/impl/cache/TypeInfo$TypeKind
staticfield com/intellij/psi/impl/cache/TypeInfo$TypeKind JAVA_UTIL_LIST Lcom/intellij/psi/impl/cache/TypeInfo$TypeKind; com/intellij/psi/impl/cache/TypeInfo$TypeKind
staticfield com/intellij/psi/impl/cache/TypeInfo$TypeKind JAVA_LANG_ITERABLE Lcom/intellij/psi/impl/cache/TypeInfo$TypeKind; com/intellij/psi/impl/cache/TypeInfo$TypeKind
staticfield com/intellij/psi/impl/cache/TypeInfo$TypeKind JAVA_UTIL_ITERATOR Lcom/intellij/psi/impl/cache/TypeInfo$TypeKind; com/intellij/psi/impl/cache/TypeInfo$TypeKind
staticfield com/intellij/psi/impl/cache/TypeInfo$TypeKind JAVA_UTIL_MAP Lcom/intellij/psi/impl/cache/TypeInfo$TypeKind; com/intellij/psi/impl/cache/TypeInfo$TypeKind
staticfield com/intellij/psi/impl/cache/TypeInfo$TypeKind JAVA_LANG_ANNOTATION_ANNOTATION Lcom/intellij/psi/impl/cache/TypeInfo$TypeKind; com/intellij/psi/impl/cache/TypeInfo$TypeKind
staticfield com/intellij/psi/impl/cache/TypeInfo$TypeKind INNER Lcom/intellij/psi/impl/cache/TypeInfo$TypeKind; com/intellij/psi/impl/cache/TypeInfo$TypeKind
staticfield com/intellij/psi/impl/cache/TypeInfo$TypeKind INNER_SIMPLE Lcom/intellij/psi/impl/cache/TypeInfo$TypeKind; com/intellij/psi/impl/cache/TypeInfo$TypeKind
staticfield com/intellij/psi/impl/cache/TypeInfo$TypeKind INNER_GENERIC Lcom/intellij/psi/impl/cache/TypeInfo$TypeKind; com/intellij/psi/impl/cache/TypeInfo$TypeKind
staticfield com/intellij/psi/impl/cache/TypeInfo$TypeKind EXTENDS Lcom/intellij/psi/impl/cache/TypeInfo$TypeKind; com/intellij/psi/impl/cache/TypeInfo$TypeKind
staticfield com/intellij/psi/impl/cache/TypeInfo$TypeKind SUPER Lcom/intellij/psi/impl/cache/TypeInfo$TypeKind; com/intellij/psi/impl/cache/TypeInfo$TypeKind
staticfield com/intellij/psi/impl/cache/TypeInfo$TypeKind ARRAY Lcom/intellij/psi/impl/cache/TypeInfo$TypeKind; com/intellij/psi/impl/cache/TypeInfo$TypeKind
staticfield com/intellij/psi/impl/cache/TypeInfo$TypeKind ELLIPSIS Lcom/intellij/psi/impl/cache/TypeInfo$TypeKind; com/intellij/psi/impl/cache/TypeInfo$TypeKind
staticfield com/intellij/psi/impl/cache/TypeInfo$TypeKind BOOLEAN Lcom/intellij/psi/impl/cache/TypeInfo$TypeKind; com/intellij/psi/impl/cache/TypeInfo$TypeKind
staticfield com/intellij/psi/impl/cache/TypeInfo$TypeKind BYTE Lcom/intellij/psi/impl/cache/TypeInfo$TypeKind; com/intellij/psi/impl/cache/TypeInfo$TypeKind
staticfield com/intellij/psi/impl/cache/TypeInfo$TypeKind CHAR Lcom/intellij/psi/impl/cache/TypeInfo$TypeKind; com/intellij/psi/impl/cache/TypeInfo$TypeKind
staticfield com/intellij/psi/impl/cache/TypeInfo$TypeKind DOUBLE Lcom/intellij/psi/impl/cache/TypeInfo$TypeKind; com/intellij/psi/impl/cache/TypeInfo$TypeKind
staticfield com/intellij/psi/impl/cache/TypeInfo$TypeKind FLOAT Lcom/intellij/psi/impl/cache/TypeInfo$TypeKind; com/intellij/psi/impl/cache/TypeInfo$TypeKind
staticfield com/intellij/psi/impl/cache/TypeInfo$TypeKind INT Lcom/intellij/psi/impl/cache/TypeInfo$TypeKind; com/intellij/psi/impl/cache/TypeInfo$TypeKind
staticfield com/intellij/psi/impl/cache/TypeInfo$TypeKind LONG Lcom/intellij/psi/impl/cache/TypeInfo$TypeKind; com/intellij/psi/impl/cache/TypeInfo$TypeKind
staticfield com/intellij/psi/impl/cache/TypeInfo$TypeKind SHORT Lcom/intellij/psi/impl/cache/TypeInfo$TypeKind; com/intellij/psi/impl/cache/TypeInfo$TypeKind
staticfield com/intellij/psi/impl/cache/TypeInfo$TypeKind VOID Lcom/intellij/psi/impl/cache/TypeInfo$TypeKind; com/intellij/psi/impl/cache/TypeInfo$TypeKind
staticfield com/intellij/psi/impl/cache/TypeInfo$TypeKind OBJECT Lcom/intellij/psi/impl/cache/TypeInfo$TypeKind; com/intellij/psi/impl/cache/TypeInfo$TypeKind
staticfield com/intellij/psi/impl/cache/TypeInfo$TypeKind STRING Lcom/intellij/psi/impl/cache/TypeInfo$TypeKind; com/intellij/psi/impl/cache/TypeInfo$TypeKind
staticfield com/intellij/psi/impl/cache/TypeInfo$TypeKind WILDCARD Lcom/intellij/psi/impl/cache/TypeInfo$TypeKind; com/intellij/psi/impl/cache/TypeInfo$TypeKind
staticfield com/intellij/psi/impl/cache/TypeInfo$TypeKind $VALUES [Lcom/intellij/psi/impl/cache/TypeInfo$TypeKind; 32 [Lcom/intellij/psi/impl/cache/TypeInfo$TypeKind;
ciInstanceKlass com/intellij/psi/impl/java/stubs/impl/PsiClassStubImpl 1 1 260 8 8 8 8 8 8 8 8 8 8 8 8 8 8 8 8 8 8 8 8 8 8 8 8 8 100 7 100 7 100 100 7 7 100 7 100 100 100 100 100 100 100 9 9 9 9 9 9 9 9 10 10 10 10 10 10 10 10 10 10 10 10 10 10 10 10 10 10 10 10 10 10 10 10 10 10 10 10 10 10 10 10 10 12 12 12 12 12 12 12 12 12 12 12 12 12 12 12 12 12 12 12 12 12 12 12 12 12 12 12 12 12 12 12 12 12 12 12 12 12 12 12 12 1 1 1 1 1 1 1 1 1 1 1 1 1 1 1 1 1 1 1 1 1 1 1 1 1 1 1 1 1 1 1 1 1 1 1 1 1 1 1 1 1 1 1 1 1 1 1 1 1 1 1 1 1 1 1 1 1 1 1 1 1 1 1 1 1 1 1 1 1 1 1 1 1 1 1 1 1 1 1 1 1 1 1 1 1 1 1 1 1 1 1 1 1 1 1 1 1 1 1 1 1 1 1 1 1 1 1 1 1 1 1 1 1 1 1 1 1 1 1 1 1 1 1 1 1 1 1 1 1 1 1 1 1 1 1 1
ciInstanceKlass com/intellij/psi/impl/java/stubs/impl/PsiModifierListStubImpl 1 1 58 8 8 7 100 7 7 100 9 9 10 10 10 10 10 10 12 12 12 12 12 12 12 12 1 1 1 1 1 1 1 1 1 1 1 1 1 1 1 1 1 1 1 1 1 1 1 1 1 1 1 1 1 1 1 1 1 1
ciInstanceKlass com/intellij/psi/impl/compiled/SignatureParsing$TypeParametersDeclaration 1 1 132 100 100 7 7 7 7 7 7 7 7 7 100 9 9 9 10 10 10 10 10 10 10 10 11 11 11 11 11 11 11 12 12 12 12 12 12 12 12 12 12 12 12 12 12 12 12 12 12 1 1 1 1 1 1 1 1 1 1 1 1 1 1 1 1 1 1 1 1 1 1 1 1 1 1 1 1 1 1 1 1 1 1 1 1 1 1 1 1 1 1 1 1 1 1 1 1 1 1 1 1 1 1 1 1 1 1 1 1 1 1 1 1 1 1 1 1 1 1 1 1 1 1 1 1 1 1 1 1 1 1 1
staticfield com/intellij/psi/impl/compiled/SignatureParsing$TypeParametersDeclaration EMPTY Lcom/intellij/psi/impl/compiled/SignatureParsing$TypeParametersDeclaration; com/intellij/psi/impl/compiled/SignatureParsing$TypeParametersDeclaration
ciInstanceKlass com/intellij/psi/impl/compiled/FirstPassData$$Lambda$825+0x00000274a5743720 1 1 28 1 7 1 7 1 100 1 1 1 1 1 12 10 12 9 1 1 1 7 1 7 1 1 12 10 1 1
ciInstanceKlass com/intellij/psi/impl/java/stubs/impl/PsiTypeParameterListStubImpl 1 1 33 8 7 100 100 7 9 10 12 12 1 1 1 1 1 1 1 1 1 1 1 1 1 1 1 1 1 1 1 1 1 1 1
ciInstanceKlass com/intellij/psi/impl/java/stubs/impl/PsiClassReferenceListStubImpl 1 1 318 8 8 8 8 8 8 8 8 8 8 8 8 8 8 7 100 100 100 100 7 100 100 100 7 7 7 7 7 100 7 7 100 100 7 100 100 100 100 100 100 100 100 100 100 100 100 100 9 9 9 9 9 9 9 10 10 10 10 10 10 10 10 10 10 10 10 10 10 10 10 10 10 10 10 10 10 10 10 10 10 10 10 10 10 10 10 10 10 10 10 10 10 10 11 11 18 18 15 15 15 12 12 12 12 12 12 12 12 12 12 12 12 12 12 12 12 12 12 12 12 12 12 12 12 12 12 12 12 12 12 12 12 12 12 12 12 12 12 12 12 12 12 12 12 12 12 16 16 16 1 1 1 1 1 1 1 1 1 1 1 1 1 1 1 1 1 1 1 1 1 1 1 1 1 1 1 1 1 1 1 1 1 1 1 1 1 1 1 1 1 1 1 1 1 1 1 1 1 1 1 1 1 1 1 1 1 1 1 1 1 1 1 1 1 1 1 1 1 1 1 1 1 1 1 1 1 1 1 1 1 1 1 1 1 1 1 1 1 1 1 1 1 1 1 1 1 1 1 1 1 1 1 1 1 1 1 1 1 1 1 1 1 1 1 1 1 1 1 1 1 1 1 1 1 1 1 1 1 1 1 1 1 1 1 1 1 1 1 1 1 1 1 1 1 1 1 1 1 1 1 1 1 1 1 1 1 1 1 1 1 1 1 1 1 1 1 1
ciInstanceKlass com/intellij/psi/impl/java/stubs/impl/PsiMethodStubImpl 1 1 211 8 8 8 8 8 8 8 8 8 8 8 8 8 8 8 100 100 100 7 100 100 100 7 7 100 7 100 100 100 100 100 100 100 100 9 9 9 9 9 9 10 10 10 10 10 10 10 10 10 10 10 10 10 10 10 10 10 10 10 11 11 11 11 11 12 12 12 12 12 12 12 12 12 12 12 12 12 12 12 12 12 12 12 12 12 12 12 12 12 12 12 1 1 1 1 1 1 1 1 1 1 1 1 1 1 1 1 1 1 1 1 1 1 1 1 1 1 1 1 1 1 1 1 1 1 1 1 1 1 1 1 1 1 1 1 1 1 1 1 1 1 1 1 1 1 1 1 1 1 1 1 1 1 1 1 1 1 1 1 1 1 1 1 1 1 1 1 1 1 1 1 1 1 1 1 1 1 1 1 1 1 1 1 1 1 1 1 1 1 1 1 1 1 1 1 1 1 1 1 1 1 1 1 1 1 1 1 1 1 1
ciInstanceKlass com/intellij/psi/impl/compiled/StubBuildingVisitor$MethodInfo 1 1 63 100 100 100 100 7 7 9 9 9 9 10 10 12 12 12 12 12 1 1 1 1 1 1 1 1 1 1 1 1 1 1 1 1 1 1 1 1 1 1 1 1 1 1 1 1 1 1 1 1 1 1 1 1 1 1 1 1 1 1 1 1 1
ciInstanceKlass org/jetbrains/org/objectweb/asm/Type 1 1 353 3 3 3 3 3 3 3 3 3 3 3 3 8 8 8 8 8 8 8 8 8 8 8 8 100 100 100 100 100 100 100 100 100 100 7 7 100 7 100 100 100 100 100 7 9 9 9 9 9 9 9 9 9 9 9 9 9 9 9 9 9 9 9 9 9 9 10 10 10 10 10 10 10 10 10 10 10 10 10 10 10 10 10 10 10 10 10 10 10 10 10 10 10 10 10 10 10 10 10 10 10 10 10 10 10 10 10 10 12 12 12 12 12 12 12 12 12 12 12 12 12 12 12 12 12 12 12 12 12 12 12 12 12 12 12 12 12 12 12 12 12 12 12 12 12 12 12 12 12 12 12 12 12 12 12 12 12 12 12 1 1 1 1 1 1 1 1 1 1 1 1 1 1 1 1 1 1 1 1 1 1 1 1 1 1 1 1 1 1 1 1 1 1 1 1 1 1 1 1 1 1 1 1 1 1 1 1 1 1 1 1 1 1 1 1 1 1 1 1 1 1 1 1 1 1 1 1 1 1 1 1 1 1 1 1 1 1 1 1 1 1 1 1 1 1 1 1 1 1 1 1 1 1 1 1 1 1 1 1 1 1 1 1 1 1 1 1 1 1 1 1 1 1 1 1 1 1 1 1 1 1 1 1 1 1 1 1 1 1 1 1 1 1 1 1 1 1 1 1 1 1 1 1 1 1 1 1 1 1 1 1 1 1 1 1 1 1 1 1 1 1 1 1 1 1 1 1 1 1 1 1 1 1 1 1 1 1 1 1 1 1 1 1 1 1 1 1 1 1 1 1 1
staticfield org/jetbrains/org/objectweb/asm/Type VOID_TYPE Lorg/jetbrains/org/objectweb/asm/Type; org/jetbrains/org/objectweb/asm/Type
staticfield org/jetbrains/org/objectweb/asm/Type BOOLEAN_TYPE Lorg/jetbrains/org/objectweb/asm/Type; org/jetbrains/org/objectweb/asm/Type
staticfield org/jetbrains/org/objectweb/asm/Type CHAR_TYPE Lorg/jetbrains/org/objectweb/asm/Type; org/jetbrains/org/objectweb/asm/Type
staticfield org/jetbrains/org/objectweb/asm/Type BYTE_TYPE Lorg/jetbrains/org/objectweb/asm/Type; org/jetbrains/org/objectweb/asm/Type
staticfield org/jetbrains/org/objectweb/asm/Type SHORT_TYPE Lorg/jetbrains/org/objectweb/asm/Type; org/jetbrains/org/objectweb/asm/Type
staticfield org/jetbrains/org/objectweb/asm/Type INT_TYPE Lorg/jetbrains/org/objectweb/asm/Type; org/jetbrains/org/objectweb/asm/Type
staticfield org/jetbrains/org/objectweb/asm/Type FLOAT_TYPE Lorg/jetbrains/org/objectweb/asm/Type; org/jetbrains/org/objectweb/asm/Type
staticfield org/jetbrains/org/objectweb/asm/Type LONG_TYPE Lorg/jetbrains/org/objectweb/asm/Type; org/jetbrains/org/objectweb/asm/Type
staticfield org/jetbrains/org/objectweb/asm/Type DOUBLE_TYPE Lorg/jetbrains/org/objectweb/asm/Type; org/jetbrains/org/objectweb/asm/Type
ciInstanceKlass com/intellij/psi/impl/compiled/StubBuildingVisitor$$Lambda$847+0x00000274a57559e0 1 1 28 1 7 1 7 1 100 1 1 1 1 1 12 10 12 9 1 1 1 7 1 7 1 1 12 10 1 1
ciInstanceKlass com/intellij/psi/impl/java/stubs/impl/PsiParameterListStubImpl 1 1 33 8 7 100 100 7 9 10 12 12 1 1 1 1 1 1 1 1 1 1 1 1 1 1 1 1 1 1 1 1 1 1 1
ciInstanceKlass com/intellij/psi/impl/java/stubs/impl/PsiParameterStubImpl 1 1 162 8 8 8 8 8 8 8 8 8 100 100 7 100 100 7 7 100 7 100 100 100 100 100 100 100 100 9 9 9 9 10 10 10 10 10 10 10 10 10 10 10 10 10 10 10 11 11 11 12 12 12 12 12 12 12 12 12 12 12 12 12 12 12 12 12 12 12 12 12 1 1 1 1 1 1 1 1 1 1 1 1 1 1 1 1 1 1 1 1 1 1 1 1 1 1 1 1 1 1 1 1 1 1 1 1 1 1 1 1 1 1 1 1 1 1 1 1 1 1 1 1 1 1 1 1 1 1 1 1 1 1 1 1 1 1 1 1 1 1 1 1 1 1 1 1 1 1 1 1 1 1 1 1 1 1 1 1 1 1 1 1
ciInstanceKlass com/intellij/psi/impl/compiled/SignatureParsing$CharIterator 1 1 57 3 100 7 7 7 9 9 9 10 10 10 10 12 12 12 12 12 12 12 1 1 1 1 1 1 1 1 1 1 1 1 1 1 1 1 1 1 1 1 1 1 1 1 1 1 1 1 1 1 1 1 1 1 1 1 1
ciInstanceKlass com/intellij/psi/impl/compiled/SignatureParsing 1 1 331 3 8 8 8 8 8 8 8 8 8 8 8 8 8 8 7 100 7 7 7 7 7 7 100 7 7 7 7 100 7 100 100 100 100 100 100 100 100 7 7 9 9 9 9 9 9 9 9 9 9 9 9 9 9 10 10 10 10 10 10 10 10 10 10 10 10 10 10 10 10 10 10 10 10 10 10 10 10 10 10 10 10 10 10 10 10 10 10 10 10 10 10 10 11 11 11 11 11 11 11 11 11 12 12 12 12 12 12 12 12 12 12 12 12 12 12 12 12 12 12 12 12 12 12 12 12 12 12 12 12 12 12 12 12 12 12 12 12 12 12 12 12 12 12 12 12 12 12 12 12 12 12 12 12 1 1 1 1 1 1 1 1 1 1 1 1 1 1 1 1 1 1 1 1 1 1 1 1 1 1 1 1 1 1 1 1 1 1 1 1 1 1 1 1 1 1 1 1 1 1 1 1 1 1 1 1 1 1 1 1 1 1 1 1 1 1 1 1 1 1 1 1 1 1 1 1 1 1 1 1 1 1 1 1 1 1 1 1 1 1 1 1 1 1 1 1 1 1 1 1 1 1 1 1 1 1 1 1 1 1 1 1 1 1 1 1 1 1 1 1 1 1 1 1 1 1 1 1 1 1 1 1 1 1 1 1 1 1 1 1 1 1 1 1 1 1 1 1 1 1 1 1 1 1 1 1 1 1 1 1 1 1 1 1 1 1 1 1 1 1 1 1 1 1 1 1 1 1 1 1
ciInstanceKlass com/intellij/psi/impl/file/PsiDirectoryImpl 1 1 804 8 8 8 8 8 8 8 8 8 8 8 8 8 8 8 8 8 8 8 8 8 8 8 8 8 8 8 8 8 8 8 8 8 8 8 8 8 8 8 8 8 8 8 8 8 8 8 8 8 8 8 8 8 8 8 8 8 8 8 8 8 8 100 100 7 100 100 100 100 100 100 100 7 100 100 100 7 100 100 100 100 7 100 100 100 100 7 100 100 100 7 100 100 100 100 100 100 100 100 7 7 100 7 100 100 100 100 100 100 100 100 100 100 100 100 100 100 100 100 7 100 100 100 100 100 100 100 100 100 100 7 100 100 5 0 9 9 9 9 9 9 9 9 9 10 10 10 10 10 10 10 10 10 10 10 10 10 10 10 10 10 10 10 10 10 10 10 10 10 10 10 10 10 10 10 10 10 10 10 10 10 10 10 10 10 10 10 10 10 10 10 10 10 10 10 10 10 10 10 10 10 10 10 10 10 10 10 10 10 10 10 10 10 10 10 10 10 10 10 10 10 10 10 10 10 10 10 10 10 10 10 10 10 10 10 10 10 10 10 10 10 10 10 10 10 11 11 11 11 11 11 11 11 11 11 11 11 11 11 11 11 11 18 18 15 15 15 12 12 12 12 12 12 12 12 12 12 12 12 12 12 12 12 12 12 12 12 12 12 12 12 12 12 12 12 12 12 12 12 12 12 12 12 12 12 12 12 12 12 12 12 12 12 12 12 12 12 12 12 12 12 12 12 12 12 12 12 12 12 12 12 12 12 12 12 12 12 12 12 12 12 12 12 12 12 12 12 12 12 12 12 12 12 12 12 12 12 12 12 12 12 12 12 12 12 12 12 12 12 12 12 12 12 12 12 12 12 12 12 12 12 12 16 16 16 16 1 1 1 1 1 1 1 1 1 1 1 1 1 1 1 1 1 1 1 1 1 1 1 1 1 1 1 1 1 1 1 1 1 1 1 1 1 1 1 1 1 1 1 1 1 1 1 1 1 1 1 1 1 1 1 1 1 1 1 1 1 1 1 1 1 1 1 1 1 1 1 1 1 1 1 1 1 1 1 1 1 1 1 1 1 1 1 1 1 1 1 1 1 1 1 1 1 1 1 1 1 1 1 1 1 1 1 1 1 1 1 1 1 1 1 1 1 1 1 1 1 1 1 1 1 1 1 1 1 1 1 1 1 1 1 1 1 1 1 1 1 1 1 1 1 1 1 1 1 1 1 1 1 1 1 1 1 1 1 1 1 1 1 1 1 1 1 1 1 1 1 1 1 1 1 1 1 1 1 1 1 1 1 1 1 1 1 1 1 1 1 1 1 1 1 1 1 1 1 1 1 1 1 1 1 1 1 1 1 1 1 1 1 1 1 1 1 1 1 1 1 1 1 1 1 1 1 1 1 1 1 1 1 1 1 1 1 1 1 1 1 1 1 1 1 1 1 1 1 1 1 1 1 1 1 1 1 1 1 1 1 1 1 1 1 1 1 1 1 1 1 1 1 1 1 1 1 1 1 1 1 1 1 1 1 1 1 1 1 1 1 1 1 1 1 1 1 1 1 1 1 1 1 1 1 1 1 1 1 1 1 1 1 1 1 1 1 1 1 1 1 1 1 1 1 1 1 1 1 1 1 1 1 1 1 1 1 1 1 1 1 1 1 1 1 1 1 1 1 1 1 1 1 1 1 1 1 1 1 1 1 1 1 1 1 1 1 1 1 1 1 1 1 1 1 1 1 1 1 1 1 1 1 1 1 1 1 1 1 1 1 1 1 1 1 1 1 1 1 1 1 1 1 1 1 1 1 1 1 1 1 1 1 1 1 1 1
staticfield com/intellij/psi/impl/file/PsiDirectoryImpl UPDATE_ADDED_FILE_KEY Lcom/intellij/openapi/util/Key; com/intellij/openapi/util/Key
staticfield com/intellij/psi/impl/file/PsiDirectoryImpl LOG Lcom/intellij/openapi/diagnostic/Logger; com/intellij/openapi/diagnostic/DefaultLogger
staticfield com/intellij/psi/impl/file/PsiDirectoryImpl $assertionsDisabled Z 1
ciInstanceKlass com/intellij/psi/impl/compiled/SignatureParsing$TypeParameterDeclaration 1 1 104 7 7 7 7 100 100 7 7 100 7 7 7 7 9 9 9 10 10 10 10 10 10 10 10 10 10 12 12 12 12 12 12 12 12 12 12 12 12 12 1 1 1 1 1 1 1 1 1 1 1 1 1 1 1 1 1 1 1 1 1 1 1 1 1 1 1 1 1 1 1 1 1 1 1 1 1 1 1 1 1 1 1 1 1 1 1 1 1 1 1 1 1 1 1 1 1 1 1 1 1 1 1 1
ciInstanceKlass com/intellij/psi/impl/cache/TypeInfo$1 1 1 61 100 7 7 100 100 9 9 9 9 9 9 9 9 9 9 10 10 12 12 12 12 12 12 12 12 12 12 12 12 1 1 1 1 1 1 1 1 1 1 1 1 1 1 1 1 1 1 1 1 1 1 1 1 1 1 1 1 1 1 1
staticfield com/intellij/psi/impl/cache/TypeInfo$1 $SwitchMap$com$intellij$psi$impl$cache$TypeInfo$TypeKind [I 32
ciInstanceKlass com/intellij/psi/impl/compiled/FirstPassData$ObjectMethod 1 1 119 8 8 8 8 8 8 8 8 8 8 8 8 8 8 8 7 100 100 7 7 100 100 7 9 9 9 9 9 9 10 10 10 10 10 10 10 10 10 10 12 12 12 12 12 12 12 12 12 12 12 12 12 12 12 12 1 1 1 1 1 1 1 1 1 1 1 1 1 1 1 1 1 1 1 1 1 1 1 1 1 1 1 1 1 1 1 1 1 1 1 1 1 1 1 1 1 1 1 1 1 1 1 1 1 1 1 1 1 1 1 1 1 1 1 1 1 1 1
staticfield com/intellij/psi/impl/compiled/FirstPassData$ObjectMethod EQUALS Lcom/intellij/psi/impl/compiled/FirstPassData$ObjectMethod; com/intellij/psi/impl/compiled/FirstPassData$ObjectMethod
staticfield com/intellij/psi/impl/compiled/FirstPassData$ObjectMethod HASH_CODE Lcom/intellij/psi/impl/compiled/FirstPassData$ObjectMethod; com/intellij/psi/impl/compiled/FirstPassData$ObjectMethod
staticfield com/intellij/psi/impl/compiled/FirstPassData$ObjectMethod TO_STRING Lcom/intellij/psi/impl/compiled/FirstPassData$ObjectMethod; com/intellij/psi/impl/compiled/FirstPassData$ObjectMethod
staticfield com/intellij/psi/impl/compiled/FirstPassData$ObjectMethod $VALUES [Lcom/intellij/psi/impl/compiled/FirstPassData$ObjectMethod; 3 [Lcom/intellij/psi/impl/compiled/FirstPassData$ObjectMethod;
ciInstanceKlass com/intellij/psi/impl/compiled/StubBuildingVisitor$1 0 0 11 100 100 100 1 1 1 1 1 1 1
ciMethodData java/lang/Object <init> ()V 2 1799431 orig 80 1 0 0 0 0 0 0 0 0 0 0 0 0 0 0 0 0 0 0 0 0 0 0 0 0 0 0 0 0 0 0 0 0 0 0 0 0 0 0 0 0 0 0 0 0 0 0 0 0 0 0 0 0 0 0 0 0 0 0 0 0 0 0 0 0 0 0 0 0 0 0 0 0 0 0 0 0 0 0 0 data 4 0x0 0x9 0x1 0x0 oops 0 methods 0
ciMethodData java/lang/String isLatin1 ()Z 2 1666150 orig 80 0 0 0 0 0 0 0 0 0 0 0 0 0 0 0 0 0 0 0 0 0 0 0 0 0 0 0 0 0 0 0 0 0 0 0 0 0 0 0 0 0 0 0 0 0 0 0 0 0 0 0 0 0 0 0 0 0 0 0 0 0 0 0 0 0 0 0 0 0 0 0 0 0 0 0 0 0 0 0 0 data 18 0x30007 0x0 0x58 0x196467 0xa0007 0x2 0x38 0x196464 0xe0003 0x196465 0x18 0x0 0x0 0x0 0x0 0x9 0x1 0x0 oops 0 methods 0
ciMethodData java/lang/String equals (Ljava/lang/Object;)Z 2 13644 orig 80 2 0 0 0 0 0 0 0 0 0 0 0 0 0 0 0 0 0 0 0 4 0 0 0 0 0 0 0 0 0 0 0 0 0 0 0 0 0 0 1 0 0 0 0 0 0 0 0 0 0 0 0 0 0 0 0 0 0 0 0 0 0 0 0 0 0 0 0 0 0 0 0 0 0 0 0 0 0 0 0 data 49 0x20007 0x29fc 0x20 0x951 0x8000000400080104 0xfffffffffffffffc 0x0 0x274a31eaf70 0x29f7 0x274f22e5370 0x4 0xb0007 0x9 0xe0 0x29f7 0xf0004 0x0 0x0 0x274a31eaf70 0x29f7 0x0 0x0 0x160007 0x0 0x40 0x29f7 0x8000000600210007 0x12 0x68 0x29e6 0x2c0002 0x29e6 0x2f0007 0x12b1 0x38 0x1735 0x330003 0x1735 0x18 0x0 0x0 0x0 0x0 0x0 0x0 0x9 0x2 0x0 0x0 oops 3 7 java/lang/String 9 org/jetbrains/exposed/sql/Op$NULL 18 java/lang/String methods 0
ciMethodData java/lang/String coder ()B 2 957156 orig 80 0 0 0 0 0 0 0 0 0 0 0 0 0 0 0 0 0 0 0 0 0 0 0 0 0 0 0 0 0 0 0 0 0 0 0 0 0 0 0 0 0 0 0 0 0 0 0 0 0 0 0 0 0 0 0 0 0 0 0 0 0 0 0 0 0 0 0 0 0 0 0 0 0 0 0 0 0 0 0 0 data 14 0x30007 0x0 0x38 0xe98ea 0xa0003 0xe98e9 0x18 0x0 0x0 0x0 0x0 0x9 0x1 0x0 oops 0 methods 0
ciMethodData java/lang/String charAt (I)C 2 1297534 orig 80 0 0 0 0 0 0 0 0 0 0 0 0 0 0 0 0 0 0 0 0 0 0 0 0 0 0 0 0 0 0 0 0 0 0 0 0 0 0 0 0 0 0 0 0 0 0 0 0 0 0 0 0 0 0 0 0 0 0 0 0 0 0 0 0 0 0 0 0 0 0 0 0 0 0 0 0 0 0 0 0 data 25 0x10005 0x13ca7f 0x0 0x0 0x0 0x0 0x0 0x40007 0x2 0x30 0x13ca7d 0xc0002 0x13ca7e 0x150002 0x2 0x0 0x0 0x0 0x0 0x0 0x0 0x9 0x2 0x0 0x0 oops 0 methods 0
ciMethodData java/lang/StringLatin1 charAt ([BI)C 2 1179884 orig 80 0 0 0 0 0 0 0 0 0 0 0 0 0 0 0 0 0 0 0 0 0 0 0 0 0 0 0 0 0 0 0 0 0 0 0 0 0 0 0 0 0 0 0 0 0 0 0 0 0 0 0 0 0 0 0 0 0 0 0 0 0 0 0 0 0 0 0 0 0 0 0 0 0 0 0 0 0 0 0 0 data 18 0x10007 0x0 0x40 0x11feed 0x70007 0x11feed 0x30 0x0 0xf0002 0x0 0x0 0x0 0x0 0x0 0x9 0x2 0x0 0x0 oops 0 methods 0
ciMethodData java/lang/String length ()I 2 835096 orig 80 0 0 0 0 0 0 0 0 0 0 0 0 0 0 0 0 0 0 0 0 0 0 0 0 0 0 0 0 0 0 0 0 0 0 0 0 0 0 0 0 0 0 0 0 0 0 0 0 0 0 0 0 0 0 0 0 0 0 0 0 0 0 0 0 0 0 0 0 0 0 0 0 0 0 0 0 0 0 0 0 data 16 0x60005 0xcbc1d 0x0 0x0 0x0 0x0 0x0 0x0 0x0 0x0 0x0 0x0 0x0 0x9 0x1 0x0 oops 0 methods 0
ciMethodData java/lang/StringUTF16 charAt ([BI)C 2 5121 orig 80 0 0 0 0 0 0 0 0 0 0 0 0 116 2 0 0 0 0 0 0 0 0 0 0 0 0 0 0 0 0 0 0 0 0 0 0 0 0 0 0 0 0 0 0 0 0 0 0 0 0 0 0 0 0 0 0 0 0 0 0 0 0 0 0 0 0 0 0 0 0 0 0 0 0 0 0 0 0 0 0 data 14 0x20002 0x1401 0x70002 0x100 0x0 0x0 0x0 0x0 0x0 0x0 0x9 0x2 0x0 0x0 oops 0 methods 0
ciMethodData java/lang/StringUTF16 checkIndex (I[B)V 2 6200 orig 80 0 0 0 0 0 0 0 0 0 0 0 0 116 2 0 0 0 0 0 0 0 0 0 0 0 0 0 0 0 0 0 0 0 0 0 0 0 0 0 0 0 0 0 0 0 0 0 0 0 0 0 0 0 0 0 0 0 0 0 0 0 0 0 0 0 0 0 0 0 0 0 0 0 0 0 0 0 0 0 0 data 14 0x20002 0x1838 0x50002 0x1838 0x0 0x0 0x0 0x0 0x0 0x0 0x9 0x2 0x0 0x0 oops 0 methods 0
ciMethodData java/lang/StringUTF16 length ([B)I 2 6252 orig 80 0 0 0 0 0 0 0 0 0 0 0 0 116 2 0 0 0 0 0 0 0 0 0 0 0 0 0 0 0 0 0 0 0 0 0 0 0 0 0 0 0 0 0 0 0 0 0 0 0 0 0 0 0 0 0 0 0 0 0 0 0 0 0 0 0 0 0 0 0 0 0 0 0 0 0 0 0 0 0 0 data 6 0x0 0x0 0x0 0x9 0x1 0x0 oops 0 methods 0
ciMethodData java/lang/String checkIndex (II)V 2 6392 orig 80 0 0 0 0 0 0 0 0 0 0 0 0 116 2 0 0 0 0 0 0 0 0 0 0 0 0 0 0 0 0 0 0 0 0 0 0 0 0 0 0 0 0 0 0 0 0 0 0 0 0 0 0 0 0 0 0 0 0 0 0 0 0 0 0 0 0 0 0 0 0 0 0 0 0 0 0 0 0 0 0 data 57 0x10007 0x0 0x40 0x18f8 0x60007 0x18f8 0x158 0x0 0x110002 0x0 0x170005 0x0 0x0 0x0 0x0 0x0 0x0 0x1b0005 0x0 0x0 0x0 0x0 0x0 0x0 0x210005 0x0 0x0 0x0 0x0 0x0 0x0 0x250005 0x0 0x0 0x0 0x0 0x0 0x0 0x280005 0x0 0x0 0x0 0x0 0x0 0x0 0x2b0002 0x0 0x0 0x0 0x0 0x0 0x0 0x0 0x9 0x2 0x0 0x0 oops 0 methods 0
ciMethodData java/util/AbstractCollection <init> ()V 2 172349 orig 80 0 0 0 0 0 0 0 0 0 0 0 0 0 0 0 0 0 0 0 0 0 0 0 0 0 0 0 0 0 0 0 0 0 0 0 0 0 0 0 0 0 0 0 0 0 0 0 0 0 0 0 0 0 0 0 0 0 0 0 0 0 0 0 0 0 0 0 0 0 0 0 0 0 0 0 0 0 0 0 0 data 7 0x10002 0x29f3e 0x0 0x0 0x9 0x1 0x0 oops 0 methods 0
ciMethodData java/lang/String <init> ([BB)V 2 23507 orig 80 0 0 0 0 0 0 0 0 0 0 0 0 116 2 0 0 0 0 0 0 0 0 0 0 0 0 0 0 0 0 0 0 0 0 0 0 0 0 0 0 0 0 0 0 0 0 0 0 0 0 0 0 0 0 0 0 0 0 0 0 0 0 0 0 0 0 0 0 0 0 0 0 0 0 0 0 0 0 0 0 data 11 0x10002 0x5ad3 0x0 0x0 0x0 0x0 0x9 0x3 0xc 0x0 0x0 oops 0 methods 0
ciMethodData java/lang/StringBuilder append (Ljava/lang/String;)Ljava/lang/StringBuilder; 2 276109 orig 80 1 0 0 0 0 0 0 0 0 0 0 0 116 2 0 0 0 0 0 0 0 0 0 0 0 0 0 0 0 0 0 0 0 0 0 0 0 0 0 0 0 0 0 0 0 0 0 0 0 0 0 0 0 0 0 0 0 0 0 0 0 0 0 0 0 0 0 0 0 0 0 0 0 0 0 0 0 0 0 0 data 9 0x20002 0x4358e 0x0 0x0 0x0 0x9 0x2 0xffffffffffffffff 0xffffffffffffffff oops 0 methods 0
ciMethodData java/lang/StringBuilder <init> ()V 2 98215 orig 80 0 0 0 0 0 0 0 0 0 0 0 0 116 2 0 0 0 0 0 0 0 0 0 0 0 0 0 0 0 0 0 0 0 0 0 0 0 0 0 0 0 0 0 0 0 0 0 0 0 0 0 0 0 0 0 0 0 0 0 0 0 0 0 0 0 0 0 0 0 0 0 0 0 0 0 0 0 0 0 0 data 7 0x30002 0x17f26 0x0 0x0 0x9 0x1 0xc oops 0 methods 0
ciMethodData java/lang/StringBuilder toString ()Ljava/lang/String; 2 114866 orig 80 1 0 0 0 0 0 0 0 0 0 0 0 116 2 0 0 0 0 0 0 0 0 0 0 0 0 0 0 0 0 0 0 0 0 0 0 0 0 0 0 0 0 0 0 0 0 0 0 0 0 0 0 0 0 0 0 0 0 0 0 0 0 0 0 0 0 0 0 0 0 0 0 0 0 0 0 0 0 0 0 data 27 0x10005 0x1c025 0x0 0x0 0x0 0x0 0x0 0x40007 0x1 0x48 0x1c024 0x100002 0x1c024 0x130003 0x1c025 0x28 0x1f0002 0x1 0x0 0x0 0x0 0x0 0x0 0x0 0x9 0x1 0x0 oops 0 methods 0
ciMethodData java/lang/StringLatin1 newString ([BII)Ljava/lang/String; 2 6411 orig 80 0 0 0 0 0 0 0 0 0 0 0 0 116 2 0 0 0 0 0 0 0 0 0 0 0 0 0 0 0 0 0 0 0 0 0 0 0 0 0 0 0 0 0 0 0 0 0 0 0 0 0 0 0 0 0 0 0 0 0 0 0 0 0 0 0 0 0 0 0 0 0 0 0 0 0 0 0 0 0 0 data 19 0x10007 0x1829 0x20 0x4 0x100002 0x1829 0x140002 0x1829 0x0 0x0 0x0 0x0 0x0 0x0 0x9 0x3 0xffffffffffffffff 0x0 0x0 oops 0 methods 0
ciMethodData java/util/Arrays copyOfRange ([BII)[B 2 6451 orig 80 0 0 0 0 0 0 0 0 0 0 0 0 116 2 0 0 0 0 0 0 0 0 0 0 0 0 0 0 0 0 0 0 0 0 0 0 0 0 0 0 0 0 0 0 0 0 0 0 0 0 0 0 0 0 0 0 0 0 0 0 0 0 0 0 0 0 0 0 0 0 0 0 0 0 0 0 0 0 0 0 data 51 0x50007 0x1832 0x120 0x0 0x100002 0x0 0x140005 0x0 0x0 0x0 0x0 0x0 0x0 0x1a0005 0x0 0x0 0x0 0x0 0x0 0x0 0x1e0005 0x0 0x0 0x0 0x0 0x0 0x0 0x210005 0x0 0x0 0x0 0x0 0x0 0x0 0x240002 0x0 0x370002 0x1832 0x3a0002 0x1832 0x0 0x0 0x0 0x0 0x0 0x0 0x9 0x3 0xffffffffffffffff 0x0 0x0 oops 0 methods 0
ciMethodData jdk/internal/util/ArraysSupport newLength (III)I 2 1999 orig 80 0 0 0 0 0 0 0 0 0 0 0 0 116 2 0 0 0 0 0 0 0 0 0 0 0 0 0 0 0 0 0 0 0 0 0 0 0 0 0 0 0 0 0 0 0 0 0 0 0 0 0 0 0 0 0 0 0 0 0 0 0 0 0 0 0 0 0 0 0 0 0 0 0 0 0 0 0 0 0 0 data 23 0x30002 0x6f7 0xa0007 0x0 0x40 0x6f7 0x100007 0x0 0x20 0x6f7 0x170002 0x0 0x0 0x0 0x0 0x0 0x0 0x0 0x9 0x3 0x0 0x0 0x0 oops 0 methods 0
ciMethodData java/lang/String startsWith (Ljava/lang/String;I)Z 2 15553 orig 80 0 0 0 0 0 0 0 0 0 0 0 0 116 2 0 0 0 0 0 0 0 0 0 0 0 0 0 0 0 0 0 0 0 0 0 0 0 0 0 0 0 0 0 0 0 0 0 0 0 0 0 0 0 0 0 0 0 0 0 0 0 0 0 0 0 0 0 0 0 0 0 0 0 0 0 0 0 0 0 0 data 83 0x10007 0x11 0xb0 0x1408 0x60005 0x1408 0x0 0x0 0x0 0x0 0x0 0xa0005 0x1408 0x0 0x0 0x0 0x0 0x0 0xe0007 0x13fd 0x20 0xb 0x270005 0x13fd 0x0 0x0 0x0 0x0 0x0 0x2f0005 0x13fd 0x0 0x0 0x0 0x0 0x0 0x320007 0x0 0xb0 0x13fd 0x370007 0x0 0x38 0x13fd 0x3b0003 0x13fd 0x18 0x470007 0x342 0x40 0x473d 0x590007 0x3682 0xffffffffffffffe0 0x10bb 0x5e0003 0x342 0x88 0x630007 0x0 0x20 0x0 0x6c0007 0x0 0x50 0x0 0x740002 0x0 0x830007 0x0 0xffffffffffffffd0 0x0 0x0 0x0 0x0 0x0 0x0 0x0 0x9 0x3 0x0 0x0 0x0 oops 0 methods 0
ciMethod java/lang/UnsupportedOperationException <init> ()V 0 0 1 0 -1
ciMethodData java/lang/String startsWith (Ljava/lang/String;)Z 2 44609 orig 80 0 0 0 0 0 0 0 0 0 0 0 0 116 2 0 0 0 0 0 0 0 0 0 0 0 0 0 0 0 0 0 0 0 0 0 0 0 0 0 0 0 0 0 0 0 0 0 0 0 0 0 0 0 0 0 0 0 0 0 0 0 0 0 0 0 0 0 0 0 0 0 0 0 0 0 0 0 0 0 0 data 17 0x30005 0xad41 0x0 0x0 0x0 0x0 0x0 0x0 0x0 0x0 0x0 0x0 0x0 0x9 0x2 0x0 0x0 oops 0 methods 0
ciMethodData java/lang/String checkBoundsBeginEnd (III)V 2 5425 orig 80 0 0 0 0 0 0 0 0 0 0 0 0 116 2 0 0 0 0 0 0 0 0 0 0 0 0 0 0 0 0 0 0 0 0 0 0 0 0 0 0 0 0 0 0 0 0 0 0 0 0 0 0 0 0 0 0 0 0 0 0 0 0 0 0 0 0 0 0 0 0 0 0 0 0 0 0 0 0 0 0 data 76 0x10007 0x0 0x60 0x142f 0x60007 0x0 0x40 0x142f 0xb0007 0x142f 0x1c8 0x0 0x160002 0x0 0x1c0005 0x0 0x0 0x0 0x0 0x0 0x0 0x200005 0x0 0x0 0x0 0x0 0x0 0x0 0x260005 0x0 0x0 0x0 0x0 0x0 0x0 0x2a0005 0x0 0x0 0x0 0x0 0x0 0x0 0x300005 0x0 0x0 0x0 0x0 0x0 0x0 0x340005 0x0 0x0 0x0 0x0 0x0 0x0 0x370005 0x0 0x0 0x0 0x0 0x0 0x0 0x3a0002 0x0 0x0 0x0 0x0 0x0 0x0 0x0 0x9 0x3 0x0 0x0 0x0 oops 0 methods 0
ciMethodData java/lang/String substring (II)Ljava/lang/String; 2 5478 orig 80 0 0 0 0 0 0 0 0 0 0 0 0 116 2 0 0 0 0 0 0 0 0 0 0 0 0 0 0 0 0 0 0 0 0 0 0 0 0 0 0 0 0 0 0 0 0 0 0 0 0 0 0 0 0 0 0 0 0 0 0 0 0 0 0 0 0 0 0 0 0 0 0 0 0 0 0 0 0 0 0 data 46 0x10005 0x145f 0x0 0x0 0x0 0x0 0x0 0x80002 0x145f 0xc0007 0xf84 0x40 0x4db 0x110007 0x463 0x20 0x78 0x1c0005 0x13e7 0x0 0x0 0x0 0x0 0x0 0x1f0007 0x0 0x48 0x13e7 0x290002 0x13e7 0x2c0003 0x13e7 0x28 0x360002 0x0 0x0 0x0 0x0 0x0 0x0 0x0 0x9 0x3 0x0 0x0 0x0 oops 0 methods 0
ciMethodData java/util/ArrayList add (Ljava/lang/Object;)Z 2 105721 orig 80 1 0 0 0 0 0 0 0 0 0 0 0 116 2 0 0 0 0 0 0 0 0 0 0 0 0 0 0 0 0 0 0 0 0 0 0 0 0 0 0 0 0 0 0 0 0 0 0 0 0 0 0 0 0 0 0 0 0 0 0 0 0 0 0 0 0 0 0 0 0 0 0 0 0 0 0 0 0 0 0 data 17 0x140005 0x19caa 0x0 0x0 0x0 0x0 0x0 0x0 0x0 0x0 0x0 0x0 0x0 0x9 0x2 0xe 0x0 oops 0 methods 0
ciMethodData java/util/ArrayList add (Ljava/lang/Object;[Ljava/lang/Object;I)V 2 105721 orig 80 0 0 0 0 0 0 0 0 0 0 0 0 116 2 0 0 0 0 0 0 0 0 0 0 0 0 0 0 0 0 0 0 0 0 0 0 0 0 0 0 0 0 0 0 0 0 0 0 0 0 0 0 0 0 0 0 0 0 0 0 0 0 0 0 0 0 0 0 0 0 0 0 0 0 0 0 0 0 0 0 data 30 0x30007 0x150ef 0x58 0x4bbb 0x70005 0x4bbb 0x0 0x0 0x0 0x0 0x0 0xe0104 0x0 0x0 0x274a31eb000 0x199c 0x274a31eaf70 0x15c 0x0 0x0 0x0 0x0 0x0 0x0 0x9 0x4 0xc 0x0 0xffffffffffffffff 0x0 oops 2 14 java/lang/Class 16 java/lang/String methods 0
ciMethodData java/util/ArrayList grow ()[Ljava/lang/Object; 2 19397 orig 80 0 0 0 0 0 0 0 0 0 0 0 0 116 2 0 0 0 0 0 0 0 0 0 0 0 0 0 0 0 0 0 0 0 0 0 0 0 0 0 0 0 0 0 0 0 0 0 0 0 0 0 0 0 0 0 0 0 0 0 0 0 0 0 0 0 0 0 0 0 0 0 0 0 0 0 0 0 0 0 0 data 16 0x70005 0x4bbb 0x0 0x0 0x0 0x0 0x0 0x0 0x0 0x0 0x0 0x0 0x0 0x9 0x1 0xc oops 0 methods 0
ciMethodData java/util/ArrayList grow (I)[Ljava/lang/Object; 2 7186 orig 80 0 0 0 0 0 0 0 0 0 0 0 0 116 2 0 0 0 0 0 0 0 0 0 0 0 0 0 0 0 0 0 0 0 0 0 0 0 0 0 1 0 0 0 0 0 0 0 0 0 0 0 0 0 0 0 0 0 0 0 0 0 0 0 0 0 0 0 0 0 0 0 0 0 0 0 0 0 0 0 0 data 24 0x70007 0x209 0x40 0x19ff 0x8000000600110007 0x19ea 0x40 0x16 0x1b0002 0x21f 0x250002 0x21f 0x310002 0x19ea 0x0 0x0 0x0 0x0 0x0 0x0 0x9 0x2 0xc 0x0 oops 0 methods 0
ciMethodData java/util/Arrays copyOf ([Ljava/lang/Object;I)[Ljava/lang/Object; 2 12902 orig 80 0 0 0 0 0 0 0 0 0 0 0 0 116 2 0 0 0 0 0 0 0 0 0 0 0 0 0 0 0 0 0 0 0 0 0 0 0 0 0 0 0 0 0 0 0 0 0 0 0 0 0 0 0 0 0 0 0 0 0 0 0 0 0 0 0 0 0 0 0 0 0 0 0 0 0 0 0 0 0 0 data 19 0x30005 0x3228 0x0 0x0 0x0 0x0 0x0 0x60002 0x3228 0x0 0x0 0x0 0x0 0x0 0x0 0x9 0x2 0xffffffffffffffff 0x0 oops 0 methods 0
ciMethodData java/util/AbstractList <init> ()V 2 136123 orig 80 0 0 0 0 0 0 0 0 0 0 0 0 116 2 0 0 0 0 0 0 0 0 0 0 0 0 0 0 0 0 0 0 0 0 0 0 0 0 0 0 0 0 0 0 0 0 0 0 0 0 0 0 0 0 0 0 0 0 0 0 0 0 0 0 0 0 0 0 0 0 0 0 0 0 0 0 0 0 0 0 data 9 0x10002 0x212bb 0x0 0x0 0x0 0x0 0x9 0x1 0x6 oops 0 methods 0
ciMethodData java/util/ArrayList <init> ()V 2 74715 orig 80 0 0 0 0 0 0 0 0 0 0 0 0 0 0 0 0 0 0 0 0 0 0 0 0 0 0 0 0 0 0 0 0 0 0 0 0 0 0 0 0 0 0 0 0 0 0 0 0 0 0 0 0 0 0 0 0 0 0 0 0 0 0 0 0 0 0 0 0 0 0 0 0 0 0 0 0 0 0 0 0 data 9 0x10002 0x121dc 0x0 0x0 0x0 0x0 0x9 0x1 0x0 oops 0 methods 0
ciMethodData java/lang/StringBuilder append (Ljava/lang/Object;)Ljava/lang/StringBuilder; 2 6018 orig 80 0 0 0 0 0 0 0 0 0 0 0 0 116 2 0 0 0 0 0 0 0 0 0 0 0 0 0 0 0 0 0 0 0 0 0 0 0 0 0 0 0 0 0 0 0 0 0 0 0 0 0 0 0 0 0 0 0 0 0 0 0 0 0 0 0 0 0 0 0 0 0 0 0 0 0 0 0 0 0 0 data 19 0x20002 0x174b 0x50005 0x174b 0x0 0x0 0x0 0x0 0x0 0x0 0x0 0x0 0x0 0x0 0x0 0x9 0x2 0xffffffffffffffff 0xffffffffffffffff oops 0 methods 0
ciMethodData java/util/ArrayList isEmpty ()Z 2 26642 orig 80 0 0 0 0 0 0 0 0 0 0 0 0 116 2 0 0 0 0 0 0 0 0 0 0 0 0 0 0 0 0 0 0 0 0 0 0 0 0 0 0 0 0 0 0 0 0 0 0 0 0 0 0 0 0 0 0 0 0 0 0 0 0 0 0 0 0 0 0 0 0 0 0 0 0 0 0 0 0 0 0 data 13 0x40007 0x297c 0x38 0x3d15 0x80003 0x3d15 0x18 0x0 0x0 0x0 0x9 0x1 0x0 oops 0 methods 0
ciMethod com/intellij/util/containers/ContainerUtil map ([Ljava/lang/Object;Lcom/intellij/util/Function;)Ljava/util/List; 538 572 7842 0 -1
ciMethod com/intellij/util/containers/ContainerUtil emptyList ()Ljava/util/List; 512 0 3478 0 0
ciMethod com/intellij/util/containers/ContainerUtil $$$reportNull$$$0 (I)V 0 0 1 0 -1
ciMethod com/intellij/openapi/diagnostic/Logger isDebugEnabled ()Z 0 0 1 0 -1
ciMethod com/intellij/openapi/diagnostic/Logger debug (Ljava/lang/String;Ljava/lang/Throwable;)V 0 0 1 0 -1
ciMethod com/intellij/openapi/diagnostic/DefaultLogger isDebugEnabled ()Z 84 0 45 0 -1
ciMethod com/intellij/openapi/diagnostic/DefaultLogger debug (Ljava/lang/String;Ljava/lang/Throwable;)V 0 0 1 0 -1
ciMethod com/intellij/util/SmartList <init> ()V 512 0 4304 0 0
ciMethod com/intellij/util/SmartList add (Ljava/lang/Object;)Z 512 0 7026 0 2112
ciMethod com/intellij/util/SmartList resizeIfNecessary (I)[Ljava/lang/Object; 236 0 1946 0 -1
ciMethod com/intellij/util/SmartList size ()I 256 0 128 0 0
ciMethod com/intellij/util/SmartList asElement ()Ljava/lang/Object; 272 0 136 0 -1
ciMethod com/intellij/util/SmartList asArray ()[Ljava/lang/Object; 512 0 10054 0 -1
ciMethod com/intellij/util/SmartList toArray ([Ljava/lang/Object;)[Ljava/lang/Object; 512 0 1386 0 0
ciMethod com/intellij/util/SmartList $$$reportNull$$$0 (I)V 0 0 1 0 -1
ciMethod com/intellij/util/ArrayUtil getComponentType ([Ljava/lang/Object;)Ljava/lang/Class; 512 0 1895 0 -1
ciMethod com/intellij/util/ArrayUtil newArray (Ljava/lang/Class;I)[Ljava/lang/Object; 768 0 1989 0 -1
ciMethod com/intellij/openapi/util/text/StringUtil getShortName (Ljava/lang/String;)Ljava/lang/String; 48 0 24 0 -1
ciMethodData java/util/AbstractCollection isEmpty ()Z 2 13110 orig 80 0 0 0 0 0 0 0 0 0 0 0 0 116 2 0 0 0 0 0 0 0 0 0 0 0 0 0 0 0 0 0 0 0 0 0 0 0 0 0 0 0 0 0 0 0 0 0 0 0 0 0 0 0 0 0 0 0 0 0 0 0 0 0 0 0 0 0 0 0 0 0 0 0 0 0 0 0 0 0 0 data 23 0x10005 0x657 0x0 0x274f2b29460 0x62 0x274f2b29510 0xe1 0x40007 0x3112 0x38 0x124 0x80003 0x124 0x18 0x0 0x0 0x0 0x0 0x0 0x0 0x9 0x1 0x0 oops 2 3 java/util/LinkedList 5 java/util/Collections$SingletonList methods 0
ciMethodData java/util/ArrayList subList (II)Ljava/util/List; 2 1473 orig 80 0 0 0 0 0 0 0 0 0 0 0 0 116 2 0 0 0 0 0 0 0 0 0 0 0 0 0 0 0 0 0 0 0 0 0 0 0 0 0 0 0 0 0 0 0 0 0 0 0 0 0 0 0 0 0 0 0 0 0 0 0 0 0 0 0 0 0 0 0 0 0 0 0 0 0 0 0 0 0 0 data 15 0x60002 0x4c1 0x100002 0x4c1 0x0 0x0 0x0 0x0 0x0 0x0 0x9 0x3 0x0 0x0 0x0 oops 0 methods 0
ciMethodData java/util/RegularEnumSet contains (Ljava/lang/Object;)Z 2 8648 orig 80 0 0 0 0 0 0 0 0 0 0 0 0 116 2 0 0 0 0 0 0 0 0 0 0 0 0 0 0 0 0 0 0 0 0 0 0 0 0 0 0 0 0 0 0 0 0 0 0 0 0 0 0 0 0 0 0 0 0 0 0 0 0 0 0 0 0 0 0 0 0 0 0 0 0 0 0 0 0 0 0 data 57 0x10007 0x203f 0x20 0x9 0x70005 0x203f 0x0 0x0 0x0 0x0 0x0 0x100007 0x203f 0x78 0x0 0x140005 0x0 0x0 0x0 0x0 0x0 0x0 0x1b0007 0x0 0x20 0x0 0x260004 0x0 0x0 0x274a3ef2a60 0x2029 0x274a3ef2b10 0xa 0x290005 0x203f 0x0 0x0 0x0 0x0 0x0 0x300007 0x5 0x38 0x203a 0x340003 0x203a 0x18 0x0 0x0 0x0 0x0 0x0 0x0 0x9 0x2 0x0 0x0 oops 2 29 org/jetbrains/kotlin/cli/jvm/index/JavaRoot$RootType 31 java/util/stream/Collector$Characteristics methods 0
ciMethodData com/intellij/util/SmartList add (Ljava/lang/Object;)Z 2 7026 orig 80 0 0 0 0 0 0 0 0 0 0 0 0 116 2 0 0 0 0 0 0 0 0 0 0 0 0 0 0 0 0 0 0 0 0 0 0 0 0 0 0 0 0 0 0 0 0 0 0 0 0 0 0 0 0 0 0 0 0 0 0 0 0 0 0 0 0 0 0 0 0 0 0 0 0 0 0 0 0 0 0 data 47 0x60008 0x6 0x724 0xe0 0xcb8 0x40 0x696 0x58 0x250003 0xcb8 0xe8 0x330104 0x0 0x0 0x274a3ef02e0 0x21 0x274a3ef0390 0x1a 0x370004 0x0 0x0 0x274a3ef02e0 0x21 0x274a3ef0440 0x23 0x3b0003 0x696 0x60 0x400002 0x724 0x470004 0x0 0x0 0x274a3ef02e0 0x4a 0x274a3ef0440 0x9 0x0 0x0 0x0 0x0 0x0 0x0 0x9 0x2 0xe 0x0 oops 6 14 org/jetbrains/kotlin/resolve/QualifiedExpressionResolver$ExpressionQualifierPart 16 org/jetbrains/kotlin/psi/KtClass 21 org/jetbrains/kotlin/resolve/QualifiedExpressionResolver$ExpressionQualifierPart 23 org/jetbrains/kotlin/psi/KtNamedFunction 33 org/jetbrains/kotlin/resolve/QualifiedExpressionResolver$ExpressionQualifierPart 35 org/jetbrains/kotlin/psi/KtNamedFunction methods 0
ciMethod com/intellij/util/containers/ContainerUtilRt emptyList ()Ljava/util/List; 512 0 3480 0 0
ciMethod com/intellij/util/containers/ContainerUtilRt $$$reportNull$$$0 (I)V 0 0 1 0 -1
ciMethod com/intellij/util/containers/ContainerUtilRt$EmptyList isEmpty ()Z 4 0 2 0 -1
ciMethod com/intellij/util/containers/ContainerUtilRt$EmptyList access$000 ()Lcom/intellij/util/containers/ContainerUtilRt$EmptyList; 512 0 3480 0 0
ciMethod com/intellij/psi/impl/compiled/StubBuildingVisitor newReferenceList (Lcom/intellij/psi/impl/java/stubs/JavaClassReferenceListElementType;Lcom/intellij/psi/stubs/StubElement;Ljava/util/List;)V 512 0 12865 0 -1
ciMethod com/intellij/psi/impl/compiled/StubBuildingVisitor packCommonFlags (I)I 512 0 10336 0 -1
ciMethod com/intellij/psi/impl/compiled/StubBuildingVisitor packMethodFlags (IZ)I 544 0 13649 0 -1
ciMethod com/intellij/psi/impl/compiled/StubBuildingVisitor visitMethod (ILjava/lang/String;Ljava/lang/String;Ljava/lang/String;[Ljava/lang/String;)Lorg/jetbrains/org/objectweb/asm/MethodVisitor; 10806 10492 23057 0 -1
ciMethod com/intellij/psi/impl/compiled/StubBuildingVisitor isInner ()Z 4152 0 4196 0 -1
ciMethod com/intellij/psi/impl/compiled/StubBuildingVisitor isGroovyClosure (Ljava/lang/String;)Z 0 0 630 0 -1
ciMethod com/intellij/psi/impl/compiled/StubBuildingVisitor parseMethodSignature (Ljava/lang/String;[Ljava/lang/String;)Lcom/intellij/psi/impl/compiled/StubBuildingVisitor$MethodInfo; 66 64 2921 0 0
ciMethod com/intellij/psi/impl/compiled/StubBuildingVisitor parseMethodDescription (Ljava/lang/String;[Ljava/lang/String;)Lcom/intellij/psi/impl/compiled/StubBuildingVisitor$MethodInfo; 512 0 13300 0 -1
ciMethod com/intellij/psi/impl/compiled/StubBuildingVisitor toTypeInfo (Lorg/jetbrains/org/objectweb/asm/Type;Lcom/intellij/psi/impl/compiled/FirstPassData;)Lcom/intellij/psi/impl/cache/TypeInfo; 512 2 13033 0 -1
ciMethod com/intellij/psi/impl/compiled/StubBuildingVisitor $$$reportNull$$$0 (I)V 0 0 1 0 -1
ciMethod com/intellij/psi/impl/compiled/SignatureParsing parseClassOrTypeVariableElementToTypeInfo (Lcom/intellij/psi/impl/compiled/SignatureParsing$CharIterator;Lcom/intellij/psi/impl/compiled/SignatureParsing$TypeInfoProvider;)Lcom/intellij/psi/impl/cache/TypeInfo; 118 0 814 0 -1
ciMethod com/intellij/psi/impl/java/stubs/PsiModifierListStub getModifiersMask ()I 0 0 1 0 -1
ciMethod com/intellij/psi/impl/compiled/SignatureParsing parseTypeWithoutVarianceToTypeInfo (Lcom/intellij/psi/impl/compiled/SignatureParsing$CharIterator;Lcom/intellij/psi/impl/compiled/SignatureParsing$TypeInfoProvider;)Lcom/intellij/psi/impl/cache/TypeInfo; 792 0 15954 0 0
ciMethod com/intellij/psi/impl/java/stubs/PsiClassStub isInterface ()Z 0 0 1 0 -1
ciMethod com/intellij/psi/impl/java/stubs/PsiClassStub isEnum ()Z 0 0 1 0 -1
ciMethod com/intellij/psi/impl/java/stubs/PsiClassStub isAnnotationType ()Z 0 0 1 0 -1
ciMethod com/intellij/psi/impl/java/stubs/PsiClassStub findChildStubByType (Lcom/intellij/psi/stubs/IStubElementType;)Lcom/intellij/psi/stubs/StubElement; 0 0 1 0 -1
ciMethod com/intellij/psi/impl/java/stubs/PsiClassStub getName ()Ljava/lang/String; 0 0 1 0 -1
ciMethod com/intellij/psi/impl/cache/TypeInfo <init> (Lcom/intellij/psi/impl/cache/TypeInfo$TypeKind;)V 524 0 16869 0 0
ciMethod com/intellij/psi/impl/cache/TypeInfo text (Z)Ljava/lang/String; 512 0 783 0 -1
ciMethod com/intellij/psi/impl/cache/TypeInfo text ()Ljava/lang/String; 338 0 9381 0 0
ciMethod com/intellij/psi/impl/cache/TypeInfo getKind ()Lcom/intellij/psi/impl/cache/TypeInfo$TypeKind; 8 0 4730 0 -1
ciMethod com/intellij/psi/impl/cache/TypeInfo withEllipsis ()Lcom/intellij/psi/impl/cache/TypeInfo; 0 0 1 0 -1
ciMethod com/intellij/psi/impl/cache/TypeInfo arrayOf ()Lcom/intellij/psi/impl/cache/TypeInfo$DerivedTypeInfo; 2 0 462 0 0
ciMethod com/intellij/psi/impl/cache/TypeInfo <init> (Lcom/intellij/psi/impl/cache/TypeInfo$TypeKind;Lcom/intellij/psi/impl/cache/TypeInfo$1;)V 518 0 16869 0 320
ciMethod com/intellij/psi/impl/cache/TypeInfo access$100 ()Ljava/util/Map; 472 0 4252 0 -1
ciMethod com/intellij/psi/impl/cache/TypeInfo $$$reportNull$$$0 (I)V 0 0 1 0 -1
ciMethod com/intellij/psi/impl/cache/TypeInfo$SimpleTypeInfo <init> (Lcom/intellij/psi/impl/cache/TypeInfo$TypeKind;)V 542 0 10838 0 448
ciMethod com/intellij/psi/impl/cache/TypeInfo$SimpleTypeInfo $$$reportNull$$$0 (I)V 0 0 1 0 -1
ciMethod com/intellij/psi/impl/java/stubs/PsiClassReferenceListStub getReferencedNames ()[Ljava/lang/String; 0 0 1 0 -1
ciMethod com/intellij/psi/impl/compiled/SignatureParsing parseTypeParameter (Lcom/intellij/psi/impl/compiled/SignatureParsing$CharIterator;Lcom/intellij/psi/impl/compiled/SignatureParsing$TypeInfoProvider;)Lcom/intellij/psi/impl/compiled/SignatureParsing$TypeParameterDeclaration; 20 42 513 0 0
ciMethod com/intellij/psi/stubs/StubBase <init> (Lcom/intellij/psi/stubs/StubElement;Lcom/intellij/psi/stubs/IStubElementType;)V 910 0 6191 0 -1
ciMethod com/intellij/psi/impl/compiled/SignatureParsing$TypeInfoProvider toTypeInfo (Ljava/lang/String;)Lcom/intellij/psi/impl/cache/TypeInfo$RefTypeInfo; 0 0 1 0 -1
ciMethod com/intellij/psi/impl/cache/TypeInfo$RefTypeInfo <init> (Ljava/lang/String;)V 512 0 12804 0 0
ciMethod com/intellij/psi/impl/cache/TypeInfo$RefTypeInfo <init> (Ljava/lang/String;Lcom/intellij/psi/impl/cache/TypeInfo$RefTypeInfo;[Lcom/intellij/psi/impl/cache/TypeInfo;)V 512 0 5406 0 2624
ciMethod com/intellij/psi/impl/cache/TypeInfo$RefTypeInfo text (Z)Ljava/lang/String; 512 36 8618 0 35008
ciMethod com/intellij/psi/impl/cache/TypeInfo$RefTypeInfo withComponents (Ljava/util/List;)Lcom/intellij/psi/impl/cache/TypeInfo$RefTypeInfo; 112 0 641 0 -1
ciMethod com/intellij/psi/impl/cache/TypeInfo$RefTypeInfo withOuter (Lcom/intellij/psi/impl/cache/TypeInfo$RefTypeInfo;)Lcom/intellij/psi/impl/cache/TypeInfo$RefTypeInfo; 0 0 1 0 -1
ciMethod com/intellij/psi/impl/cache/TypeInfo$RefTypeInfo $$$reportNull$$$0 (I)V 0 0 1 0 -1
ciMethod com/intellij/psi/impl/cache/TypeInfo$DerivedTypeInfo <init> (Lcom/intellij/psi/impl/cache/TypeInfo$TypeKind;Lcom/intellij/psi/impl/cache/TypeInfo;)V 2 0 630 0 -1
ciMethod com/intellij/psi/impl/cache/TypeInfo$DerivedTypeInfo withEllipsis ()Lcom/intellij/psi/impl/cache/TypeInfo; 232 0 114 0 -1
ciMethod com/intellij/psi/impl/compiled/StubBuildingVisitor$MethodAnnotationCollectingVisitor <init> (Lcom/intellij/psi/impl/java/stubs/PsiMethodStub;Lcom/intellij/psi/impl/compiled/StubBuildingVisitor$MethodInfo;Lcom/intellij/psi/impl/java/stubs/PsiModifierListStub;[Lcom/intellij/psi/impl/java/stubs/impl/PsiParameterStubImpl;IILcom/intellij/psi/impl/compiled/FirstPassData;)V 996 0 9964 0 -1
ciMethod com/intellij/psi/impl/compiled/StubBuildingVisitor$MethodAnnotationCollectingVisitor <init> (Lcom/intellij/psi/impl/java/stubs/PsiMethodStub;Lcom/intellij/psi/impl/compiled/StubBuildingVisitor$MethodInfo;Lcom/intellij/psi/impl/java/stubs/PsiModifierListStub;[Lcom/intellij/psi/impl/java/stubs/impl/PsiParameterStubImpl;IILcom/intellij/psi/impl/compiled/FirstPassData;Lcom/intellij/psi/impl/compiled/StubBuildingVisitor$1;)V 674 0 13673 0 -1
ciMethod com/intellij/psi/impl/compiled/FirstPassData isSyntheticRecordMethod (Ljava/lang/String;Ljava/lang/String;)Z 512 0 13849 0 320
ciMethod com/intellij/psi/impl/compiled/FirstPassData createTypes ([Ljava/lang/String;)Ljava/util/List; 512 0 17724 0 0
ciMethod com/intellij/psi/impl/compiled/FirstPassData toTypeInfo (Ljava/lang/String;)Lcom/intellij/psi/impl/cache/TypeInfo$RefTypeInfo; 458 0 13791 0 21312
ciMethod com/intellij/psi/impl/compiled/FirstPassData toTypeInfo (Ljava/lang/String;Z)Lcom/intellij/psi/impl/cache/TypeInfo$RefTypeInfo; 504 0 14926 0 -1
ciMethod com/intellij/psi/impl/compiled/FirstPassData $$$reportNull$$$0 (I)V 0 0 1 0 -1
ciMethod com/intellij/util/BitUtil isSet (II)Z 830 0 394026 0 96
ciMethod com/intellij/util/BitUtil assertOneBitMask (I)V 830 0 280620 0 64
ciMethod com/intellij/psi/impl/compiled/SignatureParsing parseParameterizedClassRefSignatureToTypeInfo (Lcom/intellij/psi/impl/compiled/SignatureParsing$CharIterator;Lcom/intellij/psi/impl/compiled/SignatureParsing$TypeInfoProvider;)Lcom/intellij/psi/impl/cache/TypeInfo; 260 6284 1558 0 -1
ciMethod com/intellij/psi/impl/cache/TypeInfo$TypeKind isReference ()Z 512 0 23674 0 0
ciMethod com/intellij/psi/impl/cache/TypeInfo$TypeKind isDerived ()Z 550 0 10838 0 0
ciMethod com/intellij/psi/impl/java/stubs/impl/PsiClassStubImpl getName ()Ljava/lang/String; 256 0 128 0 0
ciMethod com/intellij/psi/impl/java/stubs/impl/PsiClassStubImpl isInterface ()Z 514 0 28762 0 -1
ciMethod com/intellij/psi/impl/java/stubs/impl/PsiClassStubImpl isEnum ()Z 544 0 27368 0 96
ciMethod com/intellij/psi/impl/java/stubs/impl/PsiClassStubImpl isAnnotationType ()Z 512 0 23551 0 0
ciMethod com/intellij/psi/impl/java/stubs/impl/PsiModifierListStubImpl <init> (Lcom/intellij/psi/stubs/StubElement;I)V 512 0 58470 0 -1
ciMethod com/intellij/psi/impl/compiled/SignatureParsing$TypeParametersDeclaration <init> (Ljava/util/List;)V 22 0 379 0 -1
ciMethod com/intellij/psi/impl/compiled/SignatureParsing$TypeParametersDeclaration <init> (Ljava/util/List;Lcom/intellij/psi/impl/compiled/SignatureParsing$1;)V 20 0 378 0 -1
ciMethod com/intellij/psi/impl/java/stubs/impl/PsiTypeParameterListStubImpl <init> (Lcom/intellij/psi/stubs/StubElement;)V 512 0 24539 0 -1
ciMethod com/intellij/psi/impl/java/stubs/impl/PsiClassReferenceListStubImpl <init> (Lcom/intellij/psi/impl/java/stubs/JavaClassReferenceListElementType;Lcom/intellij/psi/stubs/StubElement;[Lcom/intellij/psi/impl/cache/TypeInfo;)V 512 64 13194 0 -1
ciMethod com/intellij/psi/impl/java/stubs/impl/PsiMethodStubImpl <init> (Lcom/intellij/psi/stubs/StubElement;Ljava/lang/String;Lcom/intellij/psi/impl/cache/TypeInfo;BLjava/lang/String;)V 512 0 13649 0 -1
ciMethod com/intellij/psi/impl/java/stubs/impl/PsiMethodStubImpl isAnnotationMethod (B)Z 512 0 13649 0 -1
ciMethod com/intellij/psi/impl/java/stubs/impl/PsiMethodStubImpl packFlags (ZZZZZZ)B 512 0 20173 0 0
ciMethod com/intellij/psi/impl/java/stubs/impl/PsiMethodStubImpl $$$reportNull$$$0 (I)V 0 0 1 0 -1
ciMethod com/intellij/psi/impl/compiled/StubBuildingVisitor$MethodInfo <init> ()V 510 0 16508 0 0
ciMethod com/intellij/psi/impl/compiled/StubBuildingVisitor$MethodInfo access$600 (Lcom/intellij/psi/impl/compiled/StubBuildingVisitor$MethodInfo;)Lcom/intellij/psi/impl/cache/TypeInfo; 256 0 128 0 -1
ciMethod com/intellij/psi/impl/compiled/StubBuildingVisitor$MethodInfo access$700 (Lcom/intellij/psi/impl/compiled/StubBuildingVisitor$MethodInfo;)Ljava/util/List; 256 0 128 0 0
ciMethod com/intellij/psi/impl/compiled/StubBuildingVisitor$MethodInfo access$800 (Lcom/intellij/psi/impl/compiled/StubBuildingVisitor$MethodInfo;)Ljava/util/List; 256 0 128 0 0
ciMethod com/intellij/psi/impl/compiled/StubBuildingVisitor$MethodInfo <init> (Lcom/intellij/psi/impl/compiled/StubBuildingVisitor$1;)V 512 0 16508 0 0
ciMethod com/intellij/psi/impl/compiled/StubBuildingVisitor$MethodInfo access$1102 (Lcom/intellij/psi/impl/compiled/StubBuildingVisitor$MethodInfo;Lcom/intellij/psi/impl/compiled/SignatureParsing$TypeParametersDeclaration;)Lcom/intellij/psi/impl/compiled/SignatureParsing$TypeParametersDeclaration; 512 0 16222 0 0
ciMethod com/intellij/psi/impl/compiled/StubBuildingVisitor$MethodInfo access$702 (Lcom/intellij/psi/impl/compiled/StubBuildingVisitor$MethodInfo;Ljava/util/List;)Ljava/util/List; 512 0 16222 0 0
ciMethod com/intellij/psi/impl/compiled/StubBuildingVisitor$MethodInfo access$602 (Lcom/intellij/psi/impl/compiled/StubBuildingVisitor$MethodInfo;Lcom/intellij/psi/impl/cache/TypeInfo;)Lcom/intellij/psi/impl/cache/TypeInfo; 512 0 16508 0 0
ciMethod com/intellij/psi/impl/compiled/StubBuildingVisitor$MethodInfo access$802 (Lcom/intellij/psi/impl/compiled/StubBuildingVisitor$MethodInfo;Ljava/util/List;)Ljava/util/List; 512 0 16510 0 320
ciMethod org/jetbrains/org/objectweb/asm/Type getArgumentTypes (Ljava/lang/String;)[Lorg/jetbrains/org/objectweb/asm/Type; 510 1060 5513 0 -1
ciMethod org/jetbrains/org/objectweb/asm/Type getReturnType (Ljava/lang/String;)Lorg/jetbrains/org/objectweb/asm/Type; 510 0 13300 0 -1
ciMethod com/intellij/psi/impl/java/stubs/impl/PsiParameterListStubImpl <init> (Lcom/intellij/psi/stubs/StubElement;)V 15366 0 25717 0 -1
ciMethod com/intellij/psi/impl/java/stubs/impl/PsiParameterStubImpl packFlags (ZZ)B 510 0 16673 0 -1
ciMethod com/intellij/psi/impl/java/stubs/impl/PsiParameterStubImpl <init> (Lcom/intellij/psi/stubs/StubElement;Ljava/lang/String;Lcom/intellij/psi/impl/cache/TypeInfo;ZZ)V 512 0 16673 0 -1
ciMethod com/intellij/psi/impl/java/stubs/impl/PsiParameterStubImpl <init> (Lcom/intellij/psi/stubs/StubElement;Ljava/lang/String;Lcom/intellij/psi/impl/cache/TypeInfo;B)V 510 0 16673 0 -1
ciMethod com/intellij/psi/impl/java/stubs/impl/PsiParameterStubImpl $$$reportNull$$$0 (I)V 0 0 1 0 -1
ciMethod com/intellij/psi/impl/compiled/SignatureParsing$CharIterator <init> (Ljava/lang/String;)V 324 0 4128 0 0
ciMethod com/intellij/psi/impl/compiled/SignatureParsing$CharIterator current ()C 578 0 104901 0 256
ciMethod com/intellij/psi/impl/compiled/SignatureParsing$CharIterator next ()V 598 0 49047 0 128
ciMethod com/intellij/psi/impl/compiled/SignatureParsing$CharIterator pos ()I 278 0 139 0 0
ciMethod com/intellij/psi/impl/compiled/SignatureParsing$CharIterator substring (I)Ljava/lang/String; 328 0 3372 0 0
ciMethod com/intellij/psi/impl/compiled/SignatureParsing parseTypeParametersDeclaration (Lcom/intellij/psi/impl/compiled/SignatureParsing$CharIterator;Lcom/intellij/psi/impl/compiled/SignatureParsing$TypeInfoProvider;)Lcom/intellij/psi/impl/compiled/SignatureParsing$TypeParametersDeclaration; 512 20 3539 0 0
ciMethod com/intellij/psi/impl/compiled/SignatureParsing parseTopLevelClassRefSignatureToTypeInfo (Lcom/intellij/psi/impl/compiled/SignatureParsing$CharIterator;Lcom/intellij/psi/impl/compiled/SignatureParsing$TypeInfoProvider;)Lcom/intellij/psi/impl/cache/TypeInfo; 512 0 1582 0 0
ciMethod com/intellij/psi/impl/compiled/SignatureParsing parseTypeVariableRefSignature (Lcom/intellij/psi/impl/compiled/SignatureParsing$CharIterator;)Ljava/lang/String; 48 48 1301 0 0
ciMethod com/intellij/psi/impl/compiled/SignatureParsing parseDimensions (Lcom/intellij/psi/impl/compiled/SignatureParsing$CharIterator;)I 526 2 10566 0 0
ciMethod com/intellij/psi/impl/compiled/SignatureParsing parseTypeStringToTypeInfo (Lcom/intellij/psi/impl/compiled/SignatureParsing$CharIterator;Lcom/intellij/psi/impl/compiled/SignatureParsing$TypeInfoProvider;)Lcom/intellij/psi/impl/cache/TypeInfo; 492 6 9758 0 0
ciMethod com/intellij/psi/impl/compiled/SignatureParsing $$$reportNull$$$0 (I)V 0 0 1 0 -1
ciMethodData com/intellij/util/SmartList <init> ()V 2 4311 orig 80 0 0 0 0 0 0 0 0 0 0 0 0 116 2 0 0 0 0 0 0 0 0 0 0 0 0 0 0 0 0 0 0 0 0 0 0 0 0 0 0 0 0 0 0 0 0 0 0 0 0 0 0 0 0 0 0 0 0 0 0 0 0 0 0 0 0 0 0 0 0 0 0 0 0 0 0 0 0 0 0 data 7 0x10002 0xfd7 0x0 0x0 0x9 0x1 0x0 oops 0 methods 0
ciMethodData com/intellij/util/BitUtil isSet (II)Z 2 394034 orig 80 0 0 0 0 0 0 0 0 0 0 0 0 116 2 0 0 0 0 0 0 0 0 0 0 0 0 0 0 0 0 0 0 0 0 0 0 0 0 0 0 0 0 0 0 0 0 0 0 0 0 0 0 0 0 0 0 0 0 0 0 0 0 0 0 0 0 0 0 0 0 0 0 0 0 0 0 0 0 0 0 data 19 0x10002 0x60193 0x80007 0x57f3c 0x38 0x8257 0xc0003 0x8257 0x18 0x0 0x0 0x0 0x0 0x0 0x0 0x9 0x2 0x0 0x0 oops 0 methods 0
ciMethodData com/intellij/util/BitUtil assertOneBitMask (I)V 2 280620 orig 80 0 0 0 0 0 0 0 0 0 0 0 0 116 2 0 0 0 0 0 0 0 0 0 0 0 0 0 0 0 0 0 0 0 0 0 0 0 0 0 0 0 0 0 0 0 0 0 0 0 0 0 0 0 0 0 0 0 0 0 0 0 0 0 0 0 0 0 0 0 0 0 0 0 0 0 0 0 0 0 0 data 21 0x30007 0x4468d 0x60 0x0 0xb0007 0x0 0x40 0x0 0x140002 0x0 0x170002 0x0 0x0 0x0 0x0 0x0 0x0 0x0 0x9 0x1 0x0 oops 0 methods 0
ciMethod com/intellij/psi/impl/compiled/SignatureParsing$TypeParameterDeclaration <init> (Ljava/lang/String;[Lcom/intellij/psi/impl/cache/TypeInfo;)V 510 0 579 0 -1
ciMethod com/intellij/psi/impl/compiled/SignatureParsing$TypeParameterDeclaration <init> (Ljava/lang/String;[Lcom/intellij/psi/impl/cache/TypeInfo;Lcom/intellij/psi/impl/compiled/SignatureParsing$1;)V 512 0 579 0 -1
ciMethodData com/intellij/psi/impl/compiled/SignatureParsing$CharIterator current ()C 2 104901 orig 80 0 0 0 0 0 0 0 0 0 0 0 0 116 2 0 0 0 0 0 0 0 0 0 0 0 0 0 0 0 0 0 0 0 0 0 0 0 0 0 0 0 0 0 0 0 0 0 0 0 0 0 0 0 0 0 0 0 0 0 0 0 0 0 0 0 0 0 0 0 0 0 0 0 0 0 0 0 0 0 0 data 20 0x80007 0x18e10 0x20 0xa94 0x160005 0x18e10 0x0 0x0 0x0 0x0 0x0 0x0 0x0 0x0 0x0 0x0 0x0 0x9 0x1 0x0 oops 0 methods 0
ciMethodData com/intellij/psi/impl/compiled/SignatureParsing$CharIterator next ()V 2 49057 orig 80 0 0 0 0 0 0 0 0 0 0 0 0 116 2 0 0 0 0 0 0 0 0 0 0 0 0 0 0 0 0 0 0 0 0 0 0 0 0 0 0 0 0 0 0 0 0 0 0 0 0 0 0 0 0 0 0 0 0 0 0 0 0 0 0 0 0 0 0 0 0 0 0 0 0 0 0 0 0 0 0 data 11 0x80007 0x0 0x20 0xbe76 0x0 0x0 0x0 0x0 0x9 0x1 0x4 oops 0 methods 0
ciMethodData com/intellij/psi/impl/cache/TypeInfo <init> (Lcom/intellij/psi/impl/cache/TypeInfo$TypeKind;Lcom/intellij/psi/impl/cache/TypeInfo$1;)V 2 16869 orig 80 0 0 0 0 0 0 0 0 0 0 0 0 116 2 0 0 0 0 0 0 0 0 0 0 0 0 0 0 0 0 0 0 0 0 0 0 0 0 0 0 0 0 0 0 0 0 0 0 0 0 0 0 0 0 0 0 0 0 0 0 0 0 0 0 0 0 0 0 0 0 0 0 0 0 0 0 0 0 0 0 data 9 0x20002 0x40e2 0x0 0x0 0x9 0x3 0x6 0x0 0x0 oops 0 methods 0
ciMethodData com/intellij/psi/impl/cache/TypeInfo <init> (Lcom/intellij/psi/impl/cache/TypeInfo$TypeKind;)V 2 16869 orig 80 0 0 0 0 0 0 0 0 0 0 0 0 116 2 0 0 0 0 0 0 0 0 0 0 0 0 0 0 0 0 0 0 0 0 0 0 0 0 0 0 0 0 0 0 0 0 0 0 0 0 0 0 0 0 0 0 0 0 0 0 0 0 0 0 0 0 0 0 0 0 0 0 0 0 0 0 0 0 0 0 data 18 0x10007 0x40df 0x30 0x0 0x50002 0x0 0x90002 0x40df 0x0 0x0 0x0 0x0 0x0 0x0 0x9 0x2 0x6 0x0 oops 0 methods 0
ciMethodData com/intellij/psi/impl/java/stubs/impl/PsiClassStubImpl isEnum ()Z 2 27368 orig 80 0 0 0 0 0 0 0 0 0 0 0 0 116 2 0 0 0 0 0 0 0 0 0 0 0 0 0 0 0 0 0 0 0 0 0 0 0 0 0 0 0 0 0 0 0 0 0 0 0 0 0 0 0 0 0 0 0 0 0 0 0 0 0 0 0 0 0 0 0 0 0 0 0 0 0 0 0 0 0 0 data 11 0x50002 0x69d8 0x0 0x0 0x0 0x0 0x0 0x0 0x9 0x1 0x0 oops 0 methods 0
ciMethodData com/intellij/psi/impl/java/stubs/impl/PsiModifierListStubImpl <init> (Lcom/intellij/psi/stubs/StubElement;I)V 2 58553 orig 80 0 0 0 0 0 0 0 0 0 0 0 0 116 2 0 0 0 0 0 0 0 0 0 0 0 0 0 0 0 0 0 0 0 0 0 0 0 0 0 0 0 0 0 0 0 0 0 0 0 0 0 0 0 0 0 0 0 0 0 0 0 0 0 0 0 0 0 0 0 0 0 0 0 0 0 0 0 0 0 0 data 11 0x50002 0xe3b9 0x0 0x0 0x0 0x0 0x9 0x3 0xffffffffffffffff 0xffffffffffffffff 0x0 oops 0 methods 0
ciMethodData com/intellij/psi/impl/cache/TypeInfo$RefTypeInfo <init> (Ljava/lang/String;Lcom/intellij/psi/impl/cache/TypeInfo$RefTypeInfo;[Lcom/intellij/psi/impl/cache/TypeInfo;)V 2 5406 orig 80 0 0 0 0 0 0 0 0 0 0 0 0 116 2 0 0 0 0 0 0 0 0 0 0 0 0 0 0 0 0 0 0 0 0 0 0 0 0 0 0 0 0 0 0 0 0 0 0 0 0 0 0 0 0 0 0 0 0 0 0 0 0 0 0 0 0 0 0 0 0 0 0 0 0 0 0 0 0 0 0 data 77 0x10007 0x141e 0x30 0x0 0x50002 0x0 0x90007 0x141e 0x30 0x0 0xd0002 0x0 0x120007 0x107f 0xe0 0x39f 0x170007 0x2 0xa8 0x39d 0x1b0005 0x39d 0x0 0x0 0x0 0x0 0x0 0x210007 0x243 0x38 0x15a 0x270003 0x15a 0x100 0x2d0003 0x243 0xe8 0x330003 0x2 0xd0 0x380007 0xd0 0xb8 0xfaf 0x3b0002 0xfaf 0x420005 0x0 0x0 0x274a3ef0cc0 0xfaf 0x0 0x0 0x470004 0x0 0x0 0x274f3e13fb0 0xfaf 0x0 0x0 0x4a0003 0xfaf 0x18 0x510002 0x141e 0x0 0x0 0x0 0x0 0x0 0x0 0x9 0x4 0x1e 0x0 0x0 0x0 oops 2 49 java/util/Collections$UnmodifiableMap 56 com/intellij/psi/impl/cache/TypeInfo$TypeKind methods 0
ciMethodData com/intellij/psi/impl/cache/TypeInfo getKind ()Lcom/intellij/psi/impl/cache/TypeInfo$TypeKind; 2 4730 orig 80 0 0 0 0 0 0 0 0 0 0 0 0 116 2 0 0 0 0 0 0 0 0 0 0 0 0 0 0 0 0 0 0 0 0 0 0 0 0 0 0 0 0 0 0 0 0 0 0 0 0 0 0 0 0 0 0 0 0 0 0 0 0 0 0 0 0 0 0 0 0 0 0 0 0 0 0 0 0 0 0 data 15 0x50007 0x1276 0x30 0x0 0x90002 0x0 0x0 0x0 0x0 0x0 0x0 0x0 0x9 0x1 0x0 oops 0 methods 0
ciMethodData com/intellij/psi/impl/cache/TypeInfo$RefTypeInfo <init> (Ljava/lang/String;)V 2 12804 orig 80 0 0 0 0 0 0 0 0 0 0 0 0 116 2 0 0 0 0 0 0 0 0 0 0 0 0 0 0 0 0 0 0 0 0 0 0 0 0 0 0 0 0 0 0 0 0 0 0 0 0 0 0 0 0 0 0 0 0 0 0 0 0 0 0 0 0 0 0 0 0 0 0 0 0 0 0 0 0 0 0 data 18 0x10007 0x3104 0x30 0x0 0x50002 0x0 0xe0002 0x3104 0x0 0x0 0x0 0x0 0x0 0x0 0x9 0x2 0x1e 0x0 oops 0 methods 0
ciMethodData com/intellij/psi/impl/compiled/FirstPassData toTypeInfo (Ljava/lang/String;)Lcom/intellij/psi/impl/cache/TypeInfo$RefTypeInfo; 2 13857 orig 80 0 0 0 0 0 0 0 0 0 0 0 0 116 2 0 0 0 0 0 0 0 0 0 0 0 0 0 0 0 0 0 0 0 0 0 0 0 0 0 0 0 0 0 0 0 0 0 0 0 0 0 0 0 0 0 0 0 0 0 0 0 0 0 0 0 0 0 0 0 0 0 0 0 0 0 0 0 0 0 0 data 29 0x10007 0x353c 0x30 0x0 0x60002 0x0 0xc0005 0x0 0x0 0x274f18bb3b0 0x353c 0x0 0x0 0x100007 0x353c 0x30 0x0 0x150002 0x0 0x0 0x0 0x0 0x0 0x0 0x0 0x9 0x2 0xffffffffffffffff 0xffffffffffffffff oops 1 9 com/intellij/psi/impl/compiled/FirstPassData methods 0
ciMethodData com/intellij/psi/impl/cache/TypeInfo arrayOf ()Lcom/intellij/psi/impl/cache/TypeInfo$DerivedTypeInfo; 1 462 orig 80 0 0 0 0 0 0 0 0 0 0 0 0 116 2 0 0 0 0 0 0 0 0 0 0 0 0 0 0 0 0 0 0 0 0 0 0 0 0 0 0 0 0 0 0 0 0 0 0 0 0 0 0 0 0 0 0 0 0 0 0 0 0 0 0 0 0 0 0 0 0 0 0 0 0 0 0 0 0 0 0 data 9 0x80002 0x1cd 0x0 0x0 0x0 0x0 0x9 0x1 0x0 oops 0 methods 0
ciMethodData com/intellij/psi/impl/cache/TypeInfo$TypeKind isReference ()Z 2 23674 orig 80 0 0 0 0 0 0 0 0 0 0 0 0 116 2 0 0 0 0 0 0 0 0 0 0 0 0 0 0 0 0 0 0 0 0 0 0 0 0 0 0 0 0 0 0 0 0 0 0 0 0 0 0 0 0 0 0 0 0 0 0 0 0 0 0 0 0 0 0 0 0 0 0 0 0 0 0 0 0 0 0 data 48 0x10005 0x5b7a 0x0 0x0 0x0 0x0 0x0 0x70005 0x5b7a 0x0 0x0 0x0 0x0 0x0 0xa0007 0x0 0xc8 0x5b7a 0xe0005 0x5b7a 0x0 0x0 0x0 0x0 0x0 0x140005 0x5b7a 0x0 0x0 0x0 0x0 0x0 0x170007 0x5b7a 0x38 0x0 0x1b0003 0x0 0x18 0x0 0x0 0x0 0x0 0x0 0x0 0x9 0x1 0x0 oops 0 methods 0
ciMethodData com/intellij/psi/impl/java/stubs/impl/PsiClassStubImpl isInterface ()Z 2 28892 orig 80 0 0 0 0 0 0 0 0 0 0 0 0 116 2 0 0 0 0 0 0 0 0 0 0 0 0 0 0 0 0 0 0 0 0 0 0 0 0 0 0 0 0 0 0 0 0 0 0 0 0 0 0 0 0 0 0 0 0 0 0 0 0 0 0 0 0 0 0 0 0 0 0 0 0 0 0 0 0 0 0 data 11 0x50002 0x6fdb 0x0 0x0 0x0 0x0 0x0 0x0 0x9 0x1 0x0 oops 0 methods 0
ciMethodData com/intellij/psi/impl/java/stubs/impl/PsiParameterStubImpl <init> (Lcom/intellij/psi/stubs/StubElement;Ljava/lang/String;Lcom/intellij/psi/impl/cache/TypeInfo;ZZ)V 2 16673 orig 80 0 0 0 0 0 0 0 0 0 0 0 0 116 2 0 0 0 0 0 0 0 0 0 0 0 0 0 0 0 0 0 0 0 0 0 0 0 0 0 0 0 0 0 0 0 0 0 0 0 0 0 0 0 0 0 0 0 0 0 0 0 0 0 0 0 0 0 0 0 0 0 0 0 0 0 0 0 0 0 0 data 30 0x10007 0x4021 0x30 0x0 0x50002 0x0 0x90007 0x4021 0x30 0x0 0xd0002 0x0 0x180002 0x4021 0x1b0002 0x4021 0x0 0x0 0x0 0x0 0x0 0x0 0x9 0x6 0xffffffffffffffff 0xffffffffffffffff 0x0 0x0 0x0 0x0 oops 0 methods 0
ciMethodData com/intellij/psi/impl/java/stubs/impl/PsiClassStubImpl isAnnotationType ()Z 2 23551 orig 80 0 0 0 0 0 0 0 0 0 0 0 0 116 2 0 0 0 0 0 0 0 0 0 0 0 0 0 0 0 0 0 0 0 0 0 0 0 0 0 0 0 0 0 0 0 0 0 0 0 0 0 0 0 0 0 0 0 0 0 0 0 0 0 0 0 0 0 0 0 0 0 0 0 0 0 0 0 0 0 0 data 11 0x60002 0x5aff 0x0 0x0 0x0 0x0 0x0 0x0 0x9 0x1 0x0 oops 0 methods 0
ciMethodData com/intellij/psi/impl/cache/TypeInfo text ()Ljava/lang/String; 2 9384 orig 80 0 0 0 0 0 0 0 0 0 0 0 0 116 2 0 0 0 0 0 0 0 0 0 0 0 0 0 0 0 0 0 0 0 0 0 0 0 0 0 0 0 0 0 0 0 0 0 0 0 0 0 0 0 0 0 0 0 0 0 0 0 0 0 0 0 0 0 0 0 0 0 0 0 0 0 0 0 0 0 0 data 16 0x20005 0xf8 0x0 0x274f18bb5c0 0x2010 0x274f18bb670 0x2f7 0x0 0x0 0x0 0x0 0x0 0x0 0x9 0x1 0xffffffffffffffff oops 2 3 com/intellij/psi/impl/cache/TypeInfo$RefTypeInfo 5 com/intellij/psi/impl/cache/TypeInfo$SimpleTypeInfo methods 0
ciMethodData com/intellij/psi/impl/compiled/StubBuildingVisitor newReferenceList (Lcom/intellij/psi/impl/java/stubs/JavaClassReferenceListElementType;Lcom/intellij/psi/stubs/StubElement;Ljava/util/List;)V 2 12865 orig 80 0 0 0 0 0 0 0 0 0 0 0 0 116 2 0 0 0 0 0 0 0 0 0 0 0 0 0 0 0 0 0 0 0 0 0 0 0 0 0 0 0 0 0 0 0 0 0 0 0 0 0 0 0 0 0 0 0 0 0 0 0 0 0 0 0 0 0 0 0 0 0 0 0 0 0 0 0 0 0 0 data 40 0x10007 0x3141 0x30 0x0 0x50002 0x0 0xf0007 0xdce 0x38 0x2373 0x150003 0x2373 0x88 0x1c0005 0x9dd 0x0 0x274a3ef4110 0x77 0x274f18bb460 0x37a 0x210004 0x0 0x0 0x274f25f5eb0 0xdce 0x0 0x0 0x240002 0x3141 0x0 0x0 0x0 0x0 0x0 0x0 0x9 0x3 0xffffffffffffffff 0xffffffffffffffff 0xffffffffffffffff oops 3 16 java/util/Collections$EmptyList 18 com/intellij/util/containers/ContainerUtilRt$EmptyList 23 [Lcom/intellij/psi/impl/cache/TypeInfo; methods 0
ciMethodData com/intellij/psi/impl/java/stubs/impl/PsiTypeParameterListStubImpl <init> (Lcom/intellij/psi/stubs/StubElement;)V 2 24622 orig 80 0 0 0 0 0 0 0 0 0 0 0 0 116 2 0 0 0 0 0 0 0 0 0 0 0 0 0 0 0 0 0 0 0 0 0 0 0 0 0 0 0 0 0 0 0 0 0 0 0 0 0 0 0 0 0 0 0 0 0 0 0 0 0 0 0 0 0 0 0 0 0 0 0 0 0 0 0 0 0 0 data 9 0x50002 0x5f2e 0x0 0x0 0x0 0x9 0x2 0xffffffffffffffff 0xffffffffffffffff oops 0 methods 0
ciMethodData com/intellij/psi/impl/compiled/FirstPassData isSyntheticRecordMethod (Ljava/lang/String;Ljava/lang/String;)Z 2 13849 orig 80 0 0 0 0 0 0 0 0 0 0 0 0 116 2 0 0 0 0 0 0 0 0 0 0 0 0 0 0 0 0 0 0 0 0 0 0 0 0 0 0 0 0 0 0 0 0 0 0 0 0 0 0 0 0 0 0 0 0 0 0 0 0 0 0 0 0 0 0 0 0 0 0 0 0 0 0 0 0 0 0 data 50 0x10007 0x3519 0x30 0x0 0x50002 0x0 0x90007 0x3519 0x30 0x0 0xd0002 0x0 0x140005 0x0 0x0 0x274f1be2170 0x3507 0x274f1be2220 0x12 0x190007 0x3507 0xa0 0x12 0x220002 0x0 0x250005 0x0 0x0 0x274f1be2220 0x12 0x0 0x0 0x2a0007 0x9 0x38 0x9 0x2e0003 0x9 0x18 0x0 0x0 0x0 0x0 0x0 0x0 0x9 0x3 0x0 0x0 0x0 oops 3 15 java/util/Collections$EmptySet 17 java/util/RegularEnumSet 28 java/util/RegularEnumSet methods 0
ciMethodData com/intellij/psi/impl/java/stubs/impl/PsiMethodStubImpl packFlags (ZZZZZZ)B 2 20261 orig 80 0 0 0 0 0 0 0 0 0 0 0 0 116 2 0 0 0 0 0 0 0 0 0 0 0 0 0 0 0 0 0 0 0 0 0 0 0 0 0 1 0 0 0 0 0 0 0 0 0 0 0 0 0 0 0 0 0 0 0 0 0 0 0 0 0 0 0 0 0 0 0 0 0 0 0 0 0 0 0 0 data 33 0x40007 0x44da 0x20 0x94b 0x80000006000f0007 0x4e25 0x20 0x1 0x1a0007 0x4de0 0x20 0x46 0x250007 0x4e05 0x20 0x21 0x320007 0x4e26 0x20 0x0 0x3f0007 0x4e26 0x20 0x0 0x0 0x9 0x6 0x0 0x0 0x0 0x0 0x0 0x0 oops 0 methods 0
ciMethodData com/intellij/psi/impl/compiled/StubBuildingVisitor$MethodInfo <init> (Lcom/intellij/psi/impl/compiled/StubBuildingVisitor$1;)V 2 16508 orig 80 0 0 0 0 0 0 0 0 0 0 0 0 116 2 0 0 0 0 0 0 0 0 0 0 0 0 0 0 0 0 0 0 0 0 0 0 0 0 0 0 0 0 0 0 0 0 0 0 0 0 0 0 0 0 0 0 0 0 0 0 0 0 0 0 0 0 0 0 0 0 0 0 0 0 0 0 0 0 0 0 data 8 0x10002 0x3f7c 0x0 0x0 0x9 0x2 0x0 0x0 oops 0 methods 0
ciMethodData com/intellij/psi/impl/compiled/StubBuildingVisitor$MethodInfo <init> ()V 2 16508 orig 80 0 0 0 0 0 0 0 0 0 0 0 0 116 2 0 0 0 0 0 0 0 0 0 0 0 0 0 0 0 0 0 0 0 0 0 0 0 0 0 0 0 0 0 0 0 0 0 0 0 0 0 0 0 0 0 0 0 0 0 0 0 0 0 0 0 0 0 0 0 0 0 0 0 0 0 0 0 0 0 0 data 7 0x10002 0x3f7d 0x0 0x0 0x9 0x1 0x0 oops 0 methods 0
ciMethodData com/intellij/psi/impl/compiled/StubBuildingVisitor$MethodInfo access$1102 (Lcom/intellij/psi/impl/compiled/StubBuildingVisitor$MethodInfo;Lcom/intellij/psi/impl/compiled/SignatureParsing$TypeParametersDeclaration;)Lcom/intellij/psi/impl/compiled/SignatureParsing$TypeParametersDeclaration; 2 16227 orig 80 0 0 0 0 0 0 0 0 0 0 0 0 116 2 0 0 0 0 0 0 0 0 0 0 0 0 0 0 0 0 0 0 0 0 0 0 0 0 0 0 0 0 0 0 0 0 0 0 0 0 0 0 0 0 0 0 0 0 0 0 0 0 0 0 0 0 0 0 0 0 0 0 0 0 0 0 0 0 0 0 data 7 0x0 0x0 0x0 0x9 0x2 0x0 0x0 oops 0 methods 0
ciMethodData com/intellij/psi/impl/compiled/StubBuildingVisitor$MethodInfo access$602 (Lcom/intellij/psi/impl/compiled/StubBuildingVisitor$MethodInfo;Lcom/intellij/psi/impl/cache/TypeInfo;)Lcom/intellij/psi/impl/cache/TypeInfo; 2 16546 orig 80 0 0 0 0 0 0 0 0 0 0 0 0 116 2 0 0 0 0 0 0 0 0 0 0 0 0 0 0 0 0 0 0 0 0 0 0 0 0 0 0 0 0 0 0 0 0 0 0 0 0 0 0 0 0 0 0 0 0 0 0 0 0 0 0 0 0 0 0 0 0 0 0 0 0 0 0 0 0 0 0 data 7 0x0 0x0 0x0 0x9 0x2 0x4 0x0 oops 0 methods 0
ciMethodData com/intellij/psi/impl/compiled/StubBuildingVisitor$MethodInfo access$702 (Lcom/intellij/psi/impl/compiled/StubBuildingVisitor$MethodInfo;Ljava/util/List;)Ljava/util/List; 2 16227 orig 80 0 0 0 0 0 0 0 0 0 0 0 0 116 2 0 0 0 0 0 0 0 0 0 0 0 0 0 0 0 0 0 0 0 0 0 0 0 0 0 0 0 0 0 0 0 0 0 0 0 0 0 0 0 0 0 0 0 0 0 0 0 0 0 0 0 0 0 0 0 0 0 0 0 0 0 0 0 0 0 0 data 7 0x0 0x0 0x0 0x9 0x2 0x0 0x0 oops 0 methods 0
ciMethodData com/intellij/psi/impl/compiled/StubBuildingVisitor$MethodInfo access$802 (Lcom/intellij/psi/impl/compiled/StubBuildingVisitor$MethodInfo;Ljava/util/List;)Ljava/util/List; 2 16562 orig 80 0 0 0 0 0 0 0 0 0 0 0 0 116 2 0 0 0 0 0 0 0 0 0 0 0 0 0 0 0 0 0 0 0 0 0 0 0 0 0 0 0 0 0 0 0 0 0 0 0 0 0 0 0 0 0 0 0 0 0 0 0 0 0 0 0 0 0 0 0 0 0 0 0 0 0 0 0 0 0 0 data 7 0x0 0x0 0x0 0x9 0x2 0x8 0x0 oops 0 methods 0
ciMethodData com/intellij/psi/impl/java/stubs/impl/PsiMethodStubImpl <init> (Lcom/intellij/psi/stubs/StubElement;Ljava/lang/String;Lcom/intellij/psi/impl/cache/TypeInfo;BLjava/lang/String;)V 2 13649 orig 80 0 0 0 0 0 0 0 0 0 0 0 0 116 2 0 0 0 0 0 0 0 0 0 0 0 0 0 0 0 0 0 0 0 0 0 0 0 0 0 0 0 0 0 0 0 0 0 0 0 0 0 0 0 0 0 0 0 0 0 0 0 0 0 0 0 0 0 0 0 0 0 0 0 0 0 0 0 0 0 0 data 31 0x10007 0x3451 0x30 0x0 0x50002 0x0 0xc0002 0x3451 0xf0007 0x3450 0x38 0x1 0x150003 0x1 0x18 0x1b0002 0x3451 0x0 0x0 0x0 0x0 0x0 0x0 0x9 0x6 0xffffffffffffffff 0xffffffffffffffff 0x0 0x0 0x0 0x0 oops 0 methods 0
ciMethodData com/intellij/psi/impl/compiled/StubBuildingVisitor packMethodFlags (IZ)I 2 13649 orig 80 0 0 0 0 0 0 0 0 0 0 0 0 116 2 0 0 0 0 0 0 0 0 0 0 0 0 0 0 0 0 0 0 0 0 0 0 0 0 0 0 0 0 0 0 0 0 0 0 0 0 0 0 0 0 0 0 0 0 0 0 0 0 0 0 0 0 0 0 0 0 0 0 0 0 0 0 0 0 0 0 data 49 0x10002 0x3441 0x80002 0x3441 0xb0007 0x33f2 0x20 0x4f 0x170002 0x3441 0x1a0007 0x3434 0x20 0xd 0x270002 0x3441 0x2a0007 0x3441 0x20 0x0 0x370002 0x3441 0x3a0007 0x3287 0x38 0x1ba 0x430003 0x1ba 0x68 0x470007 0x327b 0x50 0xc 0x4d0002 0xc 0x500007 0x6 0x20 0x6 0x0 0x0 0x0 0x0 0x0 0x0 0x9 0x2 0x0 0x0 oops 0 methods 0
ciMethodData com/intellij/psi/impl/compiled/FirstPassData createTypes ([Ljava/lang/String;)Ljava/util/List; 2 17807 orig 80 0 0 0 0 0 0 0 0 0 0 0 0 116 2 0 0 0 0 0 0 0 0 0 0 0 0 0 0 0 0 0 0 0 0 0 0 0 0 0 0 0 0 0 0 0 0 0 0 0 0 0 0 0 0 0 0 0 0 0 0 0 0 0 0 0 0 0 0 0 0 0 0 0 0 0 0 0 0 0 0 data 25 0x10007 0x1a92 0x38 0x29fd 0x50003 0x29fd 0x58 0xa000a 0x1a92 0x3 0x0 0x274f18bb3b0 0x274f25e3a30 0xf0002 0x1a92 0x0 0x0 0x0 0x0 0x0 0x0 0x9 0x2 0x0 0x0 oops 2 11 com/intellij/psi/impl/compiled/FirstPassData 12 com/intellij/psi/impl/compiled/FirstPassData$$Lambda$825+0x00000274a5743720 methods 0
ciMethodData com/intellij/psi/impl/compiled/StubBuildingVisitor parseMethodDescription (Ljava/lang/String;[Ljava/lang/String;)Lcom/intellij/psi/impl/compiled/StubBuildingVisitor$MethodInfo; 2 13300 orig 80 0 0 0 0 0 0 0 0 0 0 0 0 116 2 0 0 0 0 0 0 0 0 0 0 0 0 0 0 0 0 0 0 0 0 0 0 0 0 0 0 0 0 0 0 0 0 0 0 0 0 0 0 0 0 0 0 0 0 0 0 0 0 0 0 0 0 0 0 0 0 0 0 0 0 0 0 0 0 0 0 data 42 0x50002 0x32f4 0xd0002 0x32f4 0x130002 0x32f4 0x1a0002 0x32f4 0x1d0002 0x32f4 0x230002 0x32f4 0x27000a 0x32f4 0x3 0x0 0x274f18b9690 0x274a3eee2f0 0x2c0002 0x32f4 0x2f0002 0x32f4 0x390005 0x0 0x0 0x274f18bb3b0 0x32f4 0x0 0x0 0x3c0002 0x32f4 0x0 0x0 0x0 0x0 0x0 0x0 0x9 0x3 0x0 0x0 0x0 oops 3 16 com/intellij/psi/impl/compiled/StubBuildingVisitor 17 com/intellij/psi/impl/compiled/StubBuildingVisitor$$Lambda$847+0x00000274a57559e0 25 com/intellij/psi/impl/compiled/FirstPassData methods 0
ciMethodData org/jetbrains/org/objectweb/asm/Type getReturnType (Ljava/lang/String;)Lorg/jetbrains/org/objectweb/asm/Type; 2 13300 orig 80 0 0 0 0 0 0 0 0 0 0 0 0 116 2 0 0 0 0 0 0 0 0 0 0 0 0 0 0 0 0 0 0 0 0 0 0 0 0 0 0 0 0 0 0 0 0 0 0 0 0 0 0 0 0 0 0 0 0 0 0 0 0 0 0 0 0 0 0 0 0 0 0 0 0 0 0 0 0 0 0 data 20 0x20002 0x32f5 0x60005 0x32f5 0x0 0x0 0x0 0x0 0x0 0x90002 0x32f5 0x0 0x0 0x0 0x0 0x0 0x0 0x9 0x1 0xffffffffffffffff oops 0 methods 0
ciMethodData com/intellij/psi/impl/cache/TypeInfo$SimpleTypeInfo <init> (Lcom/intellij/psi/impl/cache/TypeInfo$TypeKind;)V 2 10838 orig 80 0 0 0 0 0 0 0 0 0 0 0 0 116 2 0 0 0 0 0 0 0 0 0 0 0 0 0 0 0 0 0 0 0 0 0 0 0 0 0 0 0 0 0 0 0 0 0 0 0 0 0 0 0 0 0 0 0 0 0 0 0 0 0 0 0 0 0 0 0 0 0 0 0 0 0 0 0 0 0 0 data 49 0x10007 0x2947 0x30 0x0 0x50002 0x0 0xb0002 0x2947 0xf0005 0x2947 0x0 0x0 0x0 0x0 0x0 0x120007 0x0 0x78 0x2947 0x160005 0x2947 0x0 0x0 0x0 0x0 0x0 0x190007 0x2947 0x68 0x0 0x210005 0x0 0x0 0x0 0x0 0x0 0x0 0x240002 0x0 0x0 0x0 0x0 0x0 0x0 0x0 0x9 0x2 0x6 0x0 oops 0 methods 0
ciMethodData com/intellij/psi/impl/cache/TypeInfo$TypeKind isDerived ()Z 2 10838 orig 80 0 0 0 0 0 0 0 0 0 0 0 0 116 2 0 0 0 0 0 0 0 0 0 0 0 0 0 0 0 0 0 0 0 0 0 0 0 0 0 0 0 0 0 0 0 0 0 0 0 0 0 0 0 0 0 0 0 0 0 0 0 0 0 0 0 0 0 0 0 0 0 0 0 0 0 0 0 0 0 0 data 48 0x10005 0x2943 0x0 0x0 0x0 0x0 0x0 0x70005 0x2943 0x0 0x0 0x0 0x0 0x0 0xa0007 0x0 0xc8 0x2943 0xe0005 0x2943 0x0 0x0 0x0 0x0 0x0 0x140005 0x2943 0x0 0x0 0x0 0x0 0x0 0x170007 0x2943 0x38 0x0 0x1b0003 0x0 0x18 0x0 0x0 0x0 0x0 0x0 0x0 0x9 0x1 0x0 oops 0 methods 0
ciMethodData com/intellij/psi/impl/compiled/StubBuildingVisitor visitMethod (ILjava/lang/String;Ljava/lang/String;Ljava/lang/String;[Ljava/lang/String;)Lorg/jetbrains/org/objectweb/asm/MethodVisitor; 2 24691 orig 80 2 0 0 0 0 0 0 0 0 0 0 0 116 2 0 0 0 0 0 0 2 0 0 0 4 0 0 0 0 0 0 0 0 0 0 0 0 0 0 0 0 0 0 0 0 0 0 0 0 0 0 0 0 0 0 0 0 0 0 0 0 0 0 0 0 0 0 0 0 0 0 0 0 0 0 0 0 0 0 0 data 528 0x40002 0x5211 0x70007 0x6d0 0x98 0x4b41 0xb0007 0x0 0x78 0x4b41 0x110005 0x4b41 0x0 0x0 0x0 0x0 0x0 0x140007 0x49da 0x20 0x167 0x1c0005 0x49da 0x0 0x0 0x0 0x0 0x0 0x230007 0x3f82 0x40 0xa58 0x2a0007 0x87d 0x20 0x1db 0x330005 0x0 0x0 0x274f18bb300 0x47ff 0x0 0x0 0x3c0007 0x45b0 0x180 0x24f 0x420005 0x24f 0x0 0x0 0x0 0x0 0x0 0x450007 0x1eb 0x78 0x64 0x4b0005 0x64 0x0 0x0 0x0 0x0 0x0 0x4e0007 0x0 0x20 0x64 0x560005 0x1eb 0x0 0x0 0x0 0x0 0x0 0x590007 0x187 0x78 0x64 0x5f0005 0x64 0x0 0x0 0x0 0x0 0x0 0x620007 0x0 0x20 0x64 0x6d0005 0x0 0x0 0x274f18bb3b0 0x4737 0x0 0x0 0x700007 0x472e 0x20 0x9 0x780002 0x472e 0x810002 0x472e 0x890002 0x472e 0x920005 0x0 0x0 0x274f18bb300 0x472e 0x0 0x0 0xa30002 0x472e 0xaa0007 0x3eb2 0x70 0x87d 0xb10005 0x0 0x0 0x274f18bb300 0x87d 0x0 0x0 0xb60003 0x87d 0x18 0xc40007 0x3bf4 0x200 0xb3b 0xcc0002 0xb3b 0xd40003 0xb3b 0x1d0 0xdc0005 0x0 0x0 0x0 0x0 0x0 0x0 0xdf0007 0x0 0x180 0x0 0xe90002 0x0 0xee0005 0x0 0x0 0x0 0x0 0x0 0x0 0xf50005 0x0 0x0 0x0 0x0 0x0 0x0 0xfa0005 0x0 0x0 0x0 0x0 0x0 0x0 0xff0005 0x0 0x0 0x0 0x0 0x0 0x0 0x1020005 0x0 0x0 0x0 0x0 0x0 0x0 0x1070005 0x0 0x0 0x0 0x0 0x0 0x0 0x10c0007 0xb3b 0x30 0x3bf4 0x1130002 0x3bf4 0x1240002 0x472f 0x12a0002 0x472f 0x13a0005 0x0 0x0 0x274f18bb300 0x472f 0x0 0x0 0x13f0002 0x472f 0x1420002 0x472f 0x14d0002 0x472f 0x1530007 0x3eb2 0x58 0x87d 0x1580007 0x804 0x38 0x79 0x15c0003 0x79 0x18 0x1640007 0x3eb2 0xb8 0x87d 0x1690007 0x79 0x98 0x804 0x16d0002 0x804 0x1700007 0x631 0x68 0x1d3 0x1760002 0x1d3 0x1790007 0x0 0x38 0x1d3 0x17d0003 0x1d3 0x18 0x1850002 0x472f 0x18c0007 0xb3b 0x398 0x3bf4 0x1910007 0x3bf4 0x290 0x0 0x1960005 0x0 0x0 0x0 0x0 0x0 0x0 0x19c0007 0x0 0x238 0x0 0x1a20005 0x0 0x0 0x0 0x0 0x0 0x0 0x1a70004 0x0 0x0 0x0 0x0 0x0 0x0 0x1aa0005 0x0 0x0 0x0 0x0 0x0 0x0 0x1b00007 0x0 0x170 0x0 0x1b60005 0x0 0x0 0x0 0x0 0x0 0x0 0x1bb0004 0x0 0x0 0x0 0x0 0x0 0x0 0x1be0005 0x0 0x0 0x0 0x0 0x0 0x0 0x1c40007 0x0 0xa8 0x0 0x1cc0005 0x0 0x0 0x0 0x0 0x0 0x0 0x1d10005 0x0 0x0 0x0 0x0 0x0 0x0 0x1d80003 0x0 0x100 0x1dd0007 0x3a6f 0xe8 0x185 0x401e20005 0x0 0x0 0x274a31ee280 0x185 0x274f18bb460 0x2 0x1e70007 0x2 0x90 0x185 0x1ef0005 0x0 0x0 0x274a31ee280 0x185 0x0 0x0 0x1f40005 0x0 0x0 0x274a31ee280 0x185 0x0 0x0 0x2010002 0x4731 0x2080005 0xaae 0x0 0x274f18bb460 0x163d 0x274a31ee280 0x2646 0x80000008021d0007 0x4735 0x2a0 0x57fc 0x2240005 0x1ad 0x0 0x274a31ee280 0x4080 0x274f18bb510 0x15cf 0x2290004 0x0 0x0 0x274f18bb5c0 0x4472 0x274f18bb670 0x1039 0x2300007 0x5768 0x58 0x94 0x2390007 0x4e 0x38 0x46 0x23d0003 0x46 0x18 0x2450007 0x57b6 0x58 0x46 0x24a0005 0x0 0x0 0x274f18bb720 0x46 0x0 0x0 0x2550007 0x5f 0x38 0x579d 0x25e0003 0x579d 0xd0 0x2650002 0x5f 0x26a0005 0x5f 0x0 0x0 0x0 0x0 0x0 0x2710005 0x5f 0x0 0x0 0x0 0x0 0x0 0x2740005 0x5f 0x0 0x0 0x0 0x0 0x0 0x2860002 0x57fc 0x2910004 0x0 0x0 0x274f18bb7d0 0x57fc 0x0 0x0 0x2990002 0x57fc 0x2a00003 0x57fc 0xfffffffffffffd78 0x2aa0002 0x4735 0x2ad0002 0x4735 0x2b20007 0x46bc 0x38 0x79 0x2b60003 0x79 0x50 0x2bb0007 0x44e7 0x38 0x1d5 0x2bf0003 0x1d5 0x18 0x2c70007 0x46bc 0x38 0x79 0x2cb0003 0x79 0x88 0x2d00007 0x44e7 0x38 0x1d5 0x2d40003 0x1d5 0x50 0x2d90007 0x5e6 0x38 0x3f01 0x2dd0003 0x3f01 0x18 0x2f80002 0x4735 0x0 0x0 0x0 0x0 0x0 0x0 0x0 0x0 0x0 0x0 0x0 0x0 0x0 0x0 0x0 0x0 0x0 0x9 0x6 0x0 0x0 0x0 0x0 0x0 0x0 oops 17 39 com/intellij/psi/impl/java/stubs/impl/PsiClassStubImpl 94 com/intellij/psi/impl/compiled/FirstPassData 111 com/intellij/psi/impl/java/stubs/impl/PsiClassStubImpl 124 com/intellij/psi/impl/java/stubs/impl/PsiClassStubImpl 208 com/intellij/psi/impl/java/stubs/impl/PsiClassStubImpl 347 java/util/ArrayList 349 com/intellij/util/containers/ContainerUtilRt$EmptyList 358 java/util/ArrayList 365 java/util/ArrayList 374 com/intellij/util/containers/ContainerUtilRt$EmptyList 376 java/util/ArrayList 385 java/util/ArrayList 387 com/intellij/util/SmartList 392 com/intellij/psi/impl/cache/TypeInfo$RefTypeInfo 394 com/intellij/psi/impl/cache/TypeInfo$SimpleTypeInfo 414 com/intellij/psi/impl/cache/TypeInfo$DerivedTypeInfo 453 com/intellij/psi/impl/java/stubs/impl/PsiParameterStubImpl methods 0
ciMethodData com/intellij/psi/impl/compiled/StubBuildingVisitor parseMethodSignature (Ljava/lang/String;[Ljava/lang/String;)Lcom/intellij/psi/impl/compiled/StubBuildingVisitor$MethodInfo; 2 5633 orig 80 0 0 0 0 0 0 0 0 0 0 0 0 116 2 0 0 0 0 0 0 0 0 0 0 0 0 0 0 0 0 0 0 0 0 0 0 0 0 0 0 0 0 0 0 0 0 0 0 0 0 0 0 0 0 0 0 0 0 0 0 0 0 0 0 0 0 0 0 0 0 0 0 0 0 0 0 0 0 0 0 data 197 0x50002 0xb49 0xe0002 0xb49 0x1a0002 0xb49 0x1d0002 0xb49 0x230005 0xb49 0x0 0x0 0x0 0x0 0x0 0x280007 0xb49 0x30 0x0 0x2f0002 0x0 0x350005 0xb49 0x0 0x0 0x0 0x0 0x0 0x3a0005 0xb49 0x0 0x0 0x0 0x0 0x0 0x3f0007 0x934 0x58 0x215 0x430002 0x215 0x460002 0x215 0x4a0003 0x215 0x1c0 0x520002 0x934 0x550002 0x934 0x5b0005 0x1f15 0x0 0x0 0x0 0x0 0x0 0x600007 0x934 0xe8 0x15e1 0x650005 0x15e1 0x0 0x0 0x0 0x0 0x0 0x6a0007 0x0 0x90 0x15e1 0x6e0002 0x15e1 0x770002 0x15e1 0x7a0005 0x0 0x0 0x274f18bb510 0x15e1 0x0 0x0 0x800003 0x15e1 0xfffffffffffffef8 0x850005 0x934 0x0 0x0 0x0 0x0 0x0 0x8a0007 0x934 0x30 0x0 0x910002 0x0 0x970005 0xb49 0x0 0x0 0x0 0x0 0x0 0xa10002 0xb49 0xa40002 0xb49 0xaa0002 0xb49 0xb00005 0xb49 0x0 0x0 0x0 0x0 0x0 0xb50007 0xb49 0x118 0x0 0xba0005 0x0 0x0 0x0 0x0 0x0 0x0 0xbe0002 0x0 0xc10007 0x0 0x40 0x0 0xc90002 0x0 0xcc0002 0x0 0xd10002 0x0 0xda0002 0x0 0xdd0005 0x0 0x0 0x0 0x0 0x0 0x0 0xe30003 0x0 0xfffffffffffffec8 0xe70007 0x9a3 0x100 0x1a6 0xeb0002 0x1a6 0xee0007 0x1a6 0x88 0x0 0xf40002 0x0 0xf70005 0x0 0x0 0x0 0x0 0x0 0x0 0xfc0007 0x0 0x68 0x0 0x1050005 0x0 0x0 0x274f18bb3b0 0x1a6 0x0 0x0 0x1080002 0x1a6 0x0 0x0 0x0 0x0 0x0 0x0 0x9 0x3 0x0 0x0 0x0 oops 2 79 com/intellij/util/SmartList 180 com/intellij/psi/impl/compiled/FirstPassData methods 0
ciMethodData com/intellij/openapi/diagnostic/DefaultLogger isDebugEnabled ()Z 1 45 orig 80 0 0 0 0 0 0 0 0 0 0 0 0 116 2 0 0 0 0 0 0 0 0 0 0 0 0 0 0 0 0 0 0 0 0 0 0 0 0 0 0 0 0 0 0 0 0 0 0 0 0 0 0 0 0 0 0 0 0 0 0 0 0 0 0 0 0 0 0 0 0 0 0 0 0 0 0 0 0 0 0 data 23 0x70005 0x3 0x0 0x0 0x0 0x0 0x0 0xa0007 0x3 0x38 0x0 0xe0003 0x0 0x18 0x0 0x0 0x0 0x0 0x0 0x0 0x9 0x1 0x0 oops 0 methods 0
ciMethodData com/intellij/openapi/diagnostic/DefaultLogger debug (Ljava/lang/String;Ljava/lang/Throwable;)V 1 0 orig 80 0 0 0 0 0 0 0 0 0 0 0 0 116 2 0 0 0 0 0 0 0 0 0 0 0 0 0 0 0 0 0 0 0 0 0 0 0 0 0 0 0 0 0 0 0 0 0 0 0 0 0 0 0 0 0 0 0 0 0 0 0 0 0 0 0 0 0 0 0 0 0 0 0 0 0 0 0 0 0 0 data 77 0x10005 0x0 0x0 0x0 0x0 0x0 0x0 0x40007 0x0 0x1d8 0x0 0xe0002 0x0 0x130005 0x0 0x0 0x0 0x0 0x0 0x0 0x1a0005 0x0 0x0 0x0 0x0 0x0 0x0 0x1f0005 0x0 0x0 0x0 0x0 0x0 0x0 0x230005 0x0 0x0 0x0 0x0 0x0 0x0 0x260005 0x0 0x0 0x0 0x0 0x0 0x0 0x290005 0x0 0x0 0x0 0x0 0x0 0x0 0x2d0007 0x0 0x58 0x0 0x340005 0x0 0x0 0x0 0x0 0x0 0x0 0x0 0x0 0x0 0x0 0x0 0x0 0x9 0x3 0x0 0x0 0x0 oops 0 methods 0
ciMethodData com/intellij/psi/impl/compiled/StubBuildingVisitor isInner ()Z 2 4196 orig 80 0 0 0 0 0 0 0 0 0 0 0 0 116 2 0 0 0 0 0 0 0 0 0 0 0 0 0 0 0 0 0 0 0 0 0 0 0 0 0 0 0 0 0 0 0 0 0 0 0 0 0 0 0 0 0 0 0 0 0 0 0 0 0 0 0 0 0 0 0 0 0 0 0 0 0 0 0 0 0 0 data 36 0x40004 0xfffffffffffffc45 0x0 0x274f18bb300 0x48d 0x274a3ef36e0 0xe 0x70007 0x3bb 0xa0 0x48d 0xe0005 0x0 0x0 0x274f417a010 0x48d 0x0 0x0 0x150002 0x48d 0x180007 0x2a5 0x38 0x1e8 0x1c0003 0x1e8 0x18 0x0 0x0 0x0 0x0 0x0 0x0 0x9 0x1 0x0 oops 3 3 com/intellij/psi/impl/java/stubs/impl/PsiClassStubImpl 5 com/intellij/psi/impl/java/stubs/impl/PsiJavaFileStubImpl 14 com/intellij/psi/impl/java/stubs/impl/PsiModifierListStubImpl methods 0
ciMethodData com/intellij/psi/impl/compiled/StubBuildingVisitor isGroovyClosure (Ljava/lang/String;)Z 1 637 orig 80 0 0 0 0 0 0 0 0 0 0 0 0 116 2 0 0 0 0 0 0 0 0 0 0 0 0 0 0 0 0 0 0 0 0 0 0 0 0 0 0 0 0 0 0 0 0 0 0 0 0 0 0 0 0 0 0 0 0 0 0 0 0 0 0 0 0 0 0 0 0 0 0 0 0 0 0 0 0 0 0 data 68 0x10007 0x0 0x1d0 0x27d 0x70005 0x27d 0x0 0x0 0x0 0x0 0x0 0xa0007 0x27d 0x178 0x0 0x140005 0x0 0x0 0x0 0x0 0x0 0x0 0x190004 0x0 0x0 0x0 0x0 0x0 0x0 0x1e0007 0x0 0xe8 0x0 0x220005 0x0 0x0 0x0 0x0 0x0 0x0 0x2b0007 0x0 0x90 0x0 0x330005 0x0 0x0 0x0 0x0 0x0 0x0 0x360007 0x0 0x38 0x0 0x3a0003 0x0 0x18 0x0 0x0 0x0 0x0 0x0 0x0 0x9 0x2 0x0 0x0 oops 0 methods 0
ciMethodData com/intellij/psi/impl/java/stubs/impl/PsiParameterListStubImpl <init> (Lcom/intellij/psi/stubs/StubElement;)V 2 25717 orig 80 0 0 0 0 0 0 0 0 0 0 0 0 116 2 0 0 0 0 0 0 0 0 0 0 0 0 0 0 0 0 0 0 0 0 0 0 0 0 0 0 0 0 0 0 0 0 0 0 0 0 0 0 0 0 0 0 0 0 0 0 0 0 0 0 0 0 0 0 0 0 0 0 0 0 0 0 0 0 0 0 data 9 0x50002 0x4672 0x0 0x0 0x0 0x9 0x2 0xffffffffffffffff 0xffffffffffffffff oops 0 methods 0
ciMethodData com/intellij/psi/impl/compiled/StubBuildingVisitor$MethodAnnotationCollectingVisitor <init> (Lcom/intellij/psi/impl/java/stubs/PsiMethodStub;Lcom/intellij/psi/impl/compiled/StubBuildingVisitor$MethodInfo;Lcom/intellij/psi/impl/java/stubs/PsiModifierListStub;[Lcom/intellij/psi/impl/java/stubs/impl/PsiParameterStubImpl;IILcom/intellij/psi/impl/compiled/FirstPassData;Lcom/intellij/psi/impl/compiled/StubBuildingVisitor$1;)V 2 13673 orig 80 0 0 0 0 0 0 0 0 0 0 0 0 116 2 0 0 0 0 0 0 0 0 0 0 0 0 0 0 0 0 0 0 0 0 0 0 0 0 0 0 0 0 0 0 0 0 0 0 0 0 0 0 0 0 0 0 0 0 0 0 0 0 0 0 0 0 0 0 0 0 0 0 0 0 0 0 0 0 0 0 data 15 0xc0002 0x3418 0x0 0x0 0x9 0x9 0xffffffffffffffff 0x0 0x0 0x0 0x0 0x0 0x0 0x0 0x0 oops 0 methods 0
ciMethodData com/intellij/psi/impl/cache/TypeInfo$RefTypeInfo text (Z)Ljava/lang/String; 2 8618 orig 80 0 0 0 0 0 0 0 0 0 0 0 0 116 2 0 0 0 0 0 0 0 0 0 0 0 0 0 0 0 0 0 0 0 0 0 0 0 0 0 0 0 0 0 0 0 0 0 0 0 0 0 0 0 0 0 0 0 0 0 0 0 0 0 0 0 0 0 0 0 0 0 0 0 0 0 0 0 0 0 0 data 155 0x10007 0x20aa 0x30 0x0 0x80002 0x0 0x110007 0x87 0x180 0x2023 0x180007 0x177b 0x160 0x8a8 0x1f0002 0x8a8 0x270005 0x8a8 0x0 0x0 0x0 0x0 0x0 0x2a0005 0x8a8 0x0 0x0 0x0 0x0 0x0 0x2f0005 0x8a8 0x0 0x0 0x0 0x0 0x0 0x360005 0x8a8 0x0 0x0 0x0 0x0 0x0 0x390005 0x8a8 0x0 0x0 0x0 0x0 0x0 0x3c0003 0x8a8 0x18 0x480002 0x87 0x500007 0x5d 0xc8 0x2a 0x590005 0x2a 0x0 0x0 0x0 0x0 0x0 0x5c0005 0x2a 0x0 0x0 0x0 0x0 0x0 0x630005 0x2a 0x0 0x0 0x0 0x0 0x0 0x6c0005 0x87 0x0 0x0 0x0 0x0 0x0 0x730005 0x87 0x0 0x0 0x0 0x0 0x0 0x7f0007 0x87 0x100 0xa5 0x830007 0x87 0x58 0x1e 0x890005 0x1e 0x0 0x0 0x0 0x0 0x0 0x940005 0xa5 0x0 0x0 0x0 0x0 0x0 0x970005 0xa5 0x0 0x0 0x0 0x0 0x0 0x9e0003 0xa5 0xffffffffffffff18 0xa40005 0x87 0x0 0x0 0x0 0x0 0x0 0xa90005 0x87 0x0 0x0 0x0 0x0 0x0 0x0 0x0 0x0 0x0 0x0 0x0 0x0 0x0 0x0 0x0 0x9 0x2 0x0 0x0 oops 0 methods 0
ciMethodData com/intellij/psi/impl/compiled/SignatureParsing parseParameterizedClassRefSignatureToTypeInfo (Lcom/intellij/psi/impl/compiled/SignatureParsing$CharIterator;Lcom/intellij/psi/impl/compiled/SignatureParsing$TypeInfoProvider;)Lcom/intellij/psi/impl/cache/TypeInfo; 2 30774 orig 80 0 0 0 0 0 0 0 0 0 0 0 0 116 2 0 0 0 0 0 0 0 0 0 0 0 0 0 0 0 0 0 0 0 0 0 0 0 0 0 0 0 0 0 0 0 0 0 0 0 0 0 0 0 0 0 0 0 0 0 0 0 0 0 0 0 0 0 0 0 0 0 0 0 0 0 0 0 0 0 0 data 303 0x10005 0x594 0x0 0x0 0x0 0x0 0x0 0x50005 0x594 0x0 0x0 0x0 0x0 0x0 0xc0005 0x70da 0x0 0x0 0x0 0x0 0x0 0xf0008 0xa 0x6b46 0x808 0x0 0x7f0 0x349 0x60 0x24b 0x258 0x0 0x190 0x3a0005 0x349 0x0 0x0 0x0 0x0 0x0 0x400007 0x349 0x58 0x0 0x490005 0x0 0x0 0x0 0x0 0x0 0x0 0x510005 0x0 0x0 0x274f18bb3b0 0x349 0x0 0x0 0x590005 0x349 0x0 0x0 0x0 0x0 0x0 0x5f0007 0x349 0x30 0x0 0x630002 0x0 0x6f0002 0x0 0x740005 0x0 0x0 0x0 0x0 0x0 0x0 0x780005 0x0 0x0 0x0 0x0 0x0 0x0 0x7b0005 0x0 0x0 0x0 0x0 0x0 0x0 0x7e0002 0x0 0x840005 0x24b 0x0 0x0 0x0 0x0 0x0 0x8a0007 0x24b 0x58 0x0 0x930005 0x0 0x0 0x0 0x0 0x0 0x0 0x9b0005 0x0 0x0 0x274f18bb3b0 0x24b 0x0 0x0 0xa30005 0x24b 0x0 0x0 0x0 0x0 0x0 0xaa0002 0x24b 0xb30002 0x2f5 0xb60005 0x0 0x0 0x274a31ee280 0x2f5 0x0 0x0 0xbd0005 0x2f5 0x0 0x0 0x0 0x0 0x0 0xc20007 0xaa 0xffffffffffffff80 0x24b 0xc90005 0x24b 0x0 0x0 0x0 0x0 0x0 0xcf0005 0x24b 0x0 0x0 0x0 0x0 0x0 0xd30005 0x24b 0x0 0x0 0x0 0x0 0x0 0xd60008 0x6 0x0 0x278 0x0 0xa8 0x24b 0x40 0xf10005 0x24b 0x0 0x0 0x0 0x0 0x0 0xf70007 0x24b 0x30 0x0 0xfb0002 0x0 0x1010002 0x0 0x1080004 0x0 0x0 0x0 0x0 0x0 0x0 0x10b0007 0x0 0xe8 0x0 0x1160002 0x0 0x11b0005 0x0 0x0 0x0 0x0 0x0 0x0 0x11f0005 0x0 0x0 0x0 0x0 0x0 0x0 0x1220005 0x0 0x0 0x0 0x0 0x0 0x0 0x1250002 0x0 0x12b0004 0x0 0x0 0x0 0x0 0x0 0x0 0x1300005 0x0 0x0 0x0 0x0 0x0 0x0 0x1340007 0x0 0x30 0x0 0x1380002 0x0 0x1440002 0x0 0x1490005 0x0 0x0 0x0 0x0 0x0 0x0 0x14d0005 0x0 0x0 0x0 0x0 0x0 0x0 0x1500005 0x0 0x0 0x0 0x0 0x0 0x0 0x1530002 0x0 0x1590003 0x0 0x18 0x15d0005 0x6b46 0x0 0x0 0x0 0x0 0x0 0x1600003 0x6b46 0xfffffffffffff788 0x0 0x0 0x0 0x0 0x0 0x0 0x0 0x0 0x0 0x0 0x0 0x9 0x2 0x0 0x0 oops 3 54 com/intellij/psi/impl/compiled/FirstPassData 117 com/intellij/psi/impl/compiled/FirstPassData 135 java/util/ArrayList methods 0
ciMethodData com/intellij/psi/impl/compiled/SignatureParsing$CharIterator substring (I)Ljava/lang/String; 2 3372 orig 80 0 0 0 0 0 0 0 0 0 0 0 0 116 2 0 0 0 0 0 0 0 0 0 0 0 0 0 0 0 0 0 0 0 0 0 0 0 0 0 0 0 0 0 0 0 0 0 0 0 0 0 0 0 0 0 0 0 0 0 0 0 0 0 0 0 0 0 0 0 0 0 0 0 0 0 0 0 0 0 0 data 17 0x90005 0xc88 0x0 0x0 0x0 0x0 0x0 0x0 0x0 0x0 0x0 0x0 0x0 0x9 0x2 0x0 0x0 oops 0 methods 0
ciMethodData com/intellij/util/containers/ContainerUtil emptyList ()Ljava/util/List; 2 3480 orig 80 0 0 0 0 0 0 0 0 0 0 0 0 116 2 0 0 0 0 0 0 0 0 0 0 0 0 0 0 0 0 0 0 0 0 0 0 0 0 0 0 0 0 0 0 0 0 0 0 0 0 0 0 0 0 0 0 0 0 0 0 0 0 0 0 0 0 0 0 0 0 0 0 0 0 0 0 0 0 0 0 data 16 0x2 0xc98 0x40007 0xc98 0x30 0x0 0xa0002 0x0 0x0 0x0 0x0 0x0 0x0 0x0 0x9 0x0 oops 0 methods 0
ciMethodData com/intellij/util/containers/ContainerUtilRt emptyList ()Ljava/util/List; 2 3480 orig 80 0 0 0 0 0 0 0 0 0 0 0 0 116 2 0 0 0 0 0 0 0 0 0 0 0 0 0 0 0 0 0 0 0 0 0 0 0 0 0 0 0 0 0 0 0 0 0 0 0 0 0 0 0 0 0 0 0 0 0 0 0 0 0 0 0 0 0 0 0 0 0 0 0 0 0 0 0 0 0 0 data 16 0x2 0xc98 0x40007 0xc98 0x30 0x0 0x80002 0x0 0x0 0x0 0x0 0x0 0x0 0x0 0x9 0x0 oops 0 methods 0
ciMethodData com/intellij/util/containers/ContainerUtilRt$EmptyList access$000 ()Lcom/intellij/util/containers/ContainerUtilRt$EmptyList; 2 3480 orig 80 0 0 0 0 0 0 0 0 0 0 0 0 116 2 0 0 0 0 0 0 0 0 0 0 0 0 0 0 0 0 0 0 0 0 0 0 0 0 0 0 0 0 0 0 0 0 0 0 0 0 0 0 0 0 0 0 0 0 0 0 0 0 0 0 0 0 0 0 0 0 0 0 0 0 0 0 0 0 0 0 data 4 0x0 0x0 0x9 0x0 oops 0 methods 0
ciMethodData com/intellij/psi/impl/compiled/SignatureParsing parseDimensions (Lcom/intellij/psi/impl/compiled/SignatureParsing$CharIterator;)I 2 10566 orig 80 0 0 0 0 0 0 0 0 0 0 0 0 116 2 0 0 0 0 0 0 0 0 0 0 0 0 0 0 0 0 0 0 0 0 0 0 0 0 0 0 0 0 0 0 0 0 0 0 0 0 0 0 0 0 0 0 0 0 0 0 0 0 0 0 0 0 0 0 0 0 0 0 0 0 0 0 0 0 0 0 data 30 0x30005 0x28bb 0x0 0x0 0x0 0x0 0x0 0x80007 0x283f 0x70 0x7c 0xf0005 0x7c 0x0 0x0 0x0 0x0 0x0 0x120003 0x7c 0xffffffffffffff70 0x0 0x0 0x0 0x0 0x0 0x0 0x9 0x1 0x4 oops 0 methods 0
ciMethod com/intellij/psi/impl/compiled/FirstPassData$ObjectMethod from (Ljava/lang/String;Ljava/lang/String;)Lcom/intellij/psi/impl/compiled/FirstPassData$ObjectMethod; 72 144 36 0 0
ciMethodData com/intellij/psi/impl/compiled/SignatureParsing parseTypeWithoutVarianceToTypeInfo (Lcom/intellij/psi/impl/compiled/SignatureParsing$CharIterator;Lcom/intellij/psi/impl/compiled/SignatureParsing$TypeInfoProvider;)Lcom/intellij/psi/impl/cache/TypeInfo; 2 15954 orig 80 1 0 0 0 0 0 0 0 0 0 0 0 116 2 0 0 0 0 0 0 0 0 0 0 0 0 0 0 0 0 0 0 0 0 0 0 0 0 0 1 0 0 0 0 0 0 0 0 0 0 0 0 0 0 0 0 0 0 0 0 0 0 0 0 0 0 0 0 0 0 0 0 0 0 0 0 0 0 0 0 data 164 0x10005 0x3cc6 0x0 0x0 0x0 0x0 0x0 0x8000000600040008 0x34 0x0 0x468 0x14 0x1e0 0x5 0x228 0x0 0x270 0x0 0x468 0x0 0x2b8 0x0 0x468 0x0 0x468 0xf9 0x300 0xb 0x348 0x0 0x468 0x31e2 0x1b0 0x0 0x468 0x0 0x468 0x0 0x468 0x0 0x468 0x0 0x468 0x0 0x468 0x3 0x390 0x4fd 0x1c0 0x0 0x468 0x38c 0x420 0x0 0x468 0x0 0x468 0x0 0x468 0x13c 0x3d8 0x7a0002 0x31e2 0x830002 0x4fd 0x860002 0x4fd 0x8b0005 0x14 0x0 0x0 0x0 0x0 0x0 0x950002 0x14 0x9a0005 0x5 0x0 0x0 0x0 0x0 0x0 0xa40002 0x5 0xa90005 0x0 0x0 0x0 0x0 0x0 0x0 0xb30002 0x0 0xb80005 0x0 0x0 0x0 0x0 0x0 0x0 0xc20002 0x0 0xc70005 0xf9 0x0 0x0 0x0 0x0 0x0 0xd10002 0xf9 0xd60005 0xb 0x0 0x0 0x0 0x0 0x0 0xe00002 0xb 0xe50005 0x3 0x0 0x0 0x0 0x0 0x0 0xef0002 0x3 0xf40005 0x13c 0x0 0x0 0x0 0x0 0x0 0xfe0002 0x13c 0x1030005 0x38c 0x0 0x0 0x0 0x0 0x0 0x10d0002 0x38c 0x0 0x0 0x0 0x0 0x0 0x0 0x0 0x0 0x0 0x0 0x0 0x0 0x9 0x2 0x0 0x0 oops 0 methods 0
ciMethodData com/intellij/psi/impl/compiled/SignatureParsing parseTypeVariableRefSignature (Lcom/intellij/psi/impl/compiled/SignatureParsing$CharIterator;)Ljava/lang/String; 2 1301 orig 80 0 0 0 0 0 0 0 0 0 0 0 0 116 2 0 0 0 0 0 0 0 0 0 0 0 0 0 0 0 0 0 0 0 0 0 0 0 0 0 0 0 0 0 0 0 0 0 0 0 0 0 0 0 0 0 0 0 0 0 0 0 0 0 0 0 0 0 0 0 0 0 0 0 0 0 0 0 0 0 0 data 104 0x10005 0x4fd 0x0 0x0 0x0 0x0 0x0 0x50005 0x4fd 0x0 0x0 0x0 0x0 0x0 0xa0005 0x9fa 0x0 0x0 0x0 0x0 0x0 0xf0007 0x4fd 0x120 0x4fd 0x130005 0x4fd 0x0 0x0 0x0 0x0 0x0 0x180007 0x0 0xc8 0x4fd 0x1c0005 0x4fd 0x0 0x0 0x0 0x0 0x0 0x210007 0x0 0x70 0x4fd 0x250005 0x4fd 0x0 0x0 0x0 0x0 0x0 0x280003 0x4fd 0xfffffffffffffec0 0x2d0005 0x4fd 0x0 0x0 0x0 0x0 0x0 0x320005 0x4fd 0x0 0x0 0x0 0x0 0x0 0x370007 0x4fd 0x30 0x0 0x3e0002 0x0 0x430005 0x4fd 0x0 0x0 0x0 0x0 0x0 0x480007 0x0 0x58 0x4fd 0x4c0005 0x4fd 0x0 0x0 0x0 0x0 0x0 0x0 0x0 0x0 0x0 0x0 0x0 0x9 0x1 0x0 oops 0 methods 0
ciMethodData com/intellij/psi/impl/compiled/SignatureParsing$CharIterator <init> (Ljava/lang/String;)V 2 4128 orig 80 0 0 0 0 0 0 0 0 0 0 0 0 116 2 0 0 0 0 0 0 0 0 0 0 0 0 0 0 0 0 0 0 0 0 0 0 0 0 0 0 0 0 0 0 0 0 0 0 0 0 0 0 0 0 0 0 0 0 0 0 0 0 0 0 0 0 0 0 0 0 0 0 0 0 0 0 0 0 0 0 data 19 0x10002 0xf7e 0x100005 0xf7e 0x0 0x0 0x0 0x0 0x0 0x0 0x0 0x0 0x0 0x0 0x0 0x9 0x2 0xe 0x0 oops 0 methods 0
ciMethodData com/intellij/psi/impl/compiled/SignatureParsing parseTypeStringToTypeInfo (Lcom/intellij/psi/impl/compiled/SignatureParsing$CharIterator;Lcom/intellij/psi/impl/compiled/SignatureParsing$TypeInfoProvider;)Lcom/intellij/psi/impl/cache/TypeInfo; 2 9770 orig 80 0 0 0 0 0 0 0 0 0 0 0 0 116 2 0 0 0 0 0 0 0 0 0 0 0 0 0 0 0 0 0 0 0 0 0 0 0 0 0 0 0 0 0 0 0 0 0 0 0 0 0 0 0 0 0 0 0 0 0 0 0 0 0 0 0 0 0 0 0 0 0 0 0 0 0 0 0 0 0 0 data 52 0x10007 0x2534 0x30 0x0 0x60002 0x0 0xa0007 0x2534 0x30 0x0 0xf0002 0x0 0x130002 0x2534 0x190002 0x2534 0x1e0007 0x2534 0x30 0x0 0x250002 0x0 0x2a0007 0x2534 0x70 0x77 0x310005 0x3 0x0 0x274f18bb5c0 0x69 0x274f18bb670 0xb 0x350003 0x77 0xffffffffffffffa8 0x3a0007 0x2534 0x30 0x0 0x3f0002 0x0 0x0 0x0 0x0 0x0 0x0 0x0 0x9 0x2 0xffffffffffffffff 0xffffffffffffffff oops 2 29 com/intellij/psi/impl/cache/TypeInfo$RefTypeInfo 31 com/intellij/psi/impl/cache/TypeInfo$SimpleTypeInfo methods 0
ciMethod com/intellij/psi/impl/compiled/FirstPassData$ObjectMethod $$$reportNull$$$0 (I)V 0 0 1 0 -1
ciMethod com/intellij/psi/impl/compiled/FirstPassData$ObjectMethod values ()[Lcom/intellij/psi/impl/compiled/FirstPassData$ObjectMethod; 74 0 37 0 -1
ciMethodData com/intellij/psi/impl/compiled/SignatureParsing parseTypeParametersDeclaration (Lcom/intellij/psi/impl/compiled/SignatureParsing$CharIterator;Lcom/intellij/psi/impl/compiled/SignatureParsing$TypeInfoProvider;)Lcom/intellij/psi/impl/compiled/SignatureParsing$TypeParametersDeclaration; 2 3539 orig 80 0 0 0 0 0 0 0 0 0 0 0 0 116 2 0 0 0 0 0 0 0 0 0 0 0 0 0 0 0 0 0 0 0 0 0 0 0 0 0 0 0 0 0 0 0 0 0 0 0 0 0 0 0 0 0 0 0 0 0 0 0 0 0 0 0 0 0 0 0 0 0 0 0 0 0 0 0 0 0 0 data 68 0x10005 0xcd3 0x0 0x0 0x0 0x0 0x0 0x60007 0x13b 0x50 0xb98 0xd0007 0xb98 0x30 0x0 0x110002 0x0 0x190002 0x13b 0x1e0005 0x13b 0x0 0x0 0x0 0x0 0x0 0x220005 0x332 0x0 0x0 0x0 0x0 0x0 0x270007 0x13b 0x80 0x1f7 0x2d0002 0x1f7 0x300005 0x0 0x0 0x274a31ee280 0x1f7 0x0 0x0 0x360003 0x1f7 0xffffffffffffff60 0x3a0005 0x13b 0x0 0x0 0x0 0x0 0x0 0x430002 0x13b 0x0 0x0 0x0 0x0 0x0 0x0 0x9 0x2 0x0 0x0 oops 1 42 java/util/ArrayList methods 0
ciMethodData com/intellij/psi/impl/compiled/SignatureParsing parseTypeParameter (Lcom/intellij/psi/impl/compiled/SignatureParsing$CharIterator;Lcom/intellij/psi/impl/compiled/SignatureParsing$TypeInfoProvider;)Lcom/intellij/psi/impl/compiled/SignatureParsing$TypeParameterDeclaration; 1 1049 orig 80 0 0 0 0 0 0 0 0 0 0 0 0 116 2 0 0 0 0 0 0 0 0 0 0 0 0 0 0 0 0 0 0 0 0 0 0 0 0 0 0 0 0 0 0 0 0 0 0 0 0 0 0 0 0 0 0 0 0 0 0 0 0 0 0 0 0 0 0 0 0 0 0 0 0 0 0 0 0 0 0 data 149 0x10005 0x1f7 0x0 0x0 0x0 0x0 0x0 0x60005 0x3ee 0x0 0x0 0x0 0x0 0x0 0xb0007 0x1f7 0xc8 0x1f7 0xf0005 0x1f7 0x0 0x0 0x0 0x0 0x0 0x140007 0x0 0x70 0x1f7 0x180005 0x1f7 0x0 0x0 0x0 0x0 0x0 0x1b0003 0x1f7 0xffffffffffffff18 0x200005 0x1f7 0x0 0x0 0x0 0x0 0x0 0x250005 0x1f7 0x0 0x0 0x0 0x0 0x0 0x2a0007 0x1f7 0x30 0x0 0x310002 0x0 0x370005 0x0 0x0 0x274f18bb3b0 0x1f7 0x0 0x0 0x3c0005 0x1f7 0x0 0x0 0x0 0x0 0x0 0x450002 0x1f7 0x4b0005 0x404 0x0 0x0 0x0 0x0 0x0 0x500007 0x1f7 0x148 0x20d 0x540005 0x20d 0x0 0x0 0x0 0x0 0x0 0x590002 0x20d 0x600005 0x0 0x0 0x274f18bb510 0x20d 0x0 0x0 0x650007 0x1f7 0x58 0x16 0x6a0007 0x16 0x38 0x0 0x6d0003 0x0 0xfffffffffffffee8 0x740005 0x0 0x0 0x274f18bb510 0x20d 0x0 0x0 0x7a0003 0x20d 0xfffffffffffffe98 0x880005 0x0 0x0 0x274f18bb510 0x1f7 0x0 0x0 0x8d0004 0x0 0x0 0x274f25f5eb0 0x1f7 0x0 0x0 0x910002 0x1f7 0x0 0x0 0x0 0x0 0x0 0x0 0x9 0x2 0x0 0x0 oops 5 62 com/intellij/psi/impl/compiled/FirstPassData 98 com/intellij/util/SmartList 116 com/intellij/util/SmartList 126 com/intellij/util/SmartList 133 [Lcom/intellij/psi/impl/cache/TypeInfo; methods 0
ciMethodData com/intellij/psi/impl/compiled/SignatureParsing$TypeParametersDeclaration <init> (Ljava/util/List;Lcom/intellij/psi/impl/compiled/SignatureParsing$1;)V 1 389 orig 80 0 0 0 0 0 0 0 0 0 0 0 0 116 2 0 0 0 0 0 0 0 0 0 0 0 0 0 0 0 0 0 0 0 0 0 0 0 0 0 0 0 0 0 0 0 0 0 0 0 0 0 0 0 0 0 0 0 0 0 0 0 0 0 0 0 0 0 0 0 0 0 0 0 0 0 0 0 0 0 0 data 9 0x20002 0x17b 0x0 0x0 0x9 0x3 0x6 0x0 0x0 oops 0 methods 0
ciMethodData com/intellij/util/SmartList toArray ([Ljava/lang/Object;)[Ljava/lang/Object; 2 1405 orig 80 0 0 0 0 0 0 0 0 0 0 0 0 116 2 0 0 0 0 0 0 0 0 0 0 0 0 0 0 0 0 0 0 0 0 0 0 0 0 0 0 0 0 0 0 0 0 0 0 0 0 0 0 0 0 0 0 0 0 0 0 0 0 0 0 0 0 0 0 0 0 0 0 0 0 0 0 0 0 0 0 data 102 0x10007 0x47d 0x30 0x0 0x50002 0x0 0x110008 0x6 0x37 0x160 0x0 0x40 0x446 0x58 0x2c0003 0x0 0x1e8 0x300002 0x446 0x360007 0x0 0xa8 0x446 0x3a0002 0x446 0x3e0002 0x446 0x480004 0x0 0x0 0x274f18bb5c0 0x2e1 0x274f25e53f0 0x162 0x4c0007 0x446 0x30 0x0 0x510002 0x0 0x590004 0x0 0x0 0x0 0x0 0x0 0x0 0x5a0003 0x0 0xe0 0x5f0007 0x0 0xa8 0x37 0x630002 0x37 0x680005 0x37 0x0 0x0 0x0 0x0 0x0 0x6b0002 0x37 0x6f0007 0x37 0x30 0x0 0x740002 0x0 0x790002 0x0 0x800002 0x0 0x850007 0x0 0x58 0x0 0x8b0004 0x0 0x0 0x0 0x0 0x0 0x0 0x8e0007 0x0 0x30 0x0 0x930002 0x0 0x0 0x0 0x0 0x0 0x0 0x0 0x9 0x2 0x0 0x0 oops 2 30 com/intellij/psi/impl/cache/TypeInfo$RefTypeInfo 32 com/intellij/psi/impl/file/PsiDirectoryImpl methods 0
ciMethodData com/intellij/psi/impl/compiled/SignatureParsing parseTopLevelClassRefSignatureToTypeInfo (Lcom/intellij/psi/impl/compiled/SignatureParsing$CharIterator;Lcom/intellij/psi/impl/compiled/SignatureParsing$TypeInfoProvider;)Lcom/intellij/psi/impl/cache/TypeInfo; 2 1597 orig 80 0 0 0 0 0 0 0 0 0 0 0 0 116 2 0 0 0 0 0 0 0 0 0 0 0 0 0 0 0 0 0 0 0 0 0 0 0 0 0 0 0 0 0 0 0 0 0 0 0 0 0 0 0 0 0 0 0 0 0 0 0 0 0 0 0 0 0 0 0 0 0 0 0 0 0 0 0 0 0 0 data 31 0x10005 0x53d 0x0 0x0 0x0 0x0 0x0 0x40008 0x6 0x15 0x70 0x528 0x40 0x0 0x50 0x220002 0x528 0x2b0002 0x0 0x2e0002 0x0 0x0 0x0 0x0 0x0 0x0 0x0 0x9 0x2 0xffffffffffffffff 0xffffffffffffffff oops 0 methods 0
ciMethodData com/intellij/psi/impl/compiled/SignatureParsing$TypeParameterDeclaration <init> (Ljava/lang/String;[Lcom/intellij/psi/impl/cache/TypeInfo;Lcom/intellij/psi/impl/compiled/SignatureParsing$1;)V 1 590 orig 80 0 0 0 0 0 0 0 0 0 0 0 0 116 2 0 0 0 0 0 0 0 0 0 0 0 0 0 0 0 0 0 0 0 0 0 0 0 0 0 0 0 0 0 0 0 0 0 0 0 0 0 0 0 0 0 0 0 0 0 0 0 0 0 0 0 0 0 0 0 0 0 0 0 0 0 0 0 0 0 0 data 10 0x30002 0x14e 0x0 0x0 0x9 0x4 0x6 0x0 0x0 0x0 oops 0 methods 0
compile com/intellij/psi/impl/compiled/StubBuildingVisitor visitMethod (ILjava/lang/String;Ljava/lang/String;Ljava/lang/String;[Ljava/lang/String;)Lorg/jetbrains/org/objectweb/asm/MethodVisitor; -1 4 inline 341 0 -1 com/intellij/psi/impl/compiled/StubBuildingVisitor visitMethod (ILjava/lang/String;Ljava/lang/String;Ljava/lang/String;[Ljava/lang/String;)Lorg/jetbrains/org/objectweb/asm/MethodVisitor; 1 4 com/intellij/util/BitUtil isSet (II)Z 2 1 com/intellij/util/BitUtil assertOneBitMask (I)V 1 17 java/lang/String equals (Ljava/lang/Object;)Z 1 28 java/lang/String equals (Ljava/lang/Object;)Z 1 51 com/intellij/psi/impl/java/stubs/impl/PsiClassStubImpl isEnum ()Z 2 5 com/intellij/util/BitUtil isSet (II)Z 3 1 com/intellij/util/BitUtil assertOneBitMask (I)V 1 66 java/lang/String equals (Ljava/lang/Object;)Z 1 75 java/lang/String startsWith (Ljava/lang/String;)Z 2 3 java/lang/String startsWith (Ljava/lang/String;I)Z 3 6 java/lang/String length ()I 4 6 java/lang/String coder ()B 3 10 java/lang/String length ()I 4 6 java/lang/String coder ()B 3 39 java/lang/String coder ()B 3 47 java/lang/String coder ()B 1 86 java/lang/String equals (Ljava/lang/Object;)Z 1 95 java/lang/String startsWith (Ljava/lang/String;)Z 2 3 java/lang/String startsWith (Ljava/lang/String;I)Z 3 6 java/lang/String length ()I 4 6 java/lang/String coder ()B 3 10 java/lang/String length ()I 4 6 java/lang/String coder ()B 3 39 java/lang/String coder ()B 3 47 java/lang/String coder ()B 1 109 com/intellij/psi/impl/compiled/FirstPassData isSyntheticRecordMethod (Ljava/lang/String;Ljava/lang/String;)Z 2 20 java/util/Collections$EmptySet isEmpty ()Z 1 120 com/intellij/util/BitUtil isSet (II)Z 2 1 com/intellij/util/BitUtil assertOneBitMask (I)V 1 129 com/intellij/util/BitUtil isSet (II)Z 2 1 com/intellij/util/BitUtil assertOneBitMask (I)V 1 137 com/intellij/util/BitUtil isSet (II)Z 2 1 com/intellij/util/BitUtil assertOneBitMask (I)V 1 146 com/intellij/psi/impl/java/stubs/impl/PsiClassStubImpl isAnnotationType ()Z 2 6 com/intellij/util/BitUtil isSet (II)Z 3 1 com/intellij/util/BitUtil assertOneBitMask (I)V 1 163 com/intellij/psi/impl/java/stubs/impl/PsiMethodStubImpl packFlags (ZZZZZZ)B 1 177 com/intellij/psi/impl/java/stubs/impl/PsiClassStubImpl getName ()Ljava/lang/String; 1 204 com/intellij/psi/impl/compiled/StubBuildingVisitor parseMethodSignature (Ljava/lang/String;[Ljava/lang/String;)Lcom/intellij/psi/impl/compiled/StubBuildingVisitor$MethodInfo; 2 5 com/intellij/psi/impl/compiled/StubBuildingVisitor$MethodInfo <init> (Lcom/intellij/psi/impl/compiled/StubBuildingVisitor$1;)V 3 1 com/intellij/psi/impl/compiled/StubBuildingVisitor$MethodInfo <init> ()V 4 1 java/lang/Object <init> ()V 2 14 com/intellij/psi/impl/compiled/SignatureParsing$CharIterator <init> (Ljava/lang/String;)V 3 1 java/lang/Object <init> ()V 3 16 java/lang/String length ()I 4 6 java/lang/String coder ()B 2 26 com/intellij/psi/impl/compiled/SignatureParsing parseTypeParametersDeclaration (Lcom/intellij/psi/impl/compiled/SignatureParsing$CharIterator;Lcom/intellij/psi/impl/compiled/SignatureParsing$TypeInfoProvider;)Lcom/intellij/psi/impl/compiled/SignatureParsing$TypeParametersDeclaration; 3 1 com/intellij/psi/impl/compiled/SignatureParsing$CharIterator current ()C 4 22 java/lang/String charAt (I)C 5 1 java/lang/String isLatin1 ()Z 5 12 java/lang/StringLatin1 charAt ([BI)C 5 21 java/lang/StringUTF16 charAt ([BI)C 6 2 java/lang/StringUTF16 checkIndex (I[B)V 7 2 java/lang/StringUTF16 length ([B)I 7 5 java/lang/String checkIndex (II)V 3 25 java/util/ArrayList <init> ()V 4 1 java/util/AbstractList <init> ()V 5 1 java/util/AbstractCollection <init> ()V 6 1 java/lang/Object <init> ()V 3 30 com/intellij/psi/impl/compiled/SignatureParsing$CharIterator next ()V 3 34 com/intellij/psi/impl/compiled/SignatureParsing$CharIterator current ()C 4 22 java/lang/String charAt (I)C 5 1 java/lang/String isLatin1 ()Z 5 12 java/lang/StringLatin1 charAt ([BI)C 5 21 java/lang/StringUTF16 charAt ([BI)C 6 2 java/lang/StringUTF16 checkIndex (I[B)V 7 2 java/lang/StringUTF16 length ([B)I 7 5 java/lang/String checkIndex (II)V 3 45 com/intellij/psi/impl/compiled/SignatureParsing parseTypeParameter (Lcom/intellij/psi/impl/compiled/SignatureParsing$CharIterator;Lcom/intellij/psi/impl/compiled/SignatureParsing$TypeInfoProvider;)Lcom/intellij/psi/impl/compiled/SignatureParsing$TypeParameterDeclaration; 4 1 com/intellij/psi/impl/compiled/SignatureParsing$CharIterator pos ()I 4 6 com/intellij/psi/impl/compiled/SignatureParsing$CharIterator current ()C 5 22 java/lang/String charAt (I)C 6 1 java/lang/String isLatin1 ()Z 6 12 java/lang/StringLatin1 charAt ([BI)C 6 21 java/lang/StringUTF16 charAt ([BI)C 7 2 java/lang/StringUTF16 checkIndex (I[B)V 8 2 java/lang/StringUTF16 length ([B)I 8 5 java/lang/String checkIndex (II)V 4 15 com/intellij/psi/impl/compiled/SignatureParsing$CharIterator current ()C 5 22 java/lang/String charAt (I)C 6 1 java/lang/String isLatin1 ()Z 6 12 java/lang/StringLatin1 charAt ([BI)C 6 21 java/lang/StringUTF16 charAt ([BI)C 7 2 java/lang/StringUTF16 checkIndex (I[B)V 8 2 java/lang/StringUTF16 length ([B)I 8 5 java/lang/String checkIndex (II)V 4 24 com/intellij/psi/impl/compiled/SignatureParsing$CharIterator next ()V 4 32 com/intellij/psi/impl/compiled/SignatureParsing$CharIterator substring (I)Ljava/lang/String; 5 9 java/lang/String substring (II)Ljava/lang/String; 6 1 java/lang/String length ()I 7 6 java/lang/String coder ()B 6 8 java/lang/String checkBoundsBeginEnd (III)V 6 28 java/lang/String isLatin1 ()Z 6 41 java/lang/StringLatin1 newString ([BII)Ljava/lang/String; 7 16 java/util/Arrays copyOfRange ([BII)[B 7 20 java/lang/String <init> ([BB)V 8 1 java/lang/Object <init> ()V 4 37 com/intellij/psi/impl/compiled/SignatureParsing$CharIterator current ()C 5 22 java/lang/String charAt (I)C 6 1 java/lang/String isLatin1 ()Z 6 12 java/lang/StringLatin1 charAt ([BI)C 6 21 java/lang/StringUTF16 charAt ([BI)C 7 2 java/lang/StringUTF16 checkIndex (I[B)V 8 2 java/lang/StringUTF16 length ([B)I 8 5 java/lang/String checkIndex (II)V 4 60 com/intellij/psi/impl/cache/TypeInfo text ()Ljava/lang/String; 4 69 com/intellij/util/SmartList <init> ()V 5 1 java/util/AbstractList <init> ()V 6 1 java/util/AbstractCollection <init> ()V 7 1 java/lang/Object <init> ()V 4 75 com/intellij/psi/impl/compiled/SignatureParsing$CharIterator current ()C 5 22 java/lang/String charAt (I)C 6 1 java/lang/String isLatin1 ()Z 6 12 java/lang/StringLatin1 charAt ([BI)C 6 21 java/lang/StringUTF16 charAt ([BI)C 7 2 java/lang/StringUTF16 checkIndex (I[B)V 8 2 java/lang/StringUTF16 length ([B)I 8 5 java/lang/String checkIndex (II)V 4 84 com/intellij/psi/impl/compiled/SignatureParsing$CharIterator next ()V 4 96 java/util/AbstractCollection isEmpty ()Z 5 1 com/intellij/util/SmartList size ()I 3 48 java/util/ArrayList add (Ljava/lang/Object;)Z 4 20 java/util/ArrayList add (Ljava/lang/Object;[Ljava/lang/Object;I)V 5 7 java/util/ArrayList grow ()[Ljava/lang/Object; 6 7 java/util/ArrayList grow (I)[Ljava/lang/Object; 7 27 jdk/internal/util/ArraysSupport newLength (III)I 7 37 java/util/Arrays copyOf ([Ljava/lang/Object;I)[Ljava/lang/Object; 3 58 com/intellij/psi/impl/compiled/SignatureParsing$CharIterator next ()V 2 29 com/intellij/psi/impl/compiled/StubBuildingVisitor$MethodInfo access$1102 (Lcom/intellij/psi/impl/compiled/StubBuildingVisitor$MethodInfo;Lcom/intellij/psi/impl/compiled/SignatureParsing$TypeParametersDeclaration;)Lcom/intellij/psi/impl/compiled/SignatureParsing$TypeParametersDeclaration; 2 35 com/intellij/psi/impl/compiled/SignatureParsing$CharIterator current ()C 3 22 java/lang/String charAt (I)C 4 1 java/lang/String isLatin1 ()Z 4 12 java/lang/StringLatin1 charAt ([BI)C 4 21 java/lang/StringUTF16 charAt ([BI)C 5 2 java/lang/StringUTF16 checkIndex (I[B)V 6 2 java/lang/StringUTF16 length ([B)I 6 5 java/lang/String checkIndex (II)V 2 53 com/intellij/psi/impl/compiled/SignatureParsing$CharIterator next ()V 2 58 com/intellij/psi/impl/compiled/SignatureParsing$CharIterator current ()C 3 22 java/lang/String charAt (I)C 4 1 java/lang/String isLatin1 ()Z 4 12 java/lang/StringLatin1 charAt ([BI)C 4 21 java/lang/StringUTF16 charAt ([BI)C 5 2 java/lang/StringUTF16 checkIndex (I[B)V 6 2 java/lang/StringUTF16 length ([B)I 6 5 java/lang/String checkIndex (II)V 2 67 com/intellij/util/containers/ContainerUtil emptyList ()Ljava/util/List; 3 0 com/intellij/util/containers/ContainerUtilRt emptyList ()Ljava/util/List; 4 0 com/intellij/util/containers/ContainerUtilRt$EmptyList access$000 ()Lcom/intellij/util/containers/ContainerUtilRt$EmptyList; 2 70 com/intellij/psi/impl/compiled/StubBuildingVisitor$MethodInfo access$702 (Lcom/intellij/psi/impl/compiled/StubBuildingVisitor$MethodInfo;Ljava/util/List;)Ljava/util/List; 2 82 com/intellij/util/SmartList <init> ()V 3 1 java/util/AbstractList <init> ()V 4 1 java/util/AbstractCollection <init> ()V 5 1 java/lang/Object <init> ()V 2 85 com/intellij/psi/impl/compiled/StubBuildingVisitor$MethodInfo access$702 (Lcom/intellij/psi/impl/compiled/StubBuildingVisitor$MethodInfo;Ljava/util/List;)Ljava/util/List; 2 91 com/intellij/psi/impl/compiled/SignatureParsing$CharIterator current ()C 3 22 java/lang/String charAt (I)C 4 1 java/lang/String isLatin1 ()Z 4 12 java/lang/StringLatin1 charAt ([BI)C 4 21 java/lang/StringUTF16 charAt ([BI)C 5 2 java/lang/StringUTF16 checkIndex (I[B)V 6 2 java/lang/StringUTF16 length ([B)I 6 5 java/lang/String checkIndex (II)V 2 101 com/intellij/psi/impl/compiled/SignatureParsing$CharIterator current ()C 3 22 java/lang/String charAt (I)C 4 1 java/lang/String isLatin1 ()Z 4 12 java/lang/StringLatin1 charAt ([BI)C 4 21 java/lang/StringUTF16 charAt ([BI)C 5 2 java/lang/StringUTF16 checkIndex (I[B)V 6 2 java/lang/StringUTF16 length ([B)I 6 5 java/lang/String checkIndex (II)V 2 110 com/intellij/psi/impl/compiled/StubBuildingVisitor$MethodInfo access$700 (Lcom/intellij/psi/impl/compiled/StubBuildingVisitor$MethodInfo;)Ljava/util/List; 2 119 com/intellij/psi/impl/compiled/SignatureParsing parseTypeStringToTypeInfo (Lcom/intellij/psi/impl/compiled/SignatureParsing$CharIterator;Lcom/intellij/psi/impl/compiled/SignatureParsing$TypeInfoProvider;)Lcom/intellij/psi/impl/cache/TypeInfo; 3 19 com/intellij/psi/impl/compiled/SignatureParsing parseDimensions (Lcom/intellij/psi/impl/compiled/SignatureParsing$CharIterator;)I 4 3 com/intellij/psi/impl/compiled/SignatureParsing$CharIterator current ()C 5 22 java/lang/String charAt (I)C 6 1 java/lang/String isLatin1 ()Z 6 12 java/lang/StringLatin1 charAt ([BI)C 6 21 java/lang/StringUTF16 charAt ([BI)C 7 2 java/lang/StringUTF16 checkIndex (I[B)V 8 2 java/lang/StringUTF16 length ([B)I 8 5 java/lang/String checkIndex (II)V 4 15 com/intellij/psi/impl/compiled/SignatureParsing$CharIterator next ()V 3 25 com/intellij/psi/impl/compiled/SignatureParsing parseTypeWithoutVarianceToTypeInfo (Lcom/intellij/psi/impl/compiled/SignatureParsing$CharIterator;Lcom/intellij/psi/impl/compiled/SignatureParsing$TypeInfoProvider;)Lcom/intellij/psi/impl/cache/TypeInfo; 4 1 com/intellij/psi/impl/compiled/SignatureParsing$CharIterator current ()C 5 22 java/lang/String charAt (I)C 6 1 java/lang/String isLatin1 ()Z 6 12 java/lang/StringLatin1 charAt ([BI)C 6 21 java/lang/StringUTF16 charAt ([BI)C 7 2 java/lang/StringUTF16 checkIndex (I[B)V 8 2 java/lang/StringUTF16 length ([B)I 8 5 java/lang/String checkIndex (II)V 4 244 com/intellij/psi/impl/compiled/SignatureParsing$CharIterator next ()V 4 254 com/intellij/psi/impl/cache/TypeInfo$SimpleTypeInfo <init> (Lcom/intellij/psi/impl/cache/TypeInfo$TypeKind;)V 5 11 com/intellij/psi/impl/cache/TypeInfo <init> (Lcom/intellij/psi/impl/cache/TypeInfo$TypeKind;Lcom/intellij/psi/impl/cache/TypeInfo$1;)V 6 2 com/intellij/psi/impl/cache/TypeInfo <init> (Lcom/intellij/psi/impl/cache/TypeInfo$TypeKind;)V 7 9 java/lang/Object <init> ()V 5 15 com/intellij/psi/impl/cache/TypeInfo$TypeKind isDerived ()Z 6 1 java/lang/Enum ordinal ()I 6 7 java/lang/Enum ordinal ()I 6 14 java/lang/Enum ordinal ()I 6 20 java/lang/Enum ordinal ()I 5 22 com/intellij/psi/impl/cache/TypeInfo$TypeKind isReference ()Z 6 1 java/lang/Enum ordinal ()I 6 7 java/lang/Enum ordinal ()I 6 14 java/lang/Enum ordinal ()I 6 20 java/lang/Enum ordinal ()I 4 259 com/intellij/psi/impl/compiled/SignatureParsing$CharIterator next ()V 4 269 com/intellij/psi/impl/cache/TypeInfo$SimpleTypeInfo <init> (Lcom/intellij/psi/impl/cache/TypeInfo$TypeKind;)V 5 11 com/intellij/psi/impl/cache/TypeInfo <init> (Lcom/intellij/psi/impl/cache/TypeInfo$TypeKind;Lcom/intellij/psi/impl/cache/TypeInfo$1;)V 6 2 com/intellij/psi/impl/cache/TypeInfo <init> (Lcom/intellij/psi/impl/cache/TypeInfo$TypeKind;)V 7 9 java/lang/Object <init> ()V 5 15 com/intellij/psi/impl/cache/TypeInfo$TypeKind isDerived ()Z 6 1 java/lang/Enum ordinal ()I 6 7 java/lang/Enum ordinal ()I 6 14 java/lang/Enum ordinal ()I 6 20 java/lang/Enum ordinal ()I 5 22 com/intellij/psi/impl/cache/TypeInfo$TypeKind isReference ()Z 6 1 java/lang/Enum ordinal ()I 6 7 java/lang/Enum ordinal ()I 6 14 java/lang/Enum ordinal ()I 6 20 java/lang/Enum ordinal ()I 4 131 com/intellij/psi/impl/compiled/SignatureParsing parseTypeVariableRefSignature (Lcom/intellij/psi/impl/compiled/SignatureParsing$CharIterator;)Ljava/lang/String; 5 1 com/intellij/psi/impl/compiled/SignatureParsing$CharIterator next ()V 5 5 com/intellij/psi/impl/compiled/SignatureParsing$CharIterator pos ()I 5 10 com/intellij/psi/impl/compiled/SignatureParsing$CharIterator current ()C 6 22 java/lang/String charAt (I)C 7 1 java/lang/String isLatin1 ()Z 7 12 java/lang/StringLatin1 charAt ([BI)C 7 21 java/lang/StringUTF16 charAt ([BI)C 8 2 java/lang/StringUTF16 checkIndex (I[B)V 9 2 java/lang/StringUTF16 length ([B)I 9 5 java/lang/String checkIndex (II)V 5 19 com/intellij/psi/impl/compiled/SignatureParsing$CharIterator current ()C 6 22 java/lang/String charAt (I)C 7 1 java/lang/String isLatin1 ()Z 7 12 java/lang/StringLatin1 charAt ([BI)C 7 21 java/lang/StringUTF16 charAt ([BI)C 8 2 java/lang/StringUTF16 checkIndex (I[B)V 9 2 java/lang/StringUTF16 length ([B)I 9 5 java/lang/String checkIndex (II)V 5 28 com/intellij/psi/impl/compiled/SignatureParsing$CharIterator current ()C 6 22 java/lang/String charAt (I)C 7 1 java/lang/String isLatin1 ()Z 7 12 java/lang/StringLatin1 charAt ([BI)C 7 21 java/lang/StringUTF16 charAt ([BI)C 8 2 java/lang/StringUTF16 checkIndex (I[B)V 9 2 java/lang/StringUTF16 length ([B)I 9 5 java/lang/String checkIndex (II)V 5 37 com/intellij/psi/impl/compiled/SignatureParsing$CharIterator next ()V 5 45 com/intellij/psi/impl/compiled/SignatureParsing$CharIterator substring (I)Ljava/lang/String; 6 9 java/lang/String substring (II)Ljava/lang/String; 7 1 java/lang/String length ()I 8 6 java/lang/String coder ()B 7 8 java/lang/String checkBoundsBeginEnd (III)V 7 28 java/lang/String isLatin1 ()Z 7 41 java/lang/StringLatin1 newString ([BII)Ljava/lang/String; 8 16 java/util/Arrays copyOfRange ([BII)[B 8 20 java/lang/String <init> ([BB)V 9 1 java/lang/Object <init> ()V 5 50 com/intellij/psi/impl/compiled/SignatureParsing$CharIterator current ()C 6 22 java/lang/String charAt (I)C 7 1 java/lang/String isLatin1 ()Z 7 12 java/lang/StringLatin1 charAt ([BI)C 7 21 java/lang/StringUTF16 charAt ([BI)C 8 2 java/lang/StringUTF16 checkIndex (I[B)V 9 2 java/lang/StringUTF16 length ([B)I 9 5 java/lang/String checkIndex (II)V 5 67 com/intellij/psi/impl/compiled/SignatureParsing$CharIterator current ()C 6 22 java/lang/String charAt (I)C 7 1 java/lang/String isLatin1 ()Z 7 12 java/lang/StringLatin1 charAt ([BI)C 7 21 java/lang/StringUTF16 charAt ([BI)C 8 2 java/lang/StringUTF16 checkIndex (I[B)V 9 2 java/lang/StringUTF16 length ([B)I 9 5 java/lang/String checkIndex (II)V 5 76 com/intellij/psi/impl/compiled/SignatureParsing$CharIterator next ()V 4 134 com/intellij/psi/impl/cache/TypeInfo$RefTypeInfo <init> (Ljava/lang/String;)V 4 229 com/intellij/psi/impl/compiled/SignatureParsing$CharIterator next ()V 4 239 com/intellij/psi/impl/cache/TypeInfo$SimpleTypeInfo <init> (Lcom/intellij/psi/impl/cache/TypeInfo$TypeKind;)V 5 11 com/intellij/psi/impl/cache/TypeInfo <init> (Lcom/intellij/psi/impl/cache/TypeInfo$TypeKind;Lcom/intellij/psi/impl/cache/TypeInfo$1;)V 6 2 com/intellij/psi/impl/cache/TypeInfo <init> (Lcom/intellij/psi/impl/cache/TypeInfo$TypeKind;)V 7 9 java/lang/Object <init> ()V 5 15 com/intellij/psi/impl/cache/TypeInfo$TypeKind isDerived ()Z 6 1 java/lang/Enum ordinal ()I 6 7 java/lang/Enum ordinal ()I 6 14 java/lang/Enum ordinal ()I 6 20 java/lang/Enum ordinal ()I 5 22 com/intellij/psi/impl/cache/TypeInfo$TypeKind isReference ()Z 6 1 java/lang/Enum ordinal ()I 6 7 java/lang/Enum ordinal ()I 6 14 java/lang/Enum ordinal ()I 6 20 java/lang/Enum ordinal ()I 4 214 com/intellij/psi/impl/compiled/SignatureParsing$CharIterator next ()V 4 224 com/intellij/psi/impl/cache/TypeInfo$SimpleTypeInfo <init> (Lcom/intellij/psi/impl/cache/TypeInfo$TypeKind;)V 5 11 com/intellij/psi/impl/cache/TypeInfo <init> (Lcom/intellij/psi/impl/cache/TypeInfo$TypeKind;Lcom/intellij/psi/impl/cache/TypeInfo$1;)V 6 2 com/intellij/psi/impl/cache/TypeInfo <init> (Lcom/intellij/psi/impl/cache/TypeInfo$TypeKind;)V 7 9 java/lang/Object <init> ()V 5 15 com/intellij/psi/impl/cache/TypeInfo$TypeKind isDerived ()Z 6 1 java/lang/Enum ordinal ()I 6 7 java/lang/Enum ordinal ()I 6 14 java/lang/Enum ordinal ()I 6 20 java/lang/Enum ordinal ()I 5 22 com/intellij/psi/impl/cache/TypeInfo$TypeKind isReference ()Z 6 1 java/lang/Enum ordinal ()I 6 7 java/lang/Enum ordinal ()I 6 14 java/lang/Enum ordinal ()I 6 20 java/lang/Enum ordinal ()I 4 199 com/intellij/psi/impl/compiled/SignatureParsing$CharIterator next ()V 4 209 com/intellij/psi/impl/cache/TypeInfo$SimpleTypeInfo <init> (Lcom/intellij/psi/impl/cache/TypeInfo$TypeKind;)V 5 11 com/intellij/psi/impl/cache/TypeInfo <init> (Lcom/intellij/psi/impl/cache/TypeInfo$TypeKind;Lcom/intellij/psi/impl/cache/TypeInfo$1;)V 6 2 com/intellij/psi/impl/cache/TypeInfo <init> (Lcom/intellij/psi/impl/cache/TypeInfo$TypeKind;)V 7 9 java/lang/Object <init> ()V 5 15 com/intellij/psi/impl/cache/TypeInfo$TypeKind isDerived ()Z 6 1 java/lang/Enum ordinal ()I 6 7 java/lang/Enum ordinal ()I 6 14 java/lang/Enum ordinal ()I 6 20 java/lang/Enum ordinal ()I 5 22 com/intellij/psi/impl/cache/TypeInfo$TypeKind isReference ()Z 6 1 java/lang/Enum ordinal ()I 6 7 java/lang/Enum ordinal ()I 6 14 java/lang/Enum ordinal ()I 6 20 java/lang/Enum ordinal ()I 4 154 com/intellij/psi/impl/compiled/SignatureParsing$CharIterator next ()V 4 164 com/intellij/psi/impl/cache/TypeInfo$SimpleTypeInfo <init> (Lcom/intellij/psi/impl/cache/TypeInfo$TypeKind;)V 5 11 com/intellij/psi/impl/cache/TypeInfo <init> (Lcom/intellij/psi/impl/cache/TypeInfo$TypeKind;Lcom/intellij/psi/impl/cache/TypeInfo$1;)V 6 2 com/intellij/psi/impl/cache/TypeInfo <init> (Lcom/intellij/psi/impl/cache/TypeInfo$TypeKind;)V 7 9 java/lang/Object <init> ()V 5 15 com/intellij/psi/impl/cache/TypeInfo$TypeKind isDerived ()Z 6 1 java/lang/Enum ordinal ()I 6 7 java/lang/Enum ordinal ()I 6 14 java/lang/Enum ordinal ()I 6 20 java/lang/Enum ordinal ()I 5 22 com/intellij/psi/impl/cache/TypeInfo$TypeKind isReference ()Z 6 1 java/lang/Enum ordinal ()I 6 7 java/lang/Enum ordinal ()I 6 14 java/lang/Enum ordinal ()I 6 20 java/lang/Enum ordinal ()I 4 139 com/intellij/psi/impl/compiled/SignatureParsing$CharIterator next ()V 2 235 com/intellij/psi/impl/compiled/StubBuildingVisitor$MethodInfo access$800 (Lcom/intellij/psi/impl/compiled/StubBuildingVisitor$MethodInfo;)Ljava/util/List;
